DEPTH = 16384;
WIDTH = 8;
ADDRESS_RADIX = HEX;
DATA_RADIX = HEX;
CONTENT BEGIN
  0000 : 00;
  0001 : 00;
  0002 : 00;
  0003 : 00;
  0004 : 00;
  0005 : 00;
  0006 : 00;
  0007 : 00;
  0008 : 00;
  0009 : 00;
  000A : 00;
  000B : 00;
  000C : 00;
  000D : 00;
  000E : 00;
  000F : 00;
  0010 : 00;
  0011 : 00;
  0012 : 00;
  0013 : 00;
  0014 : 00;
  0015 : 00;
  0016 : 00;
  0017 : 00;
  0018 : 00;
  0019 : 00;
  001A : 00;
  001B : 00;
  001C : 00;
  001D : 00;
  001E : 00;
  001F : 00;
  0020 : 00;
  0021 : 00;
  0022 : 00;
  0023 : 00;
  0024 : 01;
  0025 : 01;
  0026 : 01;
  0027 : 01;
  0028 : 01;
  0029 : 01;
  002A : 01;
  002B : 00;
  002C : 00;
  002D : 00;
  002E : 00;
  002F : 00;
  0030 : 00;
  0031 : 00;
  0032 : 00;
  0033 : 01;
  0034 : FF;
  0035 : FF;
  0036 : FF;
  0037 : FF;
  0038 : FF;
  0039 : FF;
  003A : 00;
  003B : 01;
  003C : 00;
  003D : 00;
  003E : 00;
  003F : 00;
  0040 : 00;
  0041 : 00;
  0042 : 01;
  0043 : FF;
  0044 : 88;
  0045 : 88;
  0046 : 88;
  0047 : 88;
  0048 : 88;
  0049 : 88;
  004A : 88;
  004B : FF;
  004C : 01;
  004D : 00;
  004E : 00;
  004F : 00;
  0050 : 00;
  0051 : 00;
  0052 : 01;
  0053 : 01;
  0054 : 88;
  0055 : 88;
  0056 : 88;
  0057 : 88;
  0058 : 88;
  0059 : 88;
  005A : 88;
  005B : 01;
  005C : 01;
  005D : 00;
  005E : 00;
  005F : 00;
  0060 : 00;
  0061 : 00;
  0062 : 01;
  0063 : FF;
  0064 : 01;
  0065 : 01;
  0066 : 01;
  0067 : 01;
  0068 : 01;
  0069 : 01;
  006A : 01;
  006B : FF;
  006C : 01;
  006D : 00;
  006E : 00;
  006F : 00;
  0070 : 00;
  0071 : 00;
  0072 : 01;
  0073 : FF;
  0074 : FF;
  0075 : FF;
  0076 : FF;
  0077 : FF;
  0078 : FF;
  0079 : FF;
  007A : FF;
  007B : FF;
  007C : 01;
  007D : 00;
  007E : 00;
  007F : 00;
  0080 : 00;
  0081 : 00;
  0082 : 00;
  0083 : 01;
  0084 : FF;
  0085 : FF;
  0086 : FF;
  0087 : FF;
  0088 : FF;
  0089 : FF;
  008A : FF;
  008B : 01;
  008C : 00;
  008D : 00;
  008E : 00;
  008F : 00;
  0090 : 00;
  0091 : 00;
  0092 : 00;
  0093 : 01;
  0094 : FF;
  0095 : FF;
  0096 : FF;
  0097 : FF;
  0098 : FF;
  0099 : FF;
  009A : FF;
  009B : 01;
  009C : 00;
  009D : 00;
  009E : 00;
  009F : 00;
  00A0 : 00;
  00A1 : 00;
  00A2 : 00;
  00A3 : 00;
  00A4 : 01;
  00A5 : 01;
  00A6 : FF;
  00A7 : FF;
  00A8 : FF;
  00A9 : 01;
  00AA : 01;
  00AB : 00;
  00AC : 00;
  00AD : 00;
  00AE : 00;
  00AF : 00;
  00B0 : 00;
  00B1 : 00;
  00B2 : 00;
  00B3 : 00;
  00B4 : 00;
  00B5 : 00;
  00B6 : 01;
  00B7 : 01;
  00B8 : 01;
  00B9 : 00;
  00BA : 00;
  00BB : 00;
  00BC : 00;
  00BD : 00;
  00BE : 00;
  00BF : 00;
  00C0 : 00;
  00C1 : 00;
  00C2 : 00;
  00C3 : 00;
  00C4 : 00;
  00C5 : 00;
  00C6 : 00;
  00C7 : 00;
  00C8 : 00;
  00C9 : 00;
  00CA : 00;
  00CB : 00;
  00CC : 00;
  00CD : 00;
  00CE : 00;
  00CF : 00;
  00D0 : 00;
  00D1 : 00;
  00D2 : 00;
  00D3 : 00;
  00D4 : 00;
  00D5 : 00;
  00D6 : 00;
  00D7 : 00;
  00D8 : 00;
  00D9 : 00;
  00DA : 00;
  00DB : 00;
  00DC : 00;
  00DD : 00;
  00DE : 00;
  00DF : 00;
  00E0 : 00;
  00E1 : 00;
  00E2 : 00;
  00E3 : 00;
  00E4 : 00;
  00E5 : 00;
  00E6 : 00;
  00E7 : 00;
  00E8 : 00;
  00E9 : 00;
  00EA : 00;
  00EB : 00;
  00EC : 00;
  00ED : 00;
  00EE : 00;
  00EF : 00;
  00F0 : 00;
  00F1 : 00;
  00F2 : 00;
  00F3 : 00;
  00F4 : 00;
  00F5 : 00;
  00F6 : 00;
  00F7 : 00;
  00F8 : 00;
  00F9 : 00;
  00FA : 00;
  00FB : 00;
  00FC : 00;
  00FD : 00;
  00FE : 00;
  00FF : 00;
  0100 : 00;
  0101 : 00;
  0102 : 00;
  0103 : 00;
  0104 : 00;
  0105 : 00;
  0106 : 00;
  0107 : 00;
  0108 : 00;
  0109 : 00;
  010A : 00;
  010B : 00;
  010C : 00;
  010D : 00;
  010E : 00;
  010F : 00;
  0110 : 00;
  0111 : 00;
  0112 : 00;
  0113 : E0;
  0114 : 00;
  0115 : 00;
  0116 : 00;
  0117 : 00;
  0118 : 00;
  0119 : E0;
  011A : 00;
  011B : 00;
  011C : 00;
  011D : 00;
  011E : 00;
  011F : 00;
  0120 : 00;
  0121 : 00;
  0122 : 00;
  0123 : 00;
  0124 : E0;
  0125 : 00;
  0126 : E0;
  0127 : 00;
  0128 : E0;
  0129 : 00;
  012A : 00;
  012B : 00;
  012C : 00;
  012D : 00;
  012E : 00;
  012F : 00;
  0130 : 00;
  0131 : 00;
  0132 : 00;
  0133 : 00;
  0134 : 00;
  0135 : E0;
  0136 : E0;
  0137 : E0;
  0138 : 00;
  0139 : 00;
  013A : 00;
  013B : 00;
  013C : 00;
  013D : 00;
  013E : 00;
  013F : 00;
  0140 : 00;
  0141 : 00;
  0142 : E0;
  0143 : E0;
  0144 : E0;
  0145 : E0;
  0146 : B4;
  0147 : E0;
  0148 : E0;
  0149 : E0;
  014A : E0;
  014B : 00;
  014C : 00;
  014D : 00;
  014E : 00;
  014F : 00;
  0150 : 00;
  0151 : 00;
  0152 : 00;
  0153 : 00;
  0154 : 00;
  0155 : E0;
  0156 : E0;
  0157 : E0;
  0158 : 00;
  0159 : 00;
  015A : 00;
  015B : 00;
  015C : 00;
  015D : 00;
  015E : 00;
  015F : 00;
  0160 : 00;
  0161 : 00;
  0162 : 00;
  0163 : 00;
  0164 : E0;
  0165 : 3C;
  0166 : E0;
  0167 : 00;
  0168 : E0;
  0169 : 00;
  016A : 00;
  016B : 00;
  016C : 00;
  016D : 00;
  016E : 00;
  016F : 00;
  0170 : 00;
  0171 : 00;
  0172 : 00;
  0173 : E0;
  0174 : 00;
  0175 : 3C;
  0176 : 3C;
  0177 : 00;
  0178 : 00;
  0179 : E0;
  017A : 00;
  017B : 00;
  017C : 00;
  017D : 00;
  017E : 00;
  017F : 00;
  0180 : 00;
  0181 : 00;
  0182 : 00;
  0183 : 00;
  0184 : 00;
  0185 : 3C;
  0186 : 3C;
  0187 : 00;
  0188 : 00;
  0189 : 00;
  018A : 00;
  018B : 00;
  018C : 00;
  018D : 00;
  018E : 00;
  018F : 00;
  0190 : 00;
  0191 : 00;
  0192 : 00;
  0193 : 00;
  0194 : 00;
  0195 : 00;
  0196 : 3C;
  0197 : 3C;
  0198 : 00;
  0199 : 00;
  019A : 00;
  019B : 00;
  019C : 00;
  019D : 00;
  019E : 00;
  019F : 00;
  01A0 : 00;
  01A1 : 00;
  01A2 : 00;
  01A3 : 00;
  01A4 : 00;
  01A5 : 00;
  01A6 : 3C;
  01A7 : 3C;
  01A8 : 00;
  01A9 : 00;
  01AA : 00;
  01AB : 00;
  01AC : 00;
  01AD : 00;
  01AE : 00;
  01AF : 00;
  01B0 : 00;
  01B1 : 00;
  01B2 : 00;
  01B3 : 00;
  01B4 : 00;
  01B5 : 00;
  01B6 : 00;
  01B7 : 3C;
  01B8 : 3C;
  01B9 : 00;
  01BA : 00;
  01BB : 00;
  01BC : 00;
  01BD : 00;
  01BE : 00;
  01BF : 00;
  01C0 : 00;
  01C1 : 00;
  01C2 : 00;
  01C3 : 00;
  01C4 : 00;
  01C5 : 00;
  01C6 : 00;
  01C7 : 3C;
  01C8 : 3C;
  01C9 : 00;
  01CA : 00;
  01CB : 00;
  01CC : 00;
  01CD : 00;
  01CE : 00;
  01CF : 00;
  01D0 : 00;
  01D1 : 00;
  01D2 : 00;
  01D3 : 00;
  01D4 : 00;
  01D5 : 00;
  01D6 : 00;
  01D7 : 00;
  01D8 : 3C;
  01D9 : 3C;
  01DA : 00;
  01DB : 00;
  01DC : 00;
  01DD : 00;
  01DE : 00;
  01DF : 00;
  01E0 : 00;
  01E1 : 00;
  01E2 : 00;
  01E3 : 00;
  01E4 : 00;
  01E5 : 00;
  01E6 : 00;
  01E7 : 00;
  01E8 : 3C;
  01E9 : 3C;
  01EA : 00;
  01EB : 00;
  01EC : 00;
  01ED : 00;
  01EE : 00;
  01EF : 00;
  01F0 : 00;
  01F1 : 00;
  01F2 : 00;
  01F3 : 00;
  01F4 : 00;
  01F5 : 00;
  01F6 : 00;
  01F7 : 00;
  01F8 : 00;
  01F9 : 00;
  01FA : 00;
  01FB : 00;
  01FC : 00;
  01FD : 00;
  01FE : 00;
  01FF : 00;
  0200 : 00;
  0201 : 00;
  0202 : 00;
  0203 : 00;
  0204 : 00;
  0205 : 00;
  0206 : 00;
  0207 : 00;
  0208 : 00;
  0209 : 00;
  020A : 00;
  020B : 00;
  020C : 00;
  020D : 00;
  020E : 00;
  020F : 00;
  0210 : 00;
  0211 : 00;
  0212 : 00;
  0213 : 00;
  0214 : 00;
  0215 : 00;
  0216 : 00;
  0217 : 00;
  0218 : 00;
  0219 : 00;
  021A : 00;
  021B : 00;
  021C : 00;
  021D : 00;
  021E : 00;
  021F : 00;
  0220 : 00;
  0221 : 00;
  0222 : 00;
  0223 : 00;
  0224 : 01;
  0225 : 01;
  0226 : 01;
  0227 : 01;
  0228 : 01;
  0229 : 01;
  022A : 01;
  022B : 00;
  022C : 00;
  022D : 00;
  022E : 00;
  022F : 00;
  0230 : 00;
  0231 : 00;
  0232 : 00;
  0233 : 01;
  0234 : FF;
  0235 : FF;
  0236 : FF;
  0237 : FF;
  0238 : FF;
  0239 : FF;
  023A : 00;
  023B : 01;
  023C : 00;
  023D : 00;
  023E : 00;
  023F : 00;
  0240 : 00;
  0241 : 00;
  0242 : 01;
  0243 : FF;
  0244 : 88;
  0245 : 88;
  0246 : 88;
  0247 : 88;
  0248 : 88;
  0249 : 88;
  024A : 88;
  024B : FF;
  024C : 01;
  024D : 00;
  024E : 00;
  024F : 00;
  0250 : 00;
  0251 : 00;
  0252 : 01;
  0253 : 01;
  0254 : 88;
  0255 : 88;
  0256 : 88;
  0257 : 88;
  0258 : 88;
  0259 : 88;
  025A : 88;
  025B : 01;
  025C : 01;
  025D : 00;
  025E : 00;
  025F : 00;
  0260 : 00;
  0261 : 00;
  0262 : 01;
  0263 : FF;
  0264 : 01;
  0265 : 01;
  0266 : 01;
  0267 : 01;
  0268 : 01;
  0269 : 01;
  026A : 01;
  026B : FF;
  026C : 01;
  026D : 00;
  026E : 00;
  026F : 00;
  0270 : 00;
  0271 : 00;
  0272 : 01;
  0273 : FF;
  0274 : FF;
  0275 : FF;
  0276 : FF;
  0277 : FF;
  0278 : FF;
  0279 : FF;
  027A : FF;
  027B : FF;
  027C : 01;
  027D : 00;
  027E : 00;
  027F : 00;
  0280 : 00;
  0281 : 00;
  0282 : 00;
  0283 : 01;
  0284 : FF;
  0285 : FF;
  0286 : FF;
  0287 : FF;
  0288 : FF;
  0289 : FF;
  028A : FF;
  028B : 01;
  028C : 00;
  028D : 00;
  028E : 00;
  028F : 00;
  0290 : 00;
  0291 : 00;
  0292 : 00;
  0293 : 01;
  0294 : FF;
  0295 : FF;
  0296 : FF;
  0297 : FF;
  0298 : FF;
  0299 : FF;
  029A : FF;
  029B : 01;
  029C : 00;
  029D : 00;
  029E : 00;
  029F : 00;
  02A0 : 00;
  02A1 : 00;
  02A2 : 00;
  02A3 : 00;
  02A4 : 01;
  02A5 : 01;
  02A6 : FF;
  02A7 : FF;
  02A8 : FF;
  02A9 : 01;
  02AA : 01;
  02AB : 00;
  02AC : 00;
  02AD : 00;
  02AE : 00;
  02AF : 00;
  02B0 : 00;
  02B1 : 00;
  02B2 : 00;
  02B3 : 00;
  02B4 : 00;
  02B5 : 00;
  02B6 : 01;
  02B7 : 01;
  02B8 : 01;
  02B9 : 00;
  02BA : 00;
  02BB : 00;
  02BC : 00;
  02BD : 00;
  02BE : 00;
  02BF : 00;
  02C0 : 00;
  02C1 : 00;
  02C2 : 00;
  02C3 : 00;
  02C4 : 00;
  02C5 : 00;
  02C6 : 00;
  02C7 : 00;
  02C8 : 00;
  02C9 : 00;
  02CA : 00;
  02CB : 00;
  02CC : 00;
  02CD : 00;
  02CE : 00;
  02CF : 00;
  02D0 : 00;
  02D1 : 00;
  02D2 : 00;
  02D3 : 00;
  02D4 : 00;
  02D5 : 00;
  02D6 : 00;
  02D7 : 00;
  02D8 : 00;
  02D9 : 00;
  02DA : 00;
  02DB : 00;
  02DC : 00;
  02DD : 00;
  02DE : 00;
  02DF : 00;
  02E0 : 00;
  02E1 : 00;
  02E2 : 00;
  02E3 : 00;
  02E4 : 00;
  02E5 : 00;
  02E6 : 00;
  02E7 : 00;
  02E8 : 00;
  02E9 : 00;
  02EA : 00;
  02EB : 00;
  02EC : 00;
  02ED : 00;
  02EE : 00;
  02EF : 00;
  02F0 : 00;
  02F1 : 00;
  02F2 : 00;
  02F3 : 00;
  02F4 : 00;
  02F5 : 00;
  02F6 : 00;
  02F7 : 00;
  02F8 : 00;
  02F9 : 00;
  02FA : 00;
  02FB : 00;
  02FC : 00;
  02FD : 00;
  02FE : 00;
  02FF : 00;
  0300 : 00;
  0301 : 00;
  0302 : 00;
  0303 : 00;
  0304 : 00;
  0305 : 00;
  0306 : 00;
  0307 : 00;
  0308 : 00;
  0309 : 00;
  030A : 00;
  030B : 00;
  030C : 00;
  030D : 00;
  030E : 00;
  030F : 00;
  0310 : 00;
  0311 : 00;
  0312 : 00;
  0313 : E0;
  0314 : 00;
  0315 : 00;
  0316 : 00;
  0317 : 00;
  0318 : 00;
  0319 : E0;
  031A : 00;
  031B : 00;
  031C : 00;
  031D : 00;
  031E : 00;
  031F : 00;
  0320 : 00;
  0321 : 00;
  0322 : 00;
  0323 : 00;
  0324 : E0;
  0325 : 00;
  0326 : E0;
  0327 : 00;
  0328 : E0;
  0329 : 00;
  032A : 00;
  032B : 00;
  032C : 00;
  032D : 00;
  032E : 00;
  032F : 00;
  0330 : 00;
  0331 : 00;
  0332 : 00;
  0333 : 00;
  0334 : 00;
  0335 : E0;
  0336 : E0;
  0337 : E0;
  0338 : 00;
  0339 : 00;
  033A : 00;
  033B : 00;
  033C : 00;
  033D : 00;
  033E : 00;
  033F : 00;
  0340 : 00;
  0341 : 00;
  0342 : E0;
  0343 : E0;
  0344 : E0;
  0345 : E0;
  0346 : B4;
  0347 : E0;
  0348 : E0;
  0349 : E0;
  034A : E0;
  034B : 00;
  034C : 00;
  034D : 00;
  034E : 00;
  034F : 00;
  0350 : 00;
  0351 : 00;
  0352 : 00;
  0353 : 00;
  0354 : 00;
  0355 : E0;
  0356 : E0;
  0357 : E0;
  0358 : 00;
  0359 : 00;
  035A : 00;
  035B : 00;
  035C : 00;
  035D : 00;
  035E : 00;
  035F : 00;
  0360 : 00;
  0361 : 00;
  0362 : 00;
  0363 : 00;
  0364 : E0;
  0365 : 3C;
  0366 : E0;
  0367 : 00;
  0368 : E0;
  0369 : 00;
  036A : 00;
  036B : 00;
  036C : 00;
  036D : 00;
  036E : 00;
  036F : 00;
  0370 : 00;
  0371 : 00;
  0372 : 00;
  0373 : E0;
  0374 : 00;
  0375 : 3C;
  0376 : 3C;
  0377 : 00;
  0378 : 00;
  0379 : E0;
  037A : 00;
  037B : 00;
  037C : 00;
  037D : 00;
  037E : 00;
  037F : 00;
  0380 : 00;
  0381 : 00;
  0382 : 00;
  0383 : 00;
  0384 : 00;
  0385 : 3C;
  0386 : 3C;
  0387 : 00;
  0388 : 00;
  0389 : 00;
  038A : 00;
  038B : 00;
  038C : 00;
  038D : 00;
  038E : 00;
  038F : 00;
  0390 : 00;
  0391 : 00;
  0392 : 00;
  0393 : 00;
  0394 : 00;
  0395 : 00;
  0396 : 3C;
  0397 : 3C;
  0398 : 00;
  0399 : 00;
  039A : 00;
  039B : 00;
  039C : 00;
  039D : 00;
  039E : 00;
  039F : 00;
  03A0 : 00;
  03A1 : 00;
  03A2 : 00;
  03A3 : 00;
  03A4 : 00;
  03A5 : 00;
  03A6 : 3C;
  03A7 : 3C;
  03A8 : 00;
  03A9 : 00;
  03AA : 00;
  03AB : 00;
  03AC : 00;
  03AD : 00;
  03AE : 00;
  03AF : 00;
  03B0 : 00;
  03B1 : 00;
  03B2 : 00;
  03B3 : 00;
  03B4 : 00;
  03B5 : 00;
  03B6 : 00;
  03B7 : 3C;
  03B8 : 3C;
  03B9 : 00;
  03BA : 00;
  03BB : 00;
  03BC : 00;
  03BD : 00;
  03BE : 00;
  03BF : 00;
  03C0 : 00;
  03C1 : 00;
  03C2 : 00;
  03C3 : 00;
  03C4 : 00;
  03C5 : 00;
  03C6 : 00;
  03C7 : 3C;
  03C8 : 3C;
  03C9 : 00;
  03CA : 00;
  03CB : 00;
  03CC : 00;
  03CD : 00;
  03CE : 00;
  03CF : 00;
  03D0 : 00;
  03D1 : 00;
  03D2 : 00;
  03D3 : 00;
  03D4 : 00;
  03D5 : 00;
  03D6 : 00;
  03D7 : 00;
  03D8 : 3C;
  03D9 : 3C;
  03DA : 00;
  03DB : 00;
  03DC : 00;
  03DD : 00;
  03DE : 00;
  03DF : 00;
  03E0 : 00;
  03E1 : 00;
  03E2 : 00;
  03E3 : 00;
  03E4 : 00;
  03E5 : 00;
  03E6 : 00;
  03E7 : 00;
  03E8 : 3C;
  03E9 : 3C;
  03EA : 00;
  03EB : 00;
  03EC : 00;
  03ED : 00;
  03EE : 00;
  03EF : 00;
  03F0 : 00;
  03F1 : 00;
  03F2 : 00;
  03F3 : 00;
  03F4 : 00;
  03F5 : 00;
  03F6 : 00;
  03F7 : 00;
  03F8 : 00;
  03F9 : 00;
  03FA : 00;
  03FB : 00;
  03FC : 00;
  03FD : 00;
  03FE : 00;
  03FF : 00;
  0400 : 00;
  0401 : 00;
  0402 : 00;
  0403 : 00;
  0404 : 00;
  0405 : 00;
  0406 : 00;
  0407 : 00;
  0408 : 00;
  0409 : 00;
  040A : 00;
  040B : 00;
  040C : 00;
  040D : 00;
  040E : 00;
  040F : 00;
  0410 : 00;
  0411 : 00;
  0412 : 00;
  0413 : 00;
  0414 : 00;
  0415 : 00;
  0416 : 00;
  0417 : 00;
  0418 : 00;
  0419 : 00;
  041A : 00;
  041B : 00;
  041C : 00;
  041D : 00;
  041E : 00;
  041F : 00;
  0420 : 00;
  0421 : 00;
  0422 : 00;
  0423 : 00;
  0424 : 01;
  0425 : 01;
  0426 : 01;
  0427 : 01;
  0428 : 01;
  0429 : 01;
  042A : 01;
  042B : 00;
  042C : 00;
  042D : 00;
  042E : 00;
  042F : 00;
  0430 : 00;
  0431 : 00;
  0432 : 00;
  0433 : 01;
  0434 : FF;
  0435 : FF;
  0436 : FF;
  0437 : FF;
  0438 : FF;
  0439 : FF;
  043A : 00;
  043B : 01;
  043C : 00;
  043D : 00;
  043E : 00;
  043F : 00;
  0440 : 00;
  0441 : 00;
  0442 : 01;
  0443 : FF;
  0444 : 88;
  0445 : 88;
  0446 : 88;
  0447 : 88;
  0448 : 88;
  0449 : 88;
  044A : 88;
  044B : FF;
  044C : 01;
  044D : 00;
  044E : 00;
  044F : 00;
  0450 : 00;
  0451 : 00;
  0452 : 01;
  0453 : 01;
  0454 : 88;
  0455 : 88;
  0456 : 88;
  0457 : 88;
  0458 : 88;
  0459 : 88;
  045A : 88;
  045B : 01;
  045C : 01;
  045D : 00;
  045E : 00;
  045F : 00;
  0460 : 00;
  0461 : 00;
  0462 : 01;
  0463 : FF;
  0464 : 01;
  0465 : 01;
  0466 : 01;
  0467 : 01;
  0468 : 01;
  0469 : 01;
  046A : 01;
  046B : FF;
  046C : 01;
  046D : 00;
  046E : 00;
  046F : 00;
  0470 : 00;
  0471 : 00;
  0472 : 01;
  0473 : FF;
  0474 : FF;
  0475 : FF;
  0476 : FF;
  0477 : FF;
  0478 : FF;
  0479 : FF;
  047A : FF;
  047B : FF;
  047C : 01;
  047D : 00;
  047E : 00;
  047F : 00;
  0480 : 00;
  0481 : 00;
  0482 : 00;
  0483 : 01;
  0484 : FF;
  0485 : FF;
  0486 : FF;
  0487 : FF;
  0488 : FF;
  0489 : FF;
  048A : FF;
  048B : 01;
  048C : 00;
  048D : 00;
  048E : 00;
  048F : 00;
  0490 : 00;
  0491 : 00;
  0492 : 00;
  0493 : 01;
  0494 : FF;
  0495 : FF;
  0496 : FF;
  0497 : FF;
  0498 : FF;
  0499 : FF;
  049A : FF;
  049B : 01;
  049C : 00;
  049D : 00;
  049E : 00;
  049F : 00;
  04A0 : 00;
  04A1 : 00;
  04A2 : 00;
  04A3 : 00;
  04A4 : 01;
  04A5 : 01;
  04A6 : FF;
  04A7 : FF;
  04A8 : FF;
  04A9 : 01;
  04AA : 01;
  04AB : 00;
  04AC : 00;
  04AD : 00;
  04AE : 00;
  04AF : 00;
  04B0 : 00;
  04B1 : 00;
  04B2 : 00;
  04B3 : 00;
  04B4 : 00;
  04B5 : 00;
  04B6 : 01;
  04B7 : 01;
  04B8 : 01;
  04B9 : 00;
  04BA : 00;
  04BB : 00;
  04BC : 00;
  04BD : 00;
  04BE : 00;
  04BF : 00;
  04C0 : 00;
  04C1 : 00;
  04C2 : 00;
  04C3 : 00;
  04C4 : 00;
  04C5 : 00;
  04C6 : 00;
  04C7 : 00;
  04C8 : 00;
  04C9 : 00;
  04CA : 00;
  04CB : 00;
  04CC : 00;
  04CD : 00;
  04CE : 00;
  04CF : 00;
  04D0 : 00;
  04D1 : 00;
  04D2 : 00;
  04D3 : 00;
  04D4 : 00;
  04D5 : 00;
  04D6 : 00;
  04D7 : 00;
  04D8 : 00;
  04D9 : 00;
  04DA : 00;
  04DB : 00;
  04DC : 00;
  04DD : 00;
  04DE : 00;
  04DF : 00;
  04E0 : 00;
  04E1 : 00;
  04E2 : 00;
  04E3 : 00;
  04E4 : 00;
  04E5 : 00;
  04E6 : 00;
  04E7 : 00;
  04E8 : 00;
  04E9 : 00;
  04EA : 00;
  04EB : 00;
  04EC : 00;
  04ED : 00;
  04EE : 00;
  04EF : 00;
  04F0 : 00;
  04F1 : 00;
  04F2 : 00;
  04F3 : 00;
  04F4 : 00;
  04F5 : 00;
  04F6 : 00;
  04F7 : 00;
  04F8 : 00;
  04F9 : 00;
  04FA : 00;
  04FB : 00;
  04FC : 00;
  04FD : 00;
  04FE : 00;
  04FF : 00;
  0500 : 00;
  0501 : 00;
  0502 : 00;
  0503 : 00;
  0504 : 00;
  0505 : 00;
  0506 : 00;
  0507 : 00;
  0508 : 00;
  0509 : 00;
  050A : 00;
  050B : 00;
  050C : 00;
  050D : 00;
  050E : 00;
  050F : 00;
  0510 : 00;
  0511 : 00;
  0512 : 00;
  0513 : E0;
  0514 : 00;
  0515 : 00;
  0516 : 00;
  0517 : 00;
  0518 : 00;
  0519 : E0;
  051A : 00;
  051B : 00;
  051C : 00;
  051D : 00;
  051E : 00;
  051F : 00;
  0520 : 00;
  0521 : 00;
  0522 : 00;
  0523 : 00;
  0524 : E0;
  0525 : 00;
  0526 : E0;
  0527 : 00;
  0528 : E0;
  0529 : 00;
  052A : 00;
  052B : 00;
  052C : 00;
  052D : 00;
  052E : 00;
  052F : 00;
  0530 : 00;
  0531 : 00;
  0532 : 00;
  0533 : 00;
  0534 : 00;
  0535 : E0;
  0536 : E0;
  0537 : E0;
  0538 : 00;
  0539 : 00;
  053A : 00;
  053B : 00;
  053C : 00;
  053D : 00;
  053E : 00;
  053F : 00;
  0540 : 00;
  0541 : 00;
  0542 : E0;
  0543 : E0;
  0544 : E0;
  0545 : E0;
  0546 : B4;
  0547 : E0;
  0548 : E0;
  0549 : E0;
  054A : E0;
  054B : 00;
  054C : 00;
  054D : 00;
  054E : 00;
  054F : 00;
  0550 : 00;
  0551 : 00;
  0552 : 00;
  0553 : 00;
  0554 : 00;
  0555 : E0;
  0556 : E0;
  0557 : E0;
  0558 : 00;
  0559 : 00;
  055A : 00;
  055B : 00;
  055C : 00;
  055D : 00;
  055E : 00;
  055F : 00;
  0560 : 00;
  0561 : 00;
  0562 : 00;
  0563 : 00;
  0564 : E0;
  0565 : 3C;
  0566 : E0;
  0567 : 00;
  0568 : E0;
  0569 : 00;
  056A : 00;
  056B : 00;
  056C : 00;
  056D : 00;
  056E : 00;
  056F : 00;
  0570 : 00;
  0571 : 00;
  0572 : 00;
  0573 : E0;
  0574 : 00;
  0575 : 3C;
  0576 : 3C;
  0577 : 00;
  0578 : 00;
  0579 : E0;
  057A : 00;
  057B : 00;
  057C : 00;
  057D : 00;
  057E : 00;
  057F : 00;
  0580 : 00;
  0581 : 00;
  0582 : 00;
  0583 : 00;
  0584 : 00;
  0585 : 3C;
  0586 : 3C;
  0587 : 00;
  0588 : 00;
  0589 : 00;
  058A : 00;
  058B : 00;
  058C : 00;
  058D : 00;
  058E : 00;
  058F : 00;
  0590 : 00;
  0591 : 00;
  0592 : 00;
  0593 : 00;
  0594 : 00;
  0595 : 00;
  0596 : 3C;
  0597 : 3C;
  0598 : 00;
  0599 : 00;
  059A : 00;
  059B : 00;
  059C : 00;
  059D : 00;
  059E : 00;
  059F : 00;
  05A0 : 00;
  05A1 : 00;
  05A2 : 00;
  05A3 : 00;
  05A4 : 00;
  05A5 : 00;
  05A6 : 3C;
  05A7 : 3C;
  05A8 : 00;
  05A9 : 00;
  05AA : 00;
  05AB : 00;
  05AC : 00;
  05AD : 00;
  05AE : 00;
  05AF : 00;
  05B0 : 00;
  05B1 : 00;
  05B2 : 00;
  05B3 : 00;
  05B4 : 00;
  05B5 : 00;
  05B6 : 00;
  05B7 : 3C;
  05B8 : 3C;
  05B9 : 00;
  05BA : 00;
  05BB : 00;
  05BC : 00;
  05BD : 00;
  05BE : 00;
  05BF : 00;
  05C0 : 00;
  05C1 : 00;
  05C2 : 00;
  05C3 : 00;
  05C4 : 00;
  05C5 : 00;
  05C6 : 00;
  05C7 : 3C;
  05C8 : 3C;
  05C9 : 00;
  05CA : 00;
  05CB : 00;
  05CC : 00;
  05CD : 00;
  05CE : 00;
  05CF : 00;
  05D0 : 00;
  05D1 : 00;
  05D2 : 00;
  05D3 : 00;
  05D4 : 00;
  05D5 : 00;
  05D6 : 00;
  05D7 : 00;
  05D8 : 3C;
  05D9 : 3C;
  05DA : 00;
  05DB : 00;
  05DC : 00;
  05DD : 00;
  05DE : 00;
  05DF : 00;
  05E0 : 00;
  05E1 : 00;
  05E2 : 00;
  05E3 : 00;
  05E4 : 00;
  05E5 : 00;
  05E6 : 00;
  05E7 : 00;
  05E8 : 3C;
  05E9 : 3C;
  05EA : 00;
  05EB : 00;
  05EC : 00;
  05ED : 00;
  05EE : 00;
  05EF : 00;
  05F0 : 00;
  05F1 : 00;
  05F2 : 00;
  05F3 : 00;
  05F4 : 00;
  05F5 : 00;
  05F6 : 00;
  05F7 : 00;
  05F8 : 00;
  05F9 : 00;
  05FA : 00;
  05FB : 00;
  05FC : 00;
  05FD : 00;
  05FE : 00;
  05FF : 00;
  0600 : 00;
  0601 : 00;
  0602 : 00;
  0603 : 00;
  0604 : 00;
  0605 : 00;
  0606 : 00;
  0607 : 00;
  0608 : 00;
  0609 : 00;
  060A : 00;
  060B : 00;
  060C : 00;
  060D : 00;
  060E : 00;
  060F : 00;
  0610 : 00;
  0611 : 00;
  0612 : 00;
  0613 : 00;
  0614 : 00;
  0615 : 00;
  0616 : 00;
  0617 : 00;
  0618 : 00;
  0619 : 00;
  061A : 00;
  061B : 00;
  061C : 00;
  061D : 00;
  061E : 00;
  061F : 00;
  0620 : 00;
  0621 : 00;
  0622 : 00;
  0623 : 00;
  0624 : 01;
  0625 : 01;
  0626 : 01;
  0627 : 01;
  0628 : 01;
  0629 : 01;
  062A : 01;
  062B : 00;
  062C : 00;
  062D : 00;
  062E : 00;
  062F : 00;
  0630 : 00;
  0631 : 00;
  0632 : 00;
  0633 : 01;
  0634 : FF;
  0635 : FF;
  0636 : FF;
  0637 : FF;
  0638 : FF;
  0639 : FF;
  063A : 00;
  063B : 01;
  063C : 00;
  063D : 00;
  063E : 00;
  063F : 00;
  0640 : 00;
  0641 : 00;
  0642 : 01;
  0643 : FF;
  0644 : 88;
  0645 : 88;
  0646 : 88;
  0647 : 88;
  0648 : 88;
  0649 : 88;
  064A : 88;
  064B : FF;
  064C : 01;
  064D : 00;
  064E : 00;
  064F : 00;
  0650 : 00;
  0651 : 00;
  0652 : 01;
  0653 : 01;
  0654 : 88;
  0655 : 88;
  0656 : 88;
  0657 : 88;
  0658 : 88;
  0659 : 88;
  065A : 88;
  065B : 01;
  065C : 01;
  065D : 00;
  065E : 00;
  065F : 00;
  0660 : 00;
  0661 : 00;
  0662 : 01;
  0663 : FF;
  0664 : 01;
  0665 : 01;
  0666 : 01;
  0667 : 01;
  0668 : 01;
  0669 : 01;
  066A : 01;
  066B : FF;
  066C : 01;
  066D : 00;
  066E : 00;
  066F : 00;
  0670 : 00;
  0671 : 00;
  0672 : 01;
  0673 : FF;
  0674 : FF;
  0675 : FF;
  0676 : FF;
  0677 : FF;
  0678 : FF;
  0679 : FF;
  067A : FF;
  067B : FF;
  067C : 01;
  067D : 00;
  067E : 00;
  067F : 00;
  0680 : 00;
  0681 : 00;
  0682 : 00;
  0683 : 01;
  0684 : FF;
  0685 : FF;
  0686 : FF;
  0687 : FF;
  0688 : FF;
  0689 : FF;
  068A : FF;
  068B : 01;
  068C : 00;
  068D : 00;
  068E : 00;
  068F : 00;
  0690 : 00;
  0691 : 00;
  0692 : 00;
  0693 : 01;
  0694 : FF;
  0695 : FF;
  0696 : FF;
  0697 : FF;
  0698 : FF;
  0699 : FF;
  069A : FF;
  069B : 01;
  069C : 00;
  069D : 00;
  069E : 00;
  069F : 00;
  06A0 : 00;
  06A1 : 00;
  06A2 : 00;
  06A3 : 00;
  06A4 : 01;
  06A5 : 01;
  06A6 : FF;
  06A7 : FF;
  06A8 : FF;
  06A9 : 01;
  06AA : 01;
  06AB : 00;
  06AC : 00;
  06AD : 00;
  06AE : 00;
  06AF : 00;
  06B0 : 00;
  06B1 : 00;
  06B2 : 00;
  06B3 : 00;
  06B4 : 00;
  06B5 : 00;
  06B6 : 01;
  06B7 : 01;
  06B8 : 01;
  06B9 : 00;
  06BA : 00;
  06BB : 00;
  06BC : 00;
  06BD : 00;
  06BE : 00;
  06BF : 00;
  06C0 : 00;
  06C1 : 00;
  06C2 : 00;
  06C3 : 00;
  06C4 : 00;
  06C5 : 00;
  06C6 : 00;
  06C7 : 00;
  06C8 : 00;
  06C9 : 00;
  06CA : 00;
  06CB : 00;
  06CC : 00;
  06CD : 00;
  06CE : 00;
  06CF : 00;
  06D0 : 00;
  06D1 : 00;
  06D2 : 00;
  06D3 : 00;
  06D4 : 00;
  06D5 : 00;
  06D6 : 00;
  06D7 : 00;
  06D8 : 00;
  06D9 : 00;
  06DA : 00;
  06DB : 00;
  06DC : 00;
  06DD : 00;
  06DE : 00;
  06DF : 00;
  06E0 : 00;
  06E1 : 00;
  06E2 : 00;
  06E3 : 00;
  06E4 : 00;
  06E5 : 00;
  06E6 : 00;
  06E7 : 00;
  06E8 : 00;
  06E9 : 00;
  06EA : 00;
  06EB : 00;
  06EC : 00;
  06ED : 00;
  06EE : 00;
  06EF : 00;
  06F0 : 00;
  06F1 : 00;
  06F2 : 00;
  06F3 : 00;
  06F4 : 00;
  06F5 : 00;
  06F6 : 00;
  06F7 : 00;
  06F8 : 00;
  06F9 : 00;
  06FA : 00;
  06FB : 00;
  06FC : 00;
  06FD : 00;
  06FE : 00;
  06FF : 00;
  0700 : 00;
  0701 : 00;
  0702 : 00;
  0703 : 00;
  0704 : 00;
  0705 : 00;
  0706 : 00;
  0707 : 00;
  0708 : 00;
  0709 : 00;
  070A : 00;
  070B : 00;
  070C : 00;
  070D : 00;
  070E : 00;
  070F : 00;
  0710 : 00;
  0711 : 00;
  0712 : 00;
  0713 : E0;
  0714 : 00;
  0715 : 00;
  0716 : 00;
  0717 : 00;
  0718 : 00;
  0719 : E0;
  071A : 00;
  071B : 00;
  071C : 00;
  071D : 00;
  071E : 00;
  071F : 00;
  0720 : 00;
  0721 : 00;
  0722 : 00;
  0723 : 00;
  0724 : E0;
  0725 : 00;
  0726 : E0;
  0727 : 00;
  0728 : E0;
  0729 : 00;
  072A : 00;
  072B : 00;
  072C : 00;
  072D : 00;
  072E : 00;
  072F : 00;
  0730 : 00;
  0731 : 00;
  0732 : 00;
  0733 : 00;
  0734 : 00;
  0735 : E0;
  0736 : E0;
  0737 : E0;
  0738 : 00;
  0739 : 00;
  073A : 00;
  073B : 00;
  073C : 00;
  073D : 00;
  073E : 00;
  073F : 00;
  0740 : 00;
  0741 : 00;
  0742 : E0;
  0743 : E0;
  0744 : E0;
  0745 : E0;
  0746 : B4;
  0747 : E0;
  0748 : E0;
  0749 : E0;
  074A : E0;
  074B : 00;
  074C : 00;
  074D : 00;
  074E : 00;
  074F : 00;
  0750 : 00;
  0751 : 00;
  0752 : 00;
  0753 : 00;
  0754 : 00;
  0755 : E0;
  0756 : E0;
  0757 : E0;
  0758 : 00;
  0759 : 00;
  075A : 00;
  075B : 00;
  075C : 00;
  075D : 00;
  075E : 00;
  075F : 00;
  0760 : 00;
  0761 : 00;
  0762 : 00;
  0763 : 00;
  0764 : E0;
  0765 : 3C;
  0766 : E0;
  0767 : 00;
  0768 : E0;
  0769 : 00;
  076A : 00;
  076B : 00;
  076C : 00;
  076D : 00;
  076E : 00;
  076F : 00;
  0770 : 00;
  0771 : 00;
  0772 : 00;
  0773 : E0;
  0774 : 00;
  0775 : 3C;
  0776 : 3C;
  0777 : 00;
  0778 : 00;
  0779 : E0;
  077A : 00;
  077B : 00;
  077C : 00;
  077D : 00;
  077E : 00;
  077F : 00;
  0780 : 00;
  0781 : 00;
  0782 : 00;
  0783 : 00;
  0784 : 00;
  0785 : 3C;
  0786 : 3C;
  0787 : 00;
  0788 : 00;
  0789 : 00;
  078A : 00;
  078B : 00;
  078C : 00;
  078D : 00;
  078E : 00;
  078F : 00;
  0790 : 00;
  0791 : 00;
  0792 : 00;
  0793 : 00;
  0794 : 00;
  0795 : 00;
  0796 : 3C;
  0797 : 3C;
  0798 : 00;
  0799 : 00;
  079A : 00;
  079B : 00;
  079C : 00;
  079D : 00;
  079E : 00;
  079F : 00;
  07A0 : 00;
  07A1 : 00;
  07A2 : 00;
  07A3 : 00;
  07A4 : 00;
  07A5 : 00;
  07A6 : 3C;
  07A7 : 3C;
  07A8 : 00;
  07A9 : 00;
  07AA : 00;
  07AB : 00;
  07AC : 00;
  07AD : 00;
  07AE : 00;
  07AF : 00;
  07B0 : 00;
  07B1 : 00;
  07B2 : 00;
  07B3 : 00;
  07B4 : 00;
  07B5 : 00;
  07B6 : 00;
  07B7 : 3C;
  07B8 : 3C;
  07B9 : 00;
  07BA : 00;
  07BB : 00;
  07BC : 00;
  07BD : 00;
  07BE : 00;
  07BF : 00;
  07C0 : 00;
  07C1 : 00;
  07C2 : 00;
  07C3 : 00;
  07C4 : 00;
  07C5 : 00;
  07C6 : 00;
  07C7 : 3C;
  07C8 : 3C;
  07C9 : 00;
  07CA : 00;
  07CB : 00;
  07CC : 00;
  07CD : 00;
  07CE : 00;
  07CF : 00;
  07D0 : 00;
  07D1 : 00;
  07D2 : 00;
  07D3 : 00;
  07D4 : 00;
  07D5 : 00;
  07D6 : 00;
  07D7 : 00;
  07D8 : 3C;
  07D9 : 3C;
  07DA : 00;
  07DB : 00;
  07DC : 00;
  07DD : 00;
  07DE : 00;
  07DF : 00;
  07E0 : 00;
  07E1 : 00;
  07E2 : 00;
  07E3 : 00;
  07E4 : 00;
  07E5 : 00;
  07E6 : 00;
  07E7 : 00;
  07E8 : 3C;
  07E9 : 3C;
  07EA : 00;
  07EB : 00;
  07EC : 00;
  07ED : 00;
  07EE : 00;
  07EF : 00;
  07F0 : 00;
  07F1 : 00;
  07F2 : 00;
  07F3 : 00;
  07F4 : 00;
  07F5 : 00;
  07F6 : 00;
  07F7 : 00;
  07F8 : 00;
  07F9 : 00;
  07FA : 00;
  07FB : 00;
  07FC : 00;
  07FD : 00;
  07FE : 00;
  07FF : 00;
  0800 : 00;
  0801 : 00;
  0802 : 00;
  0803 : 00;
  0804 : 00;
  0805 : 00;
  0806 : 00;
  0807 : 00;
  0808 : 00;
  0809 : 00;
  080A : 00;
  080B : 00;
  080C : 00;
  080D : 00;
  080E : 00;
  080F : 00;
  0810 : 00;
  0811 : 00;
  0812 : 00;
  0813 : 00;
  0814 : 00;
  0815 : 00;
  0816 : 00;
  0817 : 00;
  0818 : 00;
  0819 : 00;
  081A : 00;
  081B : 00;
  081C : 00;
  081D : 00;
  081E : 00;
  081F : 00;
  0820 : 00;
  0821 : 00;
  0822 : 00;
  0823 : 00;
  0824 : 01;
  0825 : 01;
  0826 : 01;
  0827 : 01;
  0828 : 01;
  0829 : 01;
  082A : 01;
  082B : 00;
  082C : 00;
  082D : 00;
  082E : 00;
  082F : 00;
  0830 : 00;
  0831 : 00;
  0832 : 00;
  0833 : 01;
  0834 : FF;
  0835 : FF;
  0836 : FF;
  0837 : FF;
  0838 : FF;
  0839 : FF;
  083A : 00;
  083B : 01;
  083C : 00;
  083D : 00;
  083E : 00;
  083F : 00;
  0840 : 00;
  0841 : 00;
  0842 : 01;
  0843 : FF;
  0844 : 88;
  0845 : 88;
  0846 : 88;
  0847 : 88;
  0848 : 88;
  0849 : 88;
  084A : 88;
  084B : FF;
  084C : 01;
  084D : 00;
  084E : 00;
  084F : 00;
  0850 : 00;
  0851 : 00;
  0852 : 01;
  0853 : 01;
  0854 : 88;
  0855 : 88;
  0856 : 88;
  0857 : 88;
  0858 : 88;
  0859 : 88;
  085A : 88;
  085B : 01;
  085C : 01;
  085D : 00;
  085E : 00;
  085F : 00;
  0860 : 00;
  0861 : 00;
  0862 : 01;
  0863 : FF;
  0864 : 01;
  0865 : 01;
  0866 : 01;
  0867 : 01;
  0868 : 01;
  0869 : 01;
  086A : 01;
  086B : FF;
  086C : 01;
  086D : 00;
  086E : 00;
  086F : 00;
  0870 : 00;
  0871 : 00;
  0872 : 01;
  0873 : FF;
  0874 : FF;
  0875 : FF;
  0876 : FF;
  0877 : FF;
  0878 : FF;
  0879 : FF;
  087A : FF;
  087B : FF;
  087C : 01;
  087D : 00;
  087E : 00;
  087F : 00;
  0880 : 00;
  0881 : 00;
  0882 : 00;
  0883 : 01;
  0884 : FF;
  0885 : FF;
  0886 : FF;
  0887 : FF;
  0888 : FF;
  0889 : FF;
  088A : FF;
  088B : 01;
  088C : 00;
  088D : 00;
  088E : 00;
  088F : 00;
  0890 : 00;
  0891 : 00;
  0892 : 00;
  0893 : 01;
  0894 : FF;
  0895 : FF;
  0896 : FF;
  0897 : FF;
  0898 : FF;
  0899 : FF;
  089A : FF;
  089B : 01;
  089C : 00;
  089D : 00;
  089E : 00;
  089F : 00;
  08A0 : 00;
  08A1 : 00;
  08A2 : 00;
  08A3 : 00;
  08A4 : 01;
  08A5 : 01;
  08A6 : FF;
  08A7 : FF;
  08A8 : FF;
  08A9 : 01;
  08AA : 01;
  08AB : 00;
  08AC : 00;
  08AD : 00;
  08AE : 00;
  08AF : 00;
  08B0 : 00;
  08B1 : 00;
  08B2 : 00;
  08B3 : 00;
  08B4 : 00;
  08B5 : 00;
  08B6 : 01;
  08B7 : 01;
  08B8 : 01;
  08B9 : 00;
  08BA : 00;
  08BB : 00;
  08BC : 00;
  08BD : 00;
  08BE : 00;
  08BF : 00;
  08C0 : 00;
  08C1 : 00;
  08C2 : 00;
  08C3 : 00;
  08C4 : 00;
  08C5 : 00;
  08C6 : 00;
  08C7 : 00;
  08C8 : 00;
  08C9 : 00;
  08CA : 00;
  08CB : 00;
  08CC : 00;
  08CD : 00;
  08CE : 00;
  08CF : 00;
  08D0 : 00;
  08D1 : 00;
  08D2 : 00;
  08D3 : 00;
  08D4 : 00;
  08D5 : 00;
  08D6 : 00;
  08D7 : 00;
  08D8 : 00;
  08D9 : 00;
  08DA : 00;
  08DB : 00;
  08DC : 00;
  08DD : 00;
  08DE : 00;
  08DF : 00;
  08E0 : 00;
  08E1 : 00;
  08E2 : 00;
  08E3 : 00;
  08E4 : 00;
  08E5 : 00;
  08E6 : 00;
  08E7 : 00;
  08E8 : 00;
  08E9 : 00;
  08EA : 00;
  08EB : 00;
  08EC : 00;
  08ED : 00;
  08EE : 00;
  08EF : 00;
  08F0 : 00;
  08F1 : 00;
  08F2 : 00;
  08F3 : 00;
  08F4 : 00;
  08F5 : 00;
  08F6 : 00;
  08F7 : 00;
  08F8 : 00;
  08F9 : 00;
  08FA : 00;
  08FB : 00;
  08FC : 00;
  08FD : 00;
  08FE : 00;
  08FF : 00;
  0900 : 00;
  0901 : 00;
  0902 : 00;
  0903 : 00;
  0904 : 00;
  0905 : 00;
  0906 : 00;
  0907 : 00;
  0908 : 00;
  0909 : 00;
  090A : 00;
  090B : 00;
  090C : 00;
  090D : 00;
  090E : 00;
  090F : 00;
  0910 : 00;
  0911 : 00;
  0912 : 00;
  0913 : E0;
  0914 : 00;
  0915 : 00;
  0916 : 00;
  0917 : 00;
  0918 : 00;
  0919 : E0;
  091A : 00;
  091B : 00;
  091C : 00;
  091D : 00;
  091E : 00;
  091F : 00;
  0920 : 00;
  0921 : 00;
  0922 : 00;
  0923 : 00;
  0924 : E0;
  0925 : 00;
  0926 : E0;
  0927 : 00;
  0928 : E0;
  0929 : 00;
  092A : 00;
  092B : 00;
  092C : 00;
  092D : 00;
  092E : 00;
  092F : 00;
  0930 : 00;
  0931 : 00;
  0932 : 00;
  0933 : 00;
  0934 : 00;
  0935 : E0;
  0936 : E0;
  0937 : E0;
  0938 : 00;
  0939 : 00;
  093A : 00;
  093B : 00;
  093C : 00;
  093D : 00;
  093E : 00;
  093F : 00;
  0940 : 00;
  0941 : 00;
  0942 : E0;
  0943 : E0;
  0944 : E0;
  0945 : E0;
  0946 : B4;
  0947 : E0;
  0948 : E0;
  0949 : E0;
  094A : E0;
  094B : 00;
  094C : 00;
  094D : 00;
  094E : 00;
  094F : 00;
  0950 : 00;
  0951 : 00;
  0952 : 00;
  0953 : 00;
  0954 : 00;
  0955 : E0;
  0956 : E0;
  0957 : E0;
  0958 : 00;
  0959 : 00;
  095A : 00;
  095B : 00;
  095C : 00;
  095D : 00;
  095E : 00;
  095F : 00;
  0960 : 00;
  0961 : 00;
  0962 : 00;
  0963 : 00;
  0964 : E0;
  0965 : 3C;
  0966 : E0;
  0967 : 00;
  0968 : E0;
  0969 : 00;
  096A : 00;
  096B : 00;
  096C : 00;
  096D : 00;
  096E : 00;
  096F : 00;
  0970 : 00;
  0971 : 00;
  0972 : 00;
  0973 : E0;
  0974 : 00;
  0975 : 3C;
  0976 : 3C;
  0977 : 00;
  0978 : 00;
  0979 : E0;
  097A : 00;
  097B : 00;
  097C : 00;
  097D : 00;
  097E : 00;
  097F : 00;
  0980 : 00;
  0981 : 00;
  0982 : 00;
  0983 : 00;
  0984 : 00;
  0985 : 3C;
  0986 : 3C;
  0987 : 00;
  0988 : 00;
  0989 : 00;
  098A : 00;
  098B : 00;
  098C : 00;
  098D : 00;
  098E : 00;
  098F : 00;
  0990 : 00;
  0991 : 00;
  0992 : 00;
  0993 : 00;
  0994 : 00;
  0995 : 00;
  0996 : 3C;
  0997 : 3C;
  0998 : 00;
  0999 : 00;
  099A : 00;
  099B : 00;
  099C : 00;
  099D : 00;
  099E : 00;
  099F : 00;
  09A0 : 00;
  09A1 : 00;
  09A2 : 00;
  09A3 : 00;
  09A4 : 00;
  09A5 : 00;
  09A6 : 3C;
  09A7 : 3C;
  09A8 : 00;
  09A9 : 00;
  09AA : 00;
  09AB : 00;
  09AC : 00;
  09AD : 00;
  09AE : 00;
  09AF : 00;
  09B0 : 00;
  09B1 : 00;
  09B2 : 00;
  09B3 : 00;
  09B4 : 00;
  09B5 : 00;
  09B6 : 00;
  09B7 : 3C;
  09B8 : 3C;
  09B9 : 00;
  09BA : 00;
  09BB : 00;
  09BC : 00;
  09BD : 00;
  09BE : 00;
  09BF : 00;
  09C0 : 00;
  09C1 : 00;
  09C2 : 00;
  09C3 : 00;
  09C4 : 00;
  09C5 : 00;
  09C6 : 00;
  09C7 : 3C;
  09C8 : 3C;
  09C9 : 00;
  09CA : 00;
  09CB : 00;
  09CC : 00;
  09CD : 00;
  09CE : 00;
  09CF : 00;
  09D0 : 00;
  09D1 : 00;
  09D2 : 00;
  09D3 : 00;
  09D4 : 00;
  09D5 : 00;
  09D6 : 00;
  09D7 : 00;
  09D8 : 3C;
  09D9 : 3C;
  09DA : 00;
  09DB : 00;
  09DC : 00;
  09DD : 00;
  09DE : 00;
  09DF : 00;
  09E0 : 00;
  09E1 : 00;
  09E2 : 00;
  09E3 : 00;
  09E4 : 00;
  09E5 : 00;
  09E6 : 00;
  09E7 : 00;
  09E8 : 3C;
  09E9 : 3C;
  09EA : 00;
  09EB : 00;
  09EC : 00;
  09ED : 00;
  09EE : 00;
  09EF : 00;
  09F0 : 00;
  09F1 : 00;
  09F2 : 00;
  09F3 : 00;
  09F4 : 00;
  09F5 : 00;
  09F6 : 00;
  09F7 : 00;
  09F8 : 00;
  09F9 : 00;
  09FA : 00;
  09FB : 00;
  09FC : 00;
  09FD : 00;
  09FE : 00;
  09FF : 00;
  0A00 : 00;
  0A01 : 00;
  0A02 : 00;
  0A03 : 00;
  0A04 : 00;
  0A05 : 00;
  0A06 : 00;
  0A07 : 00;
  0A08 : 00;
  0A09 : 00;
  0A0A : 00;
  0A0B : 00;
  0A0C : 00;
  0A0D : 00;
  0A0E : 00;
  0A0F : 00;
  0A10 : 00;
  0A11 : 00;
  0A12 : 00;
  0A13 : 00;
  0A14 : 00;
  0A15 : 00;
  0A16 : 00;
  0A17 : 00;
  0A18 : 00;
  0A19 : 00;
  0A1A : 00;
  0A1B : 00;
  0A1C : 00;
  0A1D : 00;
  0A1E : 00;
  0A1F : 00;
  0A20 : 00;
  0A21 : 00;
  0A22 : 00;
  0A23 : 00;
  0A24 : 01;
  0A25 : 01;
  0A26 : 01;
  0A27 : 01;
  0A28 : 01;
  0A29 : 01;
  0A2A : 01;
  0A2B : 00;
  0A2C : 00;
  0A2D : 00;
  0A2E : 00;
  0A2F : 00;
  0A30 : 00;
  0A31 : 00;
  0A32 : 00;
  0A33 : 01;
  0A34 : FF;
  0A35 : FF;
  0A36 : FF;
  0A37 : FF;
  0A38 : FF;
  0A39 : FF;
  0A3A : 00;
  0A3B : 01;
  0A3C : 00;
  0A3D : 00;
  0A3E : 00;
  0A3F : 00;
  0A40 : 00;
  0A41 : 00;
  0A42 : 01;
  0A43 : FF;
  0A44 : 88;
  0A45 : 88;
  0A46 : 88;
  0A47 : 88;
  0A48 : 88;
  0A49 : 88;
  0A4A : 88;
  0A4B : FF;
  0A4C : 01;
  0A4D : 00;
  0A4E : 00;
  0A4F : 00;
  0A50 : 00;
  0A51 : 00;
  0A52 : 01;
  0A53 : 01;
  0A54 : 88;
  0A55 : 88;
  0A56 : 88;
  0A57 : 88;
  0A58 : 88;
  0A59 : 88;
  0A5A : 88;
  0A5B : 01;
  0A5C : 01;
  0A5D : 00;
  0A5E : 00;
  0A5F : 00;
  0A60 : 00;
  0A61 : 00;
  0A62 : 01;
  0A63 : FF;
  0A64 : 01;
  0A65 : 01;
  0A66 : 01;
  0A67 : 01;
  0A68 : 01;
  0A69 : 01;
  0A6A : 01;
  0A6B : FF;
  0A6C : 01;
  0A6D : 00;
  0A6E : 00;
  0A6F : 00;
  0A70 : 00;
  0A71 : 00;
  0A72 : 01;
  0A73 : FF;
  0A74 : FF;
  0A75 : FF;
  0A76 : FF;
  0A77 : FF;
  0A78 : FF;
  0A79 : FF;
  0A7A : FF;
  0A7B : FF;
  0A7C : 01;
  0A7D : 00;
  0A7E : 00;
  0A7F : 00;
  0A80 : 00;
  0A81 : 00;
  0A82 : 00;
  0A83 : 01;
  0A84 : FF;
  0A85 : FF;
  0A86 : FF;
  0A87 : FF;
  0A88 : FF;
  0A89 : FF;
  0A8A : FF;
  0A8B : 01;
  0A8C : 00;
  0A8D : 00;
  0A8E : 00;
  0A8F : 00;
  0A90 : 00;
  0A91 : 00;
  0A92 : 00;
  0A93 : 01;
  0A94 : FF;
  0A95 : FF;
  0A96 : FF;
  0A97 : FF;
  0A98 : FF;
  0A99 : FF;
  0A9A : FF;
  0A9B : 01;
  0A9C : 00;
  0A9D : 00;
  0A9E : 00;
  0A9F : 00;
  0AA0 : 00;
  0AA1 : 00;
  0AA2 : 00;
  0AA3 : 00;
  0AA4 : 01;
  0AA5 : 01;
  0AA6 : FF;
  0AA7 : FF;
  0AA8 : FF;
  0AA9 : 01;
  0AAA : 01;
  0AAB : 00;
  0AAC : 00;
  0AAD : 00;
  0AAE : 00;
  0AAF : 00;
  0AB0 : 00;
  0AB1 : 00;
  0AB2 : 00;
  0AB3 : 00;
  0AB4 : 00;
  0AB5 : 00;
  0AB6 : 01;
  0AB7 : 01;
  0AB8 : 01;
  0AB9 : 00;
  0ABA : 00;
  0ABB : 00;
  0ABC : 00;
  0ABD : 00;
  0ABE : 00;
  0ABF : 00;
  0AC0 : 00;
  0AC1 : 00;
  0AC2 : 00;
  0AC3 : 00;
  0AC4 : 00;
  0AC5 : 00;
  0AC6 : 00;
  0AC7 : 00;
  0AC8 : 00;
  0AC9 : 00;
  0ACA : 00;
  0ACB : 00;
  0ACC : 00;
  0ACD : 00;
  0ACE : 00;
  0ACF : 00;
  0AD0 : 00;
  0AD1 : 00;
  0AD2 : 00;
  0AD3 : 00;
  0AD4 : 00;
  0AD5 : 00;
  0AD6 : 00;
  0AD7 : 00;
  0AD8 : 00;
  0AD9 : 00;
  0ADA : 00;
  0ADB : 00;
  0ADC : 00;
  0ADD : 00;
  0ADE : 00;
  0ADF : 00;
  0AE0 : 00;
  0AE1 : 00;
  0AE2 : 00;
  0AE3 : 00;
  0AE4 : 00;
  0AE5 : 00;
  0AE6 : 00;
  0AE7 : 00;
  0AE8 : 00;
  0AE9 : 00;
  0AEA : 00;
  0AEB : 00;
  0AEC : 00;
  0AED : 00;
  0AEE : 00;
  0AEF : 00;
  0AF0 : 00;
  0AF1 : 00;
  0AF2 : 00;
  0AF3 : 00;
  0AF4 : 00;
  0AF5 : 00;
  0AF6 : 00;
  0AF7 : 00;
  0AF8 : 00;
  0AF9 : 00;
  0AFA : 00;
  0AFB : 00;
  0AFC : 00;
  0AFD : 00;
  0AFE : 00;
  0AFF : 00;
  0B00 : 00;
  0B01 : 00;
  0B02 : 00;
  0B03 : 00;
  0B04 : 00;
  0B05 : 00;
  0B06 : 00;
  0B07 : 00;
  0B08 : 00;
  0B09 : 00;
  0B0A : 00;
  0B0B : 00;
  0B0C : 00;
  0B0D : 00;
  0B0E : 00;
  0B0F : 00;
  0B10 : 00;
  0B11 : 00;
  0B12 : 00;
  0B13 : E0;
  0B14 : 00;
  0B15 : 00;
  0B16 : 00;
  0B17 : 00;
  0B18 : 00;
  0B19 : E0;
  0B1A : 00;
  0B1B : 00;
  0B1C : 00;
  0B1D : 00;
  0B1E : 00;
  0B1F : 00;
  0B20 : 00;
  0B21 : 00;
  0B22 : 00;
  0B23 : 00;
  0B24 : E0;
  0B25 : 00;
  0B26 : E0;
  0B27 : 00;
  0B28 : E0;
  0B29 : 00;
  0B2A : 00;
  0B2B : 00;
  0B2C : 00;
  0B2D : 00;
  0B2E : 00;
  0B2F : 00;
  0B30 : 00;
  0B31 : 00;
  0B32 : 00;
  0B33 : 00;
  0B34 : 00;
  0B35 : E0;
  0B36 : E0;
  0B37 : E0;
  0B38 : 00;
  0B39 : 00;
  0B3A : 00;
  0B3B : 00;
  0B3C : 00;
  0B3D : 00;
  0B3E : 00;
  0B3F : 00;
  0B40 : 00;
  0B41 : 00;
  0B42 : E0;
  0B43 : E0;
  0B44 : E0;
  0B45 : E0;
  0B46 : B4;
  0B47 : E0;
  0B48 : E0;
  0B49 : E0;
  0B4A : E0;
  0B4B : 00;
  0B4C : 00;
  0B4D : 00;
  0B4E : 00;
  0B4F : 00;
  0B50 : 00;
  0B51 : 00;
  0B52 : 00;
  0B53 : 00;
  0B54 : 00;
  0B55 : E0;
  0B56 : E0;
  0B57 : E0;
  0B58 : 00;
  0B59 : 00;
  0B5A : 00;
  0B5B : 00;
  0B5C : 00;
  0B5D : 00;
  0B5E : 00;
  0B5F : 00;
  0B60 : 00;
  0B61 : 00;
  0B62 : 00;
  0B63 : 00;
  0B64 : E0;
  0B65 : 3C;
  0B66 : E0;
  0B67 : 00;
  0B68 : E0;
  0B69 : 00;
  0B6A : 00;
  0B6B : 00;
  0B6C : 00;
  0B6D : 00;
  0B6E : 00;
  0B6F : 00;
  0B70 : 00;
  0B71 : 00;
  0B72 : 00;
  0B73 : E0;
  0B74 : 00;
  0B75 : 3C;
  0B76 : 3C;
  0B77 : 00;
  0B78 : 00;
  0B79 : E0;
  0B7A : 00;
  0B7B : 00;
  0B7C : 00;
  0B7D : 00;
  0B7E : 00;
  0B7F : 00;
  0B80 : 00;
  0B81 : 00;
  0B82 : 00;
  0B83 : 00;
  0B84 : 00;
  0B85 : 3C;
  0B86 : 3C;
  0B87 : 00;
  0B88 : 00;
  0B89 : 00;
  0B8A : 00;
  0B8B : 00;
  0B8C : 00;
  0B8D : 00;
  0B8E : 00;
  0B8F : 00;
  0B90 : 00;
  0B91 : 00;
  0B92 : 00;
  0B93 : 00;
  0B94 : 00;
  0B95 : 00;
  0B96 : 3C;
  0B97 : 3C;
  0B98 : 00;
  0B99 : 00;
  0B9A : 00;
  0B9B : 00;
  0B9C : 00;
  0B9D : 00;
  0B9E : 00;
  0B9F : 00;
  0BA0 : 00;
  0BA1 : 00;
  0BA2 : 00;
  0BA3 : 00;
  0BA4 : 00;
  0BA5 : 00;
  0BA6 : 3C;
  0BA7 : 3C;
  0BA8 : 00;
  0BA9 : 00;
  0BAA : 00;
  0BAB : 00;
  0BAC : 00;
  0BAD : 00;
  0BAE : 00;
  0BAF : 00;
  0BB0 : 00;
  0BB1 : 00;
  0BB2 : 00;
  0BB3 : 00;
  0BB4 : 00;
  0BB5 : 00;
  0BB6 : 00;
  0BB7 : 3C;
  0BB8 : 3C;
  0BB9 : 00;
  0BBA : 00;
  0BBB : 00;
  0BBC : 00;
  0BBD : 00;
  0BBE : 00;
  0BBF : 00;
  0BC0 : 00;
  0BC1 : 00;
  0BC2 : 00;
  0BC3 : 00;
  0BC4 : 00;
  0BC5 : 00;
  0BC6 : 00;
  0BC7 : 3C;
  0BC8 : 3C;
  0BC9 : 00;
  0BCA : 00;
  0BCB : 00;
  0BCC : 00;
  0BCD : 00;
  0BCE : 00;
  0BCF : 00;
  0BD0 : 00;
  0BD1 : 00;
  0BD2 : 00;
  0BD3 : 00;
  0BD4 : 00;
  0BD5 : 00;
  0BD6 : 00;
  0BD7 : 00;
  0BD8 : 3C;
  0BD9 : 3C;
  0BDA : 00;
  0BDB : 00;
  0BDC : 00;
  0BDD : 00;
  0BDE : 00;
  0BDF : 00;
  0BE0 : 00;
  0BE1 : 00;
  0BE2 : 00;
  0BE3 : 00;
  0BE4 : 00;
  0BE5 : 00;
  0BE6 : 00;
  0BE7 : 00;
  0BE8 : 3C;
  0BE9 : 3C;
  0BEA : 00;
  0BEB : 00;
  0BEC : 00;
  0BED : 00;
  0BEE : 00;
  0BEF : 00;
  0BF0 : 00;
  0BF1 : 00;
  0BF2 : 00;
  0BF3 : 00;
  0BF4 : 00;
  0BF5 : 00;
  0BF6 : 00;
  0BF7 : 00;
  0BF8 : 00;
  0BF9 : 00;
  0BFA : 00;
  0BFB : 00;
  0BFC : 00;
  0BFD : 00;
  0BFE : 00;
  0BFF : 00;
  0C00 : 00;
  0C01 : 00;
  0C02 : 00;
  0C03 : 00;
  0C04 : 00;
  0C05 : 00;
  0C06 : 00;
  0C07 : 00;
  0C08 : 00;
  0C09 : 00;
  0C0A : 00;
  0C0B : 00;
  0C0C : 00;
  0C0D : 00;
  0C0E : 00;
  0C0F : 00;
  0C10 : 00;
  0C11 : 00;
  0C12 : 00;
  0C13 : 00;
  0C14 : 00;
  0C15 : 00;
  0C16 : 00;
  0C17 : 00;
  0C18 : 00;
  0C19 : 00;
  0C1A : 00;
  0C1B : 00;
  0C1C : 00;
  0C1D : 00;
  0C1E : 00;
  0C1F : 00;
  0C20 : 00;
  0C21 : 00;
  0C22 : 00;
  0C23 : 00;
  0C24 : 01;
  0C25 : 01;
  0C26 : 01;
  0C27 : 01;
  0C28 : 01;
  0C29 : 01;
  0C2A : 01;
  0C2B : 00;
  0C2C : 00;
  0C2D : 00;
  0C2E : 00;
  0C2F : 00;
  0C30 : 00;
  0C31 : 00;
  0C32 : 00;
  0C33 : 01;
  0C34 : FF;
  0C35 : FF;
  0C36 : FF;
  0C37 : FF;
  0C38 : FF;
  0C39 : FF;
  0C3A : 00;
  0C3B : 01;
  0C3C : 00;
  0C3D : 00;
  0C3E : 00;
  0C3F : 00;
  0C40 : 00;
  0C41 : 00;
  0C42 : 01;
  0C43 : FF;
  0C44 : 88;
  0C45 : 88;
  0C46 : 88;
  0C47 : 88;
  0C48 : 88;
  0C49 : 88;
  0C4A : 88;
  0C4B : FF;
  0C4C : 01;
  0C4D : 00;
  0C4E : 00;
  0C4F : 00;
  0C50 : 00;
  0C51 : 00;
  0C52 : 01;
  0C53 : 01;
  0C54 : 88;
  0C55 : 88;
  0C56 : 88;
  0C57 : 88;
  0C58 : 88;
  0C59 : 88;
  0C5A : 88;
  0C5B : 01;
  0C5C : 01;
  0C5D : 00;
  0C5E : 00;
  0C5F : 00;
  0C60 : 00;
  0C61 : 00;
  0C62 : 01;
  0C63 : FF;
  0C64 : 01;
  0C65 : 01;
  0C66 : 01;
  0C67 : 01;
  0C68 : 01;
  0C69 : 01;
  0C6A : 01;
  0C6B : FF;
  0C6C : 01;
  0C6D : 00;
  0C6E : 00;
  0C6F : 00;
  0C70 : 00;
  0C71 : 00;
  0C72 : 01;
  0C73 : FF;
  0C74 : FF;
  0C75 : FF;
  0C76 : FF;
  0C77 : FF;
  0C78 : FF;
  0C79 : FF;
  0C7A : FF;
  0C7B : FF;
  0C7C : 01;
  0C7D : 00;
  0C7E : 00;
  0C7F : 00;
  0C80 : 00;
  0C81 : 00;
  0C82 : 00;
  0C83 : 01;
  0C84 : FF;
  0C85 : FF;
  0C86 : FF;
  0C87 : FF;
  0C88 : FF;
  0C89 : FF;
  0C8A : FF;
  0C8B : 01;
  0C8C : 00;
  0C8D : 00;
  0C8E : 00;
  0C8F : 00;
  0C90 : 00;
  0C91 : 00;
  0C92 : 00;
  0C93 : 01;
  0C94 : FF;
  0C95 : FF;
  0C96 : FF;
  0C97 : FF;
  0C98 : FF;
  0C99 : FF;
  0C9A : FF;
  0C9B : 01;
  0C9C : 00;
  0C9D : 00;
  0C9E : 00;
  0C9F : 00;
  0CA0 : 00;
  0CA1 : 00;
  0CA2 : 00;
  0CA3 : 00;
  0CA4 : 01;
  0CA5 : 01;
  0CA6 : FF;
  0CA7 : FF;
  0CA8 : FF;
  0CA9 : 01;
  0CAA : 01;
  0CAB : 00;
  0CAC : 00;
  0CAD : 00;
  0CAE : 00;
  0CAF : 00;
  0CB0 : 00;
  0CB1 : 00;
  0CB2 : 00;
  0CB3 : 00;
  0CB4 : 00;
  0CB5 : 00;
  0CB6 : 01;
  0CB7 : 01;
  0CB8 : 01;
  0CB9 : 00;
  0CBA : 00;
  0CBB : 00;
  0CBC : 00;
  0CBD : 00;
  0CBE : 00;
  0CBF : 00;
  0CC0 : 00;
  0CC1 : 00;
  0CC2 : 00;
  0CC3 : 00;
  0CC4 : 00;
  0CC5 : 00;
  0CC6 : 00;
  0CC7 : 00;
  0CC8 : 00;
  0CC9 : 00;
  0CCA : 00;
  0CCB : 00;
  0CCC : 00;
  0CCD : 00;
  0CCE : 00;
  0CCF : 00;
  0CD0 : 00;
  0CD1 : 00;
  0CD2 : 00;
  0CD3 : 00;
  0CD4 : 00;
  0CD5 : 00;
  0CD6 : 00;
  0CD7 : 00;
  0CD8 : 00;
  0CD9 : 00;
  0CDA : 00;
  0CDB : 00;
  0CDC : 00;
  0CDD : 00;
  0CDE : 00;
  0CDF : 00;
  0CE0 : 00;
  0CE1 : 00;
  0CE2 : 00;
  0CE3 : 00;
  0CE4 : 00;
  0CE5 : 00;
  0CE6 : 00;
  0CE7 : 00;
  0CE8 : 00;
  0CE9 : 00;
  0CEA : 00;
  0CEB : 00;
  0CEC : 00;
  0CED : 00;
  0CEE : 00;
  0CEF : 00;
  0CF0 : 00;
  0CF1 : 00;
  0CF2 : 00;
  0CF3 : 00;
  0CF4 : 00;
  0CF5 : 00;
  0CF6 : 00;
  0CF7 : 00;
  0CF8 : 00;
  0CF9 : 00;
  0CFA : 00;
  0CFB : 00;
  0CFC : 00;
  0CFD : 00;
  0CFE : 00;
  0CFF : 00;
  0D00 : 00;
  0D01 : 00;
  0D02 : 00;
  0D03 : 00;
  0D04 : 00;
  0D05 : 00;
  0D06 : 00;
  0D07 : 00;
  0D08 : 00;
  0D09 : 00;
  0D0A : 00;
  0D0B : 00;
  0D0C : 00;
  0D0D : 00;
  0D0E : 00;
  0D0F : 00;
  0D10 : 00;
  0D11 : 00;
  0D12 : 00;
  0D13 : E0;
  0D14 : 00;
  0D15 : 00;
  0D16 : 00;
  0D17 : 00;
  0D18 : 00;
  0D19 : E0;
  0D1A : 00;
  0D1B : 00;
  0D1C : 00;
  0D1D : 00;
  0D1E : 00;
  0D1F : 00;
  0D20 : 00;
  0D21 : 00;
  0D22 : 00;
  0D23 : 00;
  0D24 : E0;
  0D25 : 00;
  0D26 : E0;
  0D27 : 00;
  0D28 : E0;
  0D29 : 00;
  0D2A : 00;
  0D2B : 00;
  0D2C : 00;
  0D2D : 00;
  0D2E : 00;
  0D2F : 00;
  0D30 : 00;
  0D31 : 00;
  0D32 : 00;
  0D33 : 00;
  0D34 : 00;
  0D35 : E0;
  0D36 : E0;
  0D37 : E0;
  0D38 : 00;
  0D39 : 00;
  0D3A : 00;
  0D3B : 00;
  0D3C : 00;
  0D3D : 00;
  0D3E : 00;
  0D3F : 00;
  0D40 : 00;
  0D41 : 00;
  0D42 : E0;
  0D43 : E0;
  0D44 : E0;
  0D45 : E0;
  0D46 : B4;
  0D47 : E0;
  0D48 : E0;
  0D49 : E0;
  0D4A : E0;
  0D4B : 00;
  0D4C : 00;
  0D4D : 00;
  0D4E : 00;
  0D4F : 00;
  0D50 : 00;
  0D51 : 00;
  0D52 : 00;
  0D53 : 00;
  0D54 : 00;
  0D55 : E0;
  0D56 : E0;
  0D57 : E0;
  0D58 : 00;
  0D59 : 00;
  0D5A : 00;
  0D5B : 00;
  0D5C : 00;
  0D5D : 00;
  0D5E : 00;
  0D5F : 00;
  0D60 : 00;
  0D61 : 00;
  0D62 : 00;
  0D63 : 00;
  0D64 : E0;
  0D65 : 3C;
  0D66 : E0;
  0D67 : 00;
  0D68 : E0;
  0D69 : 00;
  0D6A : 00;
  0D6B : 00;
  0D6C : 00;
  0D6D : 00;
  0D6E : 00;
  0D6F : 00;
  0D70 : 00;
  0D71 : 00;
  0D72 : 00;
  0D73 : E0;
  0D74 : 00;
  0D75 : 3C;
  0D76 : 3C;
  0D77 : 00;
  0D78 : 00;
  0D79 : E0;
  0D7A : 00;
  0D7B : 00;
  0D7C : 00;
  0D7D : 00;
  0D7E : 00;
  0D7F : 00;
  0D80 : 00;
  0D81 : 00;
  0D82 : 00;
  0D83 : 00;
  0D84 : 00;
  0D85 : 3C;
  0D86 : 3C;
  0D87 : 00;
  0D88 : 00;
  0D89 : 00;
  0D8A : 00;
  0D8B : 00;
  0D8C : 00;
  0D8D : 00;
  0D8E : 00;
  0D8F : 00;
  0D90 : 00;
  0D91 : 00;
  0D92 : 00;
  0D93 : 00;
  0D94 : 00;
  0D95 : 00;
  0D96 : 3C;
  0D97 : 3C;
  0D98 : 00;
  0D99 : 00;
  0D9A : 00;
  0D9B : 00;
  0D9C : 00;
  0D9D : 00;
  0D9E : 00;
  0D9F : 00;
  0DA0 : 00;
  0DA1 : 00;
  0DA2 : 00;
  0DA3 : 00;
  0DA4 : 00;
  0DA5 : 00;
  0DA6 : 3C;
  0DA7 : 3C;
  0DA8 : 00;
  0DA9 : 00;
  0DAA : 00;
  0DAB : 00;
  0DAC : 00;
  0DAD : 00;
  0DAE : 00;
  0DAF : 00;
  0DB0 : 00;
  0DB1 : 00;
  0DB2 : 00;
  0DB3 : 00;
  0DB4 : 00;
  0DB5 : 00;
  0DB6 : 00;
  0DB7 : 3C;
  0DB8 : 3C;
  0DB9 : 00;
  0DBA : 00;
  0DBB : 00;
  0DBC : 00;
  0DBD : 00;
  0DBE : 00;
  0DBF : 00;
  0DC0 : 00;
  0DC1 : 00;
  0DC2 : 00;
  0DC3 : 00;
  0DC4 : 00;
  0DC5 : 00;
  0DC6 : 00;
  0DC7 : 3C;
  0DC8 : 3C;
  0DC9 : 00;
  0DCA : 00;
  0DCB : 00;
  0DCC : 00;
  0DCD : 00;
  0DCE : 00;
  0DCF : 00;
  0DD0 : 00;
  0DD1 : 00;
  0DD2 : 00;
  0DD3 : 00;
  0DD4 : 00;
  0DD5 : 00;
  0DD6 : 00;
  0DD7 : 00;
  0DD8 : 3C;
  0DD9 : 3C;
  0DDA : 00;
  0DDB : 00;
  0DDC : 00;
  0DDD : 00;
  0DDE : 00;
  0DDF : 00;
  0DE0 : 00;
  0DE1 : 00;
  0DE2 : 00;
  0DE3 : 00;
  0DE4 : 00;
  0DE5 : 00;
  0DE6 : 00;
  0DE7 : 00;
  0DE8 : 3C;
  0DE9 : 3C;
  0DEA : 00;
  0DEB : 00;
  0DEC : 00;
  0DED : 00;
  0DEE : 00;
  0DEF : 00;
  0DF0 : 00;
  0DF1 : 00;
  0DF2 : 00;
  0DF3 : 00;
  0DF4 : 00;
  0DF5 : 00;
  0DF6 : 00;
  0DF7 : 00;
  0DF8 : 00;
  0DF9 : 00;
  0DFA : 00;
  0DFB : 00;
  0DFC : 00;
  0DFD : 00;
  0DFE : 00;
  0DFF : 00;
  0E00 : 00;
  0E01 : 00;
  0E02 : 00;
  0E03 : 00;
  0E04 : 00;
  0E05 : 00;
  0E06 : 00;
  0E07 : 00;
  0E08 : 00;
  0E09 : 00;
  0E0A : 00;
  0E0B : 00;
  0E0C : 00;
  0E0D : 00;
  0E0E : 00;
  0E0F : 00;
  0E10 : 00;
  0E11 : 00;
  0E12 : 00;
  0E13 : 00;
  0E14 : 00;
  0E15 : 00;
  0E16 : 00;
  0E17 : 00;
  0E18 : 00;
  0E19 : 00;
  0E1A : 00;
  0E1B : 00;
  0E1C : 00;
  0E1D : 00;
  0E1E : 00;
  0E1F : 00;
  0E20 : 00;
  0E21 : 00;
  0E22 : 00;
  0E23 : 00;
  0E24 : 01;
  0E25 : 01;
  0E26 : 01;
  0E27 : 01;
  0E28 : 01;
  0E29 : 01;
  0E2A : 01;
  0E2B : 00;
  0E2C : 00;
  0E2D : 00;
  0E2E : 00;
  0E2F : 00;
  0E30 : 00;
  0E31 : 00;
  0E32 : 00;
  0E33 : 01;
  0E34 : FF;
  0E35 : FF;
  0E36 : FF;
  0E37 : FF;
  0E38 : FF;
  0E39 : FF;
  0E3A : 00;
  0E3B : 01;
  0E3C : 00;
  0E3D : 00;
  0E3E : 00;
  0E3F : 00;
  0E40 : 00;
  0E41 : 00;
  0E42 : 01;
  0E43 : FF;
  0E44 : 88;
  0E45 : 88;
  0E46 : 88;
  0E47 : 88;
  0E48 : 88;
  0E49 : 88;
  0E4A : 88;
  0E4B : FF;
  0E4C : 01;
  0E4D : 00;
  0E4E : 00;
  0E4F : 00;
  0E50 : 00;
  0E51 : 00;
  0E52 : 01;
  0E53 : 01;
  0E54 : 88;
  0E55 : 88;
  0E56 : 88;
  0E57 : 88;
  0E58 : 88;
  0E59 : 88;
  0E5A : 88;
  0E5B : 01;
  0E5C : 01;
  0E5D : 00;
  0E5E : 00;
  0E5F : 00;
  0E60 : 00;
  0E61 : 00;
  0E62 : 01;
  0E63 : FF;
  0E64 : 01;
  0E65 : 01;
  0E66 : 01;
  0E67 : 01;
  0E68 : 01;
  0E69 : 01;
  0E6A : 01;
  0E6B : FF;
  0E6C : 01;
  0E6D : 00;
  0E6E : 00;
  0E6F : 00;
  0E70 : 00;
  0E71 : 00;
  0E72 : 01;
  0E73 : FF;
  0E74 : FF;
  0E75 : FF;
  0E76 : FF;
  0E77 : FF;
  0E78 : FF;
  0E79 : FF;
  0E7A : FF;
  0E7B : FF;
  0E7C : 01;
  0E7D : 00;
  0E7E : 00;
  0E7F : 00;
  0E80 : 00;
  0E81 : 00;
  0E82 : 00;
  0E83 : 01;
  0E84 : FF;
  0E85 : FF;
  0E86 : FF;
  0E87 : FF;
  0E88 : FF;
  0E89 : FF;
  0E8A : FF;
  0E8B : 01;
  0E8C : 00;
  0E8D : 00;
  0E8E : 00;
  0E8F : 00;
  0E90 : 00;
  0E91 : 00;
  0E92 : 00;
  0E93 : 01;
  0E94 : FF;
  0E95 : FF;
  0E96 : FF;
  0E97 : FF;
  0E98 : FF;
  0E99 : FF;
  0E9A : FF;
  0E9B : 01;
  0E9C : 00;
  0E9D : 00;
  0E9E : 00;
  0E9F : 00;
  0EA0 : 00;
  0EA1 : 00;
  0EA2 : 00;
  0EA3 : 00;
  0EA4 : 01;
  0EA5 : 01;
  0EA6 : FF;
  0EA7 : FF;
  0EA8 : FF;
  0EA9 : 01;
  0EAA : 01;
  0EAB : 00;
  0EAC : 00;
  0EAD : 00;
  0EAE : 00;
  0EAF : 00;
  0EB0 : 00;
  0EB1 : 00;
  0EB2 : 00;
  0EB3 : 00;
  0EB4 : 00;
  0EB5 : 00;
  0EB6 : 01;
  0EB7 : 01;
  0EB8 : 01;
  0EB9 : 00;
  0EBA : 00;
  0EBB : 00;
  0EBC : 00;
  0EBD : 00;
  0EBE : 00;
  0EBF : 00;
  0EC0 : 00;
  0EC1 : 00;
  0EC2 : 00;
  0EC3 : 00;
  0EC4 : 00;
  0EC5 : 00;
  0EC6 : 00;
  0EC7 : 00;
  0EC8 : 00;
  0EC9 : 00;
  0ECA : 00;
  0ECB : 00;
  0ECC : 00;
  0ECD : 00;
  0ECE : 00;
  0ECF : 00;
  0ED0 : 00;
  0ED1 : 00;
  0ED2 : 00;
  0ED3 : 00;
  0ED4 : 00;
  0ED5 : 00;
  0ED6 : 00;
  0ED7 : 00;
  0ED8 : 00;
  0ED9 : 00;
  0EDA : 00;
  0EDB : 00;
  0EDC : 00;
  0EDD : 00;
  0EDE : 00;
  0EDF : 00;
  0EE0 : 00;
  0EE1 : 00;
  0EE2 : 00;
  0EE3 : 00;
  0EE4 : 00;
  0EE5 : 00;
  0EE6 : 00;
  0EE7 : 00;
  0EE8 : 00;
  0EE9 : 00;
  0EEA : 00;
  0EEB : 00;
  0EEC : 00;
  0EED : 00;
  0EEE : 00;
  0EEF : 00;
  0EF0 : 00;
  0EF1 : 00;
  0EF2 : 00;
  0EF3 : 00;
  0EF4 : 00;
  0EF5 : 00;
  0EF6 : 00;
  0EF7 : 00;
  0EF8 : 00;
  0EF9 : 00;
  0EFA : 00;
  0EFB : 00;
  0EFC : 00;
  0EFD : 00;
  0EFE : 00;
  0EFF : 00;
  0F00 : 00;
  0F01 : 00;
  0F02 : 00;
  0F03 : 00;
  0F04 : 00;
  0F05 : 00;
  0F06 : 00;
  0F07 : 00;
  0F08 : 00;
  0F09 : 00;
  0F0A : 00;
  0F0B : 00;
  0F0C : 00;
  0F0D : 00;
  0F0E : 00;
  0F0F : 00;
  0F10 : 00;
  0F11 : 00;
  0F12 : 00;
  0F13 : E0;
  0F14 : 00;
  0F15 : 00;
  0F16 : 00;
  0F17 : 00;
  0F18 : 00;
  0F19 : E0;
  0F1A : 00;
  0F1B : 00;
  0F1C : 00;
  0F1D : 00;
  0F1E : 00;
  0F1F : 00;
  0F20 : 00;
  0F21 : 00;
  0F22 : 00;
  0F23 : 00;
  0F24 : E0;
  0F25 : 00;
  0F26 : E0;
  0F27 : 00;
  0F28 : E0;
  0F29 : 00;
  0F2A : 00;
  0F2B : 00;
  0F2C : 00;
  0F2D : 00;
  0F2E : 00;
  0F2F : 00;
  0F30 : 00;
  0F31 : 00;
  0F32 : 00;
  0F33 : 00;
  0F34 : 00;
  0F35 : E0;
  0F36 : E0;
  0F37 : E0;
  0F38 : 00;
  0F39 : 00;
  0F3A : 00;
  0F3B : 00;
  0F3C : 00;
  0F3D : 00;
  0F3E : 00;
  0F3F : 00;
  0F40 : 00;
  0F41 : 00;
  0F42 : E0;
  0F43 : E0;
  0F44 : E0;
  0F45 : E0;
  0F46 : B4;
  0F47 : E0;
  0F48 : E0;
  0F49 : E0;
  0F4A : E0;
  0F4B : 00;
  0F4C : 00;
  0F4D : 00;
  0F4E : 00;
  0F4F : 00;
  0F50 : 00;
  0F51 : 00;
  0F52 : 00;
  0F53 : 00;
  0F54 : 00;
  0F55 : E0;
  0F56 : E0;
  0F57 : E0;
  0F58 : 00;
  0F59 : 00;
  0F5A : 00;
  0F5B : 00;
  0F5C : 00;
  0F5D : 00;
  0F5E : 00;
  0F5F : 00;
  0F60 : 00;
  0F61 : 00;
  0F62 : 00;
  0F63 : 00;
  0F64 : E0;
  0F65 : 3C;
  0F66 : E0;
  0F67 : 00;
  0F68 : E0;
  0F69 : 00;
  0F6A : 00;
  0F6B : 00;
  0F6C : 00;
  0F6D : 00;
  0F6E : 00;
  0F6F : 00;
  0F70 : 00;
  0F71 : 00;
  0F72 : 00;
  0F73 : E0;
  0F74 : 00;
  0F75 : 3C;
  0F76 : 3C;
  0F77 : 00;
  0F78 : 00;
  0F79 : E0;
  0F7A : 00;
  0F7B : 00;
  0F7C : 00;
  0F7D : 00;
  0F7E : 00;
  0F7F : 00;
  0F80 : 00;
  0F81 : 00;
  0F82 : 00;
  0F83 : 00;
  0F84 : 00;
  0F85 : 3C;
  0F86 : 3C;
  0F87 : 00;
  0F88 : 00;
  0F89 : 00;
  0F8A : 00;
  0F8B : 00;
  0F8C : 00;
  0F8D : 00;
  0F8E : 00;
  0F8F : 00;
  0F90 : 00;
  0F91 : 00;
  0F92 : 00;
  0F93 : 00;
  0F94 : 00;
  0F95 : 00;
  0F96 : 3C;
  0F97 : 3C;
  0F98 : 00;
  0F99 : 00;
  0F9A : 00;
  0F9B : 00;
  0F9C : 00;
  0F9D : 00;
  0F9E : 00;
  0F9F : 00;
  0FA0 : 00;
  0FA1 : 00;
  0FA2 : 00;
  0FA3 : 00;
  0FA4 : 00;
  0FA5 : 00;
  0FA6 : 3C;
  0FA7 : 3C;
  0FA8 : 00;
  0FA9 : 00;
  0FAA : 00;
  0FAB : 00;
  0FAC : 00;
  0FAD : 00;
  0FAE : 00;
  0FAF : 00;
  0FB0 : 00;
  0FB1 : 00;
  0FB2 : 00;
  0FB3 : 00;
  0FB4 : 00;
  0FB5 : 00;
  0FB6 : 00;
  0FB7 : 3C;
  0FB8 : 3C;
  0FB9 : 00;
  0FBA : 00;
  0FBB : 00;
  0FBC : 00;
  0FBD : 00;
  0FBE : 00;
  0FBF : 00;
  0FC0 : 00;
  0FC1 : 00;
  0FC2 : 00;
  0FC3 : 00;
  0FC4 : 00;
  0FC5 : 00;
  0FC6 : 00;
  0FC7 : 3C;
  0FC8 : 3C;
  0FC9 : 00;
  0FCA : 00;
  0FCB : 00;
  0FCC : 00;
  0FCD : 00;
  0FCE : 00;
  0FCF : 00;
  0FD0 : 00;
  0FD1 : 00;
  0FD2 : 00;
  0FD3 : 00;
  0FD4 : 00;
  0FD5 : 00;
  0FD6 : 00;
  0FD7 : 00;
  0FD8 : 3C;
  0FD9 : 3C;
  0FDA : 00;
  0FDB : 00;
  0FDC : 00;
  0FDD : 00;
  0FDE : 00;
  0FDF : 00;
  0FE0 : 00;
  0FE1 : 00;
  0FE2 : 00;
  0FE3 : 00;
  0FE4 : 00;
  0FE5 : 00;
  0FE6 : 00;
  0FE7 : 00;
  0FE8 : 3C;
  0FE9 : 3C;
  0FEA : 00;
  0FEB : 00;
  0FEC : 00;
  0FED : 00;
  0FEE : 00;
  0FEF : 00;
  0FF0 : 00;
  0FF1 : 00;
  0FF2 : 00;
  0FF3 : 00;
  0FF4 : 00;
  0FF5 : 00;
  0FF6 : 00;
  0FF7 : 00;
  0FF8 : 00;
  0FF9 : 00;
  0FFA : 00;
  0FFB : 00;
  0FFC : 00;
  0FFD : 00;
  0FFE : 00;
  0FFF : 00;
  1000 : 00;
  1001 : 00;
  1002 : 00;
  1003 : 00;
  1004 : 00;
  1005 : 00;
  1006 : 00;
  1007 : 00;
  1008 : 00;
  1009 : 00;
  100A : 00;
  100B : 00;
  100C : 00;
  100D : 00;
  100E : 00;
  100F : 00;
  1010 : 00;
  1011 : 00;
  1012 : 00;
  1013 : 00;
  1014 : 00;
  1015 : 00;
  1016 : 00;
  1017 : 00;
  1018 : 00;
  1019 : 00;
  101A : 00;
  101B : 00;
  101C : 00;
  101D : 00;
  101E : 00;
  101F : 00;
  1020 : 00;
  1021 : 00;
  1022 : 00;
  1023 : 00;
  1024 : 01;
  1025 : 01;
  1026 : 01;
  1027 : 01;
  1028 : 01;
  1029 : 01;
  102A : 01;
  102B : 00;
  102C : 00;
  102D : 00;
  102E : 00;
  102F : 00;
  1030 : 00;
  1031 : 00;
  1032 : 00;
  1033 : 01;
  1034 : FF;
  1035 : FF;
  1036 : FF;
  1037 : FF;
  1038 : FF;
  1039 : FF;
  103A : 00;
  103B : 01;
  103C : 00;
  103D : 00;
  103E : 00;
  103F : 00;
  1040 : 00;
  1041 : 00;
  1042 : 01;
  1043 : FF;
  1044 : 88;
  1045 : 88;
  1046 : 88;
  1047 : 88;
  1048 : 88;
  1049 : 88;
  104A : 88;
  104B : FF;
  104C : 01;
  104D : 00;
  104E : 00;
  104F : 00;
  1050 : 00;
  1051 : 00;
  1052 : 01;
  1053 : 01;
  1054 : 88;
  1055 : 88;
  1056 : 88;
  1057 : 88;
  1058 : 88;
  1059 : 88;
  105A : 88;
  105B : 01;
  105C : 01;
  105D : 00;
  105E : 00;
  105F : 00;
  1060 : 00;
  1061 : 00;
  1062 : 01;
  1063 : FF;
  1064 : 01;
  1065 : 01;
  1066 : 01;
  1067 : 01;
  1068 : 01;
  1069 : 01;
  106A : 01;
  106B : FF;
  106C : 01;
  106D : 00;
  106E : 00;
  106F : 00;
  1070 : 00;
  1071 : 00;
  1072 : 01;
  1073 : FF;
  1074 : FF;
  1075 : FF;
  1076 : FF;
  1077 : FF;
  1078 : FF;
  1079 : FF;
  107A : FF;
  107B : FF;
  107C : 01;
  107D : 00;
  107E : 00;
  107F : 00;
  1080 : 00;
  1081 : 00;
  1082 : 00;
  1083 : 01;
  1084 : FF;
  1085 : FF;
  1086 : FF;
  1087 : FF;
  1088 : FF;
  1089 : FF;
  108A : FF;
  108B : 01;
  108C : 00;
  108D : 00;
  108E : 00;
  108F : 00;
  1090 : 00;
  1091 : 00;
  1092 : 00;
  1093 : 01;
  1094 : FF;
  1095 : FF;
  1096 : FF;
  1097 : FF;
  1098 : FF;
  1099 : FF;
  109A : FF;
  109B : 01;
  109C : 00;
  109D : 00;
  109E : 00;
  109F : 00;
  10A0 : 00;
  10A1 : 00;
  10A2 : 00;
  10A3 : 00;
  10A4 : 01;
  10A5 : 01;
  10A6 : FF;
  10A7 : FF;
  10A8 : FF;
  10A9 : 01;
  10AA : 01;
  10AB : 00;
  10AC : 00;
  10AD : 00;
  10AE : 00;
  10AF : 00;
  10B0 : 00;
  10B1 : 00;
  10B2 : 00;
  10B3 : 00;
  10B4 : 00;
  10B5 : 00;
  10B6 : 01;
  10B7 : 01;
  10B8 : 01;
  10B9 : 00;
  10BA : 00;
  10BB : 00;
  10BC : 00;
  10BD : 00;
  10BE : 00;
  10BF : 00;
  10C0 : 00;
  10C1 : 00;
  10C2 : 00;
  10C3 : 00;
  10C4 : 00;
  10C5 : 00;
  10C6 : 00;
  10C7 : 00;
  10C8 : 00;
  10C9 : 00;
  10CA : 00;
  10CB : 00;
  10CC : 00;
  10CD : 00;
  10CE : 00;
  10CF : 00;
  10D0 : 00;
  10D1 : 00;
  10D2 : 00;
  10D3 : 00;
  10D4 : 00;
  10D5 : 00;
  10D6 : 00;
  10D7 : 00;
  10D8 : 00;
  10D9 : 00;
  10DA : 00;
  10DB : 00;
  10DC : 00;
  10DD : 00;
  10DE : 00;
  10DF : 00;
  10E0 : 00;
  10E1 : 00;
  10E2 : 00;
  10E3 : 00;
  10E4 : 00;
  10E5 : 00;
  10E6 : 00;
  10E7 : 00;
  10E8 : 00;
  10E9 : 00;
  10EA : 00;
  10EB : 00;
  10EC : 00;
  10ED : 00;
  10EE : 00;
  10EF : 00;
  10F0 : 00;
  10F1 : 00;
  10F2 : 00;
  10F3 : 00;
  10F4 : 00;
  10F5 : 00;
  10F6 : 00;
  10F7 : 00;
  10F8 : 00;
  10F9 : 00;
  10FA : 00;
  10FB : 00;
  10FC : 00;
  10FD : 00;
  10FE : 00;
  10FF : 00;
  1100 : 00;
  1101 : 00;
  1102 : 00;
  1103 : 00;
  1104 : 00;
  1105 : 00;
  1106 : 00;
  1107 : 00;
  1108 : 00;
  1109 : 00;
  110A : 00;
  110B : 00;
  110C : 00;
  110D : 00;
  110E : 00;
  110F : 00;
  1110 : 00;
  1111 : 00;
  1112 : 00;
  1113 : E0;
  1114 : 00;
  1115 : 00;
  1116 : 00;
  1117 : 00;
  1118 : 00;
  1119 : E0;
  111A : 00;
  111B : 00;
  111C : 00;
  111D : 00;
  111E : 00;
  111F : 00;
  1120 : 00;
  1121 : 00;
  1122 : 00;
  1123 : 00;
  1124 : E0;
  1125 : 00;
  1126 : E0;
  1127 : 00;
  1128 : E0;
  1129 : 00;
  112A : 00;
  112B : 00;
  112C : 00;
  112D : 00;
  112E : 00;
  112F : 00;
  1130 : 00;
  1131 : 00;
  1132 : 00;
  1133 : 00;
  1134 : 00;
  1135 : E0;
  1136 : E0;
  1137 : E0;
  1138 : 00;
  1139 : 00;
  113A : 00;
  113B : 00;
  113C : 00;
  113D : 00;
  113E : 00;
  113F : 00;
  1140 : 00;
  1141 : 00;
  1142 : E0;
  1143 : E0;
  1144 : E0;
  1145 : E0;
  1146 : B4;
  1147 : E0;
  1148 : E0;
  1149 : E0;
  114A : E0;
  114B : 00;
  114C : 00;
  114D : 00;
  114E : 00;
  114F : 00;
  1150 : 00;
  1151 : 00;
  1152 : 00;
  1153 : 00;
  1154 : 00;
  1155 : E0;
  1156 : E0;
  1157 : E0;
  1158 : 00;
  1159 : 00;
  115A : 00;
  115B : 00;
  115C : 00;
  115D : 00;
  115E : 00;
  115F : 00;
  1160 : 00;
  1161 : 00;
  1162 : 00;
  1163 : 00;
  1164 : E0;
  1165 : 3C;
  1166 : E0;
  1167 : 00;
  1168 : E0;
  1169 : 00;
  116A : 00;
  116B : 00;
  116C : 00;
  116D : 00;
  116E : 00;
  116F : 00;
  1170 : 00;
  1171 : 00;
  1172 : 00;
  1173 : E0;
  1174 : 00;
  1175 : 3C;
  1176 : 3C;
  1177 : 00;
  1178 : 00;
  1179 : E0;
  117A : 00;
  117B : 00;
  117C : 00;
  117D : 00;
  117E : 00;
  117F : 00;
  1180 : 00;
  1181 : 00;
  1182 : 00;
  1183 : 00;
  1184 : 00;
  1185 : 3C;
  1186 : 3C;
  1187 : 00;
  1188 : 00;
  1189 : 00;
  118A : 00;
  118B : 00;
  118C : 00;
  118D : 00;
  118E : 00;
  118F : 00;
  1190 : 00;
  1191 : 00;
  1192 : 00;
  1193 : 00;
  1194 : 00;
  1195 : 00;
  1196 : 3C;
  1197 : 3C;
  1198 : 00;
  1199 : 00;
  119A : 00;
  119B : 00;
  119C : 00;
  119D : 00;
  119E : 00;
  119F : 00;
  11A0 : 00;
  11A1 : 00;
  11A2 : 00;
  11A3 : 00;
  11A4 : 00;
  11A5 : 00;
  11A6 : 3C;
  11A7 : 3C;
  11A8 : 00;
  11A9 : 00;
  11AA : 00;
  11AB : 00;
  11AC : 00;
  11AD : 00;
  11AE : 00;
  11AF : 00;
  11B0 : 00;
  11B1 : 00;
  11B2 : 00;
  11B3 : 00;
  11B4 : 00;
  11B5 : 00;
  11B6 : 00;
  11B7 : 3C;
  11B8 : 3C;
  11B9 : 00;
  11BA : 00;
  11BB : 00;
  11BC : 00;
  11BD : 00;
  11BE : 00;
  11BF : 00;
  11C0 : 00;
  11C1 : 00;
  11C2 : 00;
  11C3 : 00;
  11C4 : 00;
  11C5 : 00;
  11C6 : 00;
  11C7 : 3C;
  11C8 : 3C;
  11C9 : 00;
  11CA : 00;
  11CB : 00;
  11CC : 00;
  11CD : 00;
  11CE : 00;
  11CF : 00;
  11D0 : 00;
  11D1 : 00;
  11D2 : 00;
  11D3 : 00;
  11D4 : 00;
  11D5 : 00;
  11D6 : 00;
  11D7 : 00;
  11D8 : 3C;
  11D9 : 3C;
  11DA : 00;
  11DB : 00;
  11DC : 00;
  11DD : 00;
  11DE : 00;
  11DF : 00;
  11E0 : 00;
  11E1 : 00;
  11E2 : 00;
  11E3 : 00;
  11E4 : 00;
  11E5 : 00;
  11E6 : 00;
  11E7 : 00;
  11E8 : 3C;
  11E9 : 3C;
  11EA : 00;
  11EB : 00;
  11EC : 00;
  11ED : 00;
  11EE : 00;
  11EF : 00;
  11F0 : 00;
  11F1 : 00;
  11F2 : 00;
  11F3 : 00;
  11F4 : 00;
  11F5 : 00;
  11F6 : 00;
  11F7 : 00;
  11F8 : 00;
  11F9 : 00;
  11FA : 00;
  11FB : 00;
  11FC : 00;
  11FD : 00;
  11FE : 00;
  11FF : 00;
  1200 : 00;
  1201 : 00;
  1202 : 00;
  1203 : 00;
  1204 : 00;
  1205 : 00;
  1206 : 00;
  1207 : 00;
  1208 : 00;
  1209 : 00;
  120A : 00;
  120B : 00;
  120C : 00;
  120D : 00;
  120E : 00;
  120F : 00;
  1210 : 00;
  1211 : 00;
  1212 : 00;
  1213 : 00;
  1214 : 00;
  1215 : 00;
  1216 : 00;
  1217 : 00;
  1218 : 00;
  1219 : 00;
  121A : 00;
  121B : 00;
  121C : 00;
  121D : 00;
  121E : 00;
  121F : 00;
  1220 : 00;
  1221 : 00;
  1222 : 00;
  1223 : 00;
  1224 : 01;
  1225 : 01;
  1226 : 01;
  1227 : 01;
  1228 : 01;
  1229 : 01;
  122A : 01;
  122B : 00;
  122C : 00;
  122D : 00;
  122E : 00;
  122F : 00;
  1230 : 00;
  1231 : 00;
  1232 : 00;
  1233 : 01;
  1234 : FF;
  1235 : FF;
  1236 : FF;
  1237 : FF;
  1238 : FF;
  1239 : FF;
  123A : 00;
  123B : 01;
  123C : 00;
  123D : 00;
  123E : 00;
  123F : 00;
  1240 : 00;
  1241 : 00;
  1242 : 01;
  1243 : FF;
  1244 : 88;
  1245 : 88;
  1246 : 88;
  1247 : 88;
  1248 : 88;
  1249 : 88;
  124A : 88;
  124B : FF;
  124C : 01;
  124D : 00;
  124E : 00;
  124F : 00;
  1250 : 00;
  1251 : 00;
  1252 : 01;
  1253 : 01;
  1254 : 88;
  1255 : 88;
  1256 : 88;
  1257 : 88;
  1258 : 88;
  1259 : 88;
  125A : 88;
  125B : 01;
  125C : 01;
  125D : 00;
  125E : 00;
  125F : 00;
  1260 : 00;
  1261 : 00;
  1262 : 01;
  1263 : FF;
  1264 : 01;
  1265 : 01;
  1266 : 01;
  1267 : 01;
  1268 : 01;
  1269 : 01;
  126A : 01;
  126B : FF;
  126C : 01;
  126D : 00;
  126E : 00;
  126F : 00;
  1270 : 00;
  1271 : 00;
  1272 : 01;
  1273 : FF;
  1274 : FF;
  1275 : FF;
  1276 : FF;
  1277 : FF;
  1278 : FF;
  1279 : FF;
  127A : FF;
  127B : FF;
  127C : 01;
  127D : 00;
  127E : 00;
  127F : 00;
  1280 : 00;
  1281 : 00;
  1282 : 00;
  1283 : 01;
  1284 : FF;
  1285 : FF;
  1286 : FF;
  1287 : FF;
  1288 : FF;
  1289 : FF;
  128A : FF;
  128B : 01;
  128C : 00;
  128D : 00;
  128E : 00;
  128F : 00;
  1290 : 00;
  1291 : 00;
  1292 : 00;
  1293 : 01;
  1294 : FF;
  1295 : FF;
  1296 : FF;
  1297 : FF;
  1298 : FF;
  1299 : FF;
  129A : FF;
  129B : 01;
  129C : 00;
  129D : 00;
  129E : 00;
  129F : 00;
  12A0 : 00;
  12A1 : 00;
  12A2 : 00;
  12A3 : 00;
  12A4 : 01;
  12A5 : 01;
  12A6 : FF;
  12A7 : FF;
  12A8 : FF;
  12A9 : 01;
  12AA : 01;
  12AB : 00;
  12AC : 00;
  12AD : 00;
  12AE : 00;
  12AF : 00;
  12B0 : 00;
  12B1 : 00;
  12B2 : 00;
  12B3 : 00;
  12B4 : 00;
  12B5 : 00;
  12B6 : 01;
  12B7 : 01;
  12B8 : 01;
  12B9 : 00;
  12BA : 00;
  12BB : 00;
  12BC : 00;
  12BD : 00;
  12BE : 00;
  12BF : 00;
  12C0 : 00;
  12C1 : 00;
  12C2 : 00;
  12C3 : 00;
  12C4 : 00;
  12C5 : 00;
  12C6 : 00;
  12C7 : 00;
  12C8 : 00;
  12C9 : 00;
  12CA : 00;
  12CB : 00;
  12CC : 00;
  12CD : 00;
  12CE : 00;
  12CF : 00;
  12D0 : 00;
  12D1 : 00;
  12D2 : 00;
  12D3 : 00;
  12D4 : 00;
  12D5 : 00;
  12D6 : 00;
  12D7 : 00;
  12D8 : 00;
  12D9 : 00;
  12DA : 00;
  12DB : 00;
  12DC : 00;
  12DD : 00;
  12DE : 00;
  12DF : 00;
  12E0 : 00;
  12E1 : 00;
  12E2 : 00;
  12E3 : 00;
  12E4 : 00;
  12E5 : 00;
  12E6 : 00;
  12E7 : 00;
  12E8 : 00;
  12E9 : 00;
  12EA : 00;
  12EB : 00;
  12EC : 00;
  12ED : 00;
  12EE : 00;
  12EF : 00;
  12F0 : 00;
  12F1 : 00;
  12F2 : 00;
  12F3 : 00;
  12F4 : 00;
  12F5 : 00;
  12F6 : 00;
  12F7 : 00;
  12F8 : 00;
  12F9 : 00;
  12FA : 00;
  12FB : 00;
  12FC : 00;
  12FD : 00;
  12FE : 00;
  12FF : 00;
  1300 : 00;
  1301 : 00;
  1302 : 00;
  1303 : 00;
  1304 : 00;
  1305 : 00;
  1306 : 00;
  1307 : 00;
  1308 : 00;
  1309 : 00;
  130A : 00;
  130B : 00;
  130C : 00;
  130D : 00;
  130E : 00;
  130F : 00;
  1310 : 00;
  1311 : 00;
  1312 : 00;
  1313 : E0;
  1314 : 00;
  1315 : 00;
  1316 : 00;
  1317 : 00;
  1318 : 00;
  1319 : E0;
  131A : 00;
  131B : 00;
  131C : 00;
  131D : 00;
  131E : 00;
  131F : 00;
  1320 : 00;
  1321 : 00;
  1322 : 00;
  1323 : 00;
  1324 : E0;
  1325 : 00;
  1326 : E0;
  1327 : 00;
  1328 : E0;
  1329 : 00;
  132A : 00;
  132B : 00;
  132C : 00;
  132D : 00;
  132E : 00;
  132F : 00;
  1330 : 00;
  1331 : 00;
  1332 : 00;
  1333 : 00;
  1334 : 00;
  1335 : E0;
  1336 : E0;
  1337 : E0;
  1338 : 00;
  1339 : 00;
  133A : 00;
  133B : 00;
  133C : 00;
  133D : 00;
  133E : 00;
  133F : 00;
  1340 : 00;
  1341 : 00;
  1342 : E0;
  1343 : E0;
  1344 : E0;
  1345 : E0;
  1346 : B4;
  1347 : E0;
  1348 : E0;
  1349 : E0;
  134A : E0;
  134B : 00;
  134C : 00;
  134D : 00;
  134E : 00;
  134F : 00;
  1350 : 00;
  1351 : 00;
  1352 : 00;
  1353 : 00;
  1354 : 00;
  1355 : E0;
  1356 : E0;
  1357 : E0;
  1358 : 00;
  1359 : 00;
  135A : 00;
  135B : 00;
  135C : 00;
  135D : 00;
  135E : 00;
  135F : 00;
  1360 : 00;
  1361 : 00;
  1362 : 00;
  1363 : 00;
  1364 : E0;
  1365 : 3C;
  1366 : E0;
  1367 : 00;
  1368 : E0;
  1369 : 00;
  136A : 00;
  136B : 00;
  136C : 00;
  136D : 00;
  136E : 00;
  136F : 00;
  1370 : 00;
  1371 : 00;
  1372 : 00;
  1373 : E0;
  1374 : 00;
  1375 : 3C;
  1376 : 3C;
  1377 : 00;
  1378 : 00;
  1379 : E0;
  137A : 00;
  137B : 00;
  137C : 00;
  137D : 00;
  137E : 00;
  137F : 00;
  1380 : 00;
  1381 : 00;
  1382 : 00;
  1383 : 00;
  1384 : 00;
  1385 : 3C;
  1386 : 3C;
  1387 : 00;
  1388 : 00;
  1389 : 00;
  138A : 00;
  138B : 00;
  138C : 00;
  138D : 00;
  138E : 00;
  138F : 00;
  1390 : 00;
  1391 : 00;
  1392 : 00;
  1393 : 00;
  1394 : 00;
  1395 : 00;
  1396 : 3C;
  1397 : 3C;
  1398 : 00;
  1399 : 00;
  139A : 00;
  139B : 00;
  139C : 00;
  139D : 00;
  139E : 00;
  139F : 00;
  13A0 : 00;
  13A1 : 00;
  13A2 : 00;
  13A3 : 00;
  13A4 : 00;
  13A5 : 00;
  13A6 : 3C;
  13A7 : 3C;
  13A8 : 00;
  13A9 : 00;
  13AA : 00;
  13AB : 00;
  13AC : 00;
  13AD : 00;
  13AE : 00;
  13AF : 00;
  13B0 : 00;
  13B1 : 00;
  13B2 : 00;
  13B3 : 00;
  13B4 : 00;
  13B5 : 00;
  13B6 : 00;
  13B7 : 3C;
  13B8 : 3C;
  13B9 : 00;
  13BA : 00;
  13BB : 00;
  13BC : 00;
  13BD : 00;
  13BE : 00;
  13BF : 00;
  13C0 : 00;
  13C1 : 00;
  13C2 : 00;
  13C3 : 00;
  13C4 : 00;
  13C5 : 00;
  13C6 : 00;
  13C7 : 3C;
  13C8 : 3C;
  13C9 : 00;
  13CA : 00;
  13CB : 00;
  13CC : 00;
  13CD : 00;
  13CE : 00;
  13CF : 00;
  13D0 : 00;
  13D1 : 00;
  13D2 : 00;
  13D3 : 00;
  13D4 : 00;
  13D5 : 00;
  13D6 : 00;
  13D7 : 00;
  13D8 : 3C;
  13D9 : 3C;
  13DA : 00;
  13DB : 00;
  13DC : 00;
  13DD : 00;
  13DE : 00;
  13DF : 00;
  13E0 : 00;
  13E1 : 00;
  13E2 : 00;
  13E3 : 00;
  13E4 : 00;
  13E5 : 00;
  13E6 : 00;
  13E7 : 00;
  13E8 : 3C;
  13E9 : 3C;
  13EA : 00;
  13EB : 00;
  13EC : 00;
  13ED : 00;
  13EE : 00;
  13EF : 00;
  13F0 : 00;
  13F1 : 00;
  13F2 : 00;
  13F3 : 00;
  13F4 : 00;
  13F5 : 00;
  13F6 : 00;
  13F7 : 00;
  13F8 : 00;
  13F9 : 00;
  13FA : 00;
  13FB : 00;
  13FC : 00;
  13FD : 00;
  13FE : 00;
  13FF : 00;
  1400 : 00;
  1401 : 00;
  1402 : 00;
  1403 : 00;
  1404 : 00;
  1405 : 00;
  1406 : 00;
  1407 : 00;
  1408 : 00;
  1409 : 00;
  140A : 00;
  140B : 00;
  140C : 00;
  140D : 00;
  140E : 00;
  140F : 00;
  1410 : 00;
  1411 : 00;
  1412 : 00;
  1413 : 00;
  1414 : 00;
  1415 : 00;
  1416 : 00;
  1417 : 00;
  1418 : 00;
  1419 : 00;
  141A : 00;
  141B : 00;
  141C : 00;
  141D : 00;
  141E : 00;
  141F : 00;
  1420 : 00;
  1421 : 00;
  1422 : 00;
  1423 : 00;
  1424 : 01;
  1425 : 01;
  1426 : 01;
  1427 : 01;
  1428 : 01;
  1429 : 01;
  142A : 01;
  142B : 00;
  142C : 00;
  142D : 00;
  142E : 00;
  142F : 00;
  1430 : 00;
  1431 : 00;
  1432 : 00;
  1433 : 01;
  1434 : FF;
  1435 : FF;
  1436 : FF;
  1437 : FF;
  1438 : FF;
  1439 : FF;
  143A : 00;
  143B : 01;
  143C : 00;
  143D : 00;
  143E : 00;
  143F : 00;
  1440 : 00;
  1441 : 00;
  1442 : 01;
  1443 : FF;
  1444 : 88;
  1445 : 88;
  1446 : 88;
  1447 : 88;
  1448 : 88;
  1449 : 88;
  144A : 88;
  144B : FF;
  144C : 01;
  144D : 00;
  144E : 00;
  144F : 00;
  1450 : 00;
  1451 : 00;
  1452 : 01;
  1453 : 01;
  1454 : 88;
  1455 : 88;
  1456 : 88;
  1457 : 88;
  1458 : 88;
  1459 : 88;
  145A : 88;
  145B : 01;
  145C : 01;
  145D : 00;
  145E : 00;
  145F : 00;
  1460 : 00;
  1461 : 00;
  1462 : 01;
  1463 : FF;
  1464 : 01;
  1465 : 01;
  1466 : 01;
  1467 : 01;
  1468 : 01;
  1469 : 01;
  146A : 01;
  146B : FF;
  146C : 01;
  146D : 00;
  146E : 00;
  146F : 00;
  1470 : 00;
  1471 : 00;
  1472 : 01;
  1473 : FF;
  1474 : FF;
  1475 : FF;
  1476 : FF;
  1477 : FF;
  1478 : FF;
  1479 : FF;
  147A : FF;
  147B : FF;
  147C : 01;
  147D : 00;
  147E : 00;
  147F : 00;
  1480 : 00;
  1481 : 00;
  1482 : 00;
  1483 : 01;
  1484 : FF;
  1485 : FF;
  1486 : FF;
  1487 : FF;
  1488 : FF;
  1489 : FF;
  148A : FF;
  148B : 01;
  148C : 00;
  148D : 00;
  148E : 00;
  148F : 00;
  1490 : 00;
  1491 : 00;
  1492 : 00;
  1493 : 01;
  1494 : FF;
  1495 : FF;
  1496 : FF;
  1497 : FF;
  1498 : FF;
  1499 : FF;
  149A : FF;
  149B : 01;
  149C : 00;
  149D : 00;
  149E : 00;
  149F : 00;
  14A0 : 00;
  14A1 : 00;
  14A2 : 00;
  14A3 : 00;
  14A4 : 01;
  14A5 : 01;
  14A6 : FF;
  14A7 : FF;
  14A8 : FF;
  14A9 : 01;
  14AA : 01;
  14AB : 00;
  14AC : 00;
  14AD : 00;
  14AE : 00;
  14AF : 00;
  14B0 : 00;
  14B1 : 00;
  14B2 : 00;
  14B3 : 00;
  14B4 : 00;
  14B5 : 00;
  14B6 : 01;
  14B7 : 01;
  14B8 : 01;
  14B9 : 00;
  14BA : 00;
  14BB : 00;
  14BC : 00;
  14BD : 00;
  14BE : 00;
  14BF : 00;
  14C0 : 00;
  14C1 : 00;
  14C2 : 00;
  14C3 : 00;
  14C4 : 00;
  14C5 : 00;
  14C6 : 00;
  14C7 : 00;
  14C8 : 00;
  14C9 : 00;
  14CA : 00;
  14CB : 00;
  14CC : 00;
  14CD : 00;
  14CE : 00;
  14CF : 00;
  14D0 : 00;
  14D1 : 00;
  14D2 : 00;
  14D3 : 00;
  14D4 : 00;
  14D5 : 00;
  14D6 : 00;
  14D7 : 00;
  14D8 : 00;
  14D9 : 00;
  14DA : 00;
  14DB : 00;
  14DC : 00;
  14DD : 00;
  14DE : 00;
  14DF : 00;
  14E0 : 00;
  14E1 : 00;
  14E2 : 00;
  14E3 : 00;
  14E4 : 00;
  14E5 : 00;
  14E6 : 00;
  14E7 : 00;
  14E8 : 00;
  14E9 : 00;
  14EA : 00;
  14EB : 00;
  14EC : 00;
  14ED : 00;
  14EE : 00;
  14EF : 00;
  14F0 : 00;
  14F1 : 00;
  14F2 : 00;
  14F3 : 00;
  14F4 : 00;
  14F5 : 00;
  14F6 : 00;
  14F7 : 00;
  14F8 : 00;
  14F9 : 00;
  14FA : 00;
  14FB : 00;
  14FC : 00;
  14FD : 00;
  14FE : 00;
  14FF : 00;
  1500 : 00;
  1501 : 00;
  1502 : 00;
  1503 : 00;
  1504 : 00;
  1505 : 00;
  1506 : 00;
  1507 : 00;
  1508 : 00;
  1509 : 00;
  150A : 00;
  150B : 00;
  150C : 00;
  150D : 00;
  150E : 00;
  150F : 00;
  1510 : 00;
  1511 : 00;
  1512 : 00;
  1513 : E0;
  1514 : 00;
  1515 : 00;
  1516 : 00;
  1517 : 00;
  1518 : 00;
  1519 : E0;
  151A : 00;
  151B : 00;
  151C : 00;
  151D : 00;
  151E : 00;
  151F : 00;
  1520 : 00;
  1521 : 00;
  1522 : 00;
  1523 : 00;
  1524 : E0;
  1525 : 00;
  1526 : E0;
  1527 : 00;
  1528 : E0;
  1529 : 00;
  152A : 00;
  152B : 00;
  152C : 00;
  152D : 00;
  152E : 00;
  152F : 00;
  1530 : 00;
  1531 : 00;
  1532 : 00;
  1533 : 00;
  1534 : 00;
  1535 : E0;
  1536 : E0;
  1537 : E0;
  1538 : 00;
  1539 : 00;
  153A : 00;
  153B : 00;
  153C : 00;
  153D : 00;
  153E : 00;
  153F : 00;
  1540 : 00;
  1541 : 00;
  1542 : E0;
  1543 : E0;
  1544 : E0;
  1545 : E0;
  1546 : B4;
  1547 : E0;
  1548 : E0;
  1549 : E0;
  154A : E0;
  154B : 00;
  154C : 00;
  154D : 00;
  154E : 00;
  154F : 00;
  1550 : 00;
  1551 : 00;
  1552 : 00;
  1553 : 00;
  1554 : 00;
  1555 : E0;
  1556 : E0;
  1557 : E0;
  1558 : 00;
  1559 : 00;
  155A : 00;
  155B : 00;
  155C : 00;
  155D : 00;
  155E : 00;
  155F : 00;
  1560 : 00;
  1561 : 00;
  1562 : 00;
  1563 : 00;
  1564 : E0;
  1565 : 3C;
  1566 : E0;
  1567 : 00;
  1568 : E0;
  1569 : 00;
  156A : 00;
  156B : 00;
  156C : 00;
  156D : 00;
  156E : 00;
  156F : 00;
  1570 : 00;
  1571 : 00;
  1572 : 00;
  1573 : E0;
  1574 : 00;
  1575 : 3C;
  1576 : 3C;
  1577 : 00;
  1578 : 00;
  1579 : E0;
  157A : 00;
  157B : 00;
  157C : 00;
  157D : 00;
  157E : 00;
  157F : 00;
  1580 : 00;
  1581 : 00;
  1582 : 00;
  1583 : 00;
  1584 : 00;
  1585 : 3C;
  1586 : 3C;
  1587 : 00;
  1588 : 00;
  1589 : 00;
  158A : 00;
  158B : 00;
  158C : 00;
  158D : 00;
  158E : 00;
  158F : 00;
  1590 : 00;
  1591 : 00;
  1592 : 00;
  1593 : 00;
  1594 : 00;
  1595 : 00;
  1596 : 3C;
  1597 : 3C;
  1598 : 00;
  1599 : 00;
  159A : 00;
  159B : 00;
  159C : 00;
  159D : 00;
  159E : 00;
  159F : 00;
  15A0 : 00;
  15A1 : 00;
  15A2 : 00;
  15A3 : 00;
  15A4 : 00;
  15A5 : 00;
  15A6 : 3C;
  15A7 : 3C;
  15A8 : 00;
  15A9 : 00;
  15AA : 00;
  15AB : 00;
  15AC : 00;
  15AD : 00;
  15AE : 00;
  15AF : 00;
  15B0 : 00;
  15B1 : 00;
  15B2 : 00;
  15B3 : 00;
  15B4 : 00;
  15B5 : 00;
  15B6 : 00;
  15B7 : 3C;
  15B8 : 3C;
  15B9 : 00;
  15BA : 00;
  15BB : 00;
  15BC : 00;
  15BD : 00;
  15BE : 00;
  15BF : 00;
  15C0 : 00;
  15C1 : 00;
  15C2 : 00;
  15C3 : 00;
  15C4 : 00;
  15C5 : 00;
  15C6 : 00;
  15C7 : 3C;
  15C8 : 3C;
  15C9 : 00;
  15CA : 00;
  15CB : 00;
  15CC : 00;
  15CD : 00;
  15CE : 00;
  15CF : 00;
  15D0 : 00;
  15D1 : 00;
  15D2 : 00;
  15D3 : 00;
  15D4 : 00;
  15D5 : 00;
  15D6 : 00;
  15D7 : 00;
  15D8 : 3C;
  15D9 : 3C;
  15DA : 00;
  15DB : 00;
  15DC : 00;
  15DD : 00;
  15DE : 00;
  15DF : 00;
  15E0 : 00;
  15E1 : 00;
  15E2 : 00;
  15E3 : 00;
  15E4 : 00;
  15E5 : 00;
  15E6 : 00;
  15E7 : 00;
  15E8 : 3C;
  15E9 : 3C;
  15EA : 00;
  15EB : 00;
  15EC : 00;
  15ED : 00;
  15EE : 00;
  15EF : 00;
  15F0 : 00;
  15F1 : 00;
  15F2 : 00;
  15F3 : 00;
  15F4 : 00;
  15F5 : 00;
  15F6 : 00;
  15F7 : 00;
  15F8 : 00;
  15F9 : 00;
  15FA : 00;
  15FB : 00;
  15FC : 00;
  15FD : 00;
  15FE : 00;
  15FF : 00;
  1600 : 00;
  1601 : 00;
  1602 : 00;
  1603 : 00;
  1604 : 00;
  1605 : 00;
  1606 : 00;
  1607 : 00;
  1608 : 00;
  1609 : 00;
  160A : 00;
  160B : 00;
  160C : 00;
  160D : 00;
  160E : 00;
  160F : 00;
  1610 : 00;
  1611 : 00;
  1612 : 00;
  1613 : 00;
  1614 : 00;
  1615 : 00;
  1616 : 00;
  1617 : 00;
  1618 : 00;
  1619 : 00;
  161A : 00;
  161B : 00;
  161C : 00;
  161D : 00;
  161E : 00;
  161F : 00;
  1620 : 00;
  1621 : 00;
  1622 : 00;
  1623 : 00;
  1624 : 01;
  1625 : 01;
  1626 : 01;
  1627 : 01;
  1628 : 01;
  1629 : 01;
  162A : 01;
  162B : 00;
  162C : 00;
  162D : 00;
  162E : 00;
  162F : 00;
  1630 : 00;
  1631 : 00;
  1632 : 00;
  1633 : 01;
  1634 : FF;
  1635 : FF;
  1636 : FF;
  1637 : FF;
  1638 : FF;
  1639 : FF;
  163A : 00;
  163B : 01;
  163C : 00;
  163D : 00;
  163E : 00;
  163F : 00;
  1640 : 00;
  1641 : 00;
  1642 : 01;
  1643 : FF;
  1644 : 88;
  1645 : 88;
  1646 : 88;
  1647 : 88;
  1648 : 88;
  1649 : 88;
  164A : 88;
  164B : FF;
  164C : 01;
  164D : 00;
  164E : 00;
  164F : 00;
  1650 : 00;
  1651 : 00;
  1652 : 01;
  1653 : 01;
  1654 : 88;
  1655 : 88;
  1656 : 88;
  1657 : 88;
  1658 : 88;
  1659 : 88;
  165A : 88;
  165B : 01;
  165C : 01;
  165D : 00;
  165E : 00;
  165F : 00;
  1660 : 00;
  1661 : 00;
  1662 : 01;
  1663 : FF;
  1664 : 01;
  1665 : 01;
  1666 : 01;
  1667 : 01;
  1668 : 01;
  1669 : 01;
  166A : 01;
  166B : FF;
  166C : 01;
  166D : 00;
  166E : 00;
  166F : 00;
  1670 : 00;
  1671 : 00;
  1672 : 01;
  1673 : FF;
  1674 : FF;
  1675 : FF;
  1676 : FF;
  1677 : FF;
  1678 : FF;
  1679 : FF;
  167A : FF;
  167B : FF;
  167C : 01;
  167D : 00;
  167E : 00;
  167F : 00;
  1680 : 00;
  1681 : 00;
  1682 : 00;
  1683 : 01;
  1684 : FF;
  1685 : FF;
  1686 : FF;
  1687 : FF;
  1688 : FF;
  1689 : FF;
  168A : FF;
  168B : 01;
  168C : 00;
  168D : 00;
  168E : 00;
  168F : 00;
  1690 : 00;
  1691 : 00;
  1692 : 00;
  1693 : 01;
  1694 : FF;
  1695 : FF;
  1696 : FF;
  1697 : FF;
  1698 : FF;
  1699 : FF;
  169A : FF;
  169B : 01;
  169C : 00;
  169D : 00;
  169E : 00;
  169F : 00;
  16A0 : 00;
  16A1 : 00;
  16A2 : 00;
  16A3 : 00;
  16A4 : 01;
  16A5 : 01;
  16A6 : FF;
  16A7 : FF;
  16A8 : FF;
  16A9 : 01;
  16AA : 01;
  16AB : 00;
  16AC : 00;
  16AD : 00;
  16AE : 00;
  16AF : 00;
  16B0 : 00;
  16B1 : 00;
  16B2 : 00;
  16B3 : 00;
  16B4 : 00;
  16B5 : 00;
  16B6 : 01;
  16B7 : 01;
  16B8 : 01;
  16B9 : 00;
  16BA : 00;
  16BB : 00;
  16BC : 00;
  16BD : 00;
  16BE : 00;
  16BF : 00;
  16C0 : 00;
  16C1 : 00;
  16C2 : 00;
  16C3 : 00;
  16C4 : 00;
  16C5 : 00;
  16C6 : 00;
  16C7 : 00;
  16C8 : 00;
  16C9 : 00;
  16CA : 00;
  16CB : 00;
  16CC : 00;
  16CD : 00;
  16CE : 00;
  16CF : 00;
  16D0 : 00;
  16D1 : 00;
  16D2 : 00;
  16D3 : 00;
  16D4 : 00;
  16D5 : 00;
  16D6 : 00;
  16D7 : 00;
  16D8 : 00;
  16D9 : 00;
  16DA : 00;
  16DB : 00;
  16DC : 00;
  16DD : 00;
  16DE : 00;
  16DF : 00;
  16E0 : 00;
  16E1 : 00;
  16E2 : 00;
  16E3 : 00;
  16E4 : 00;
  16E5 : 00;
  16E6 : 00;
  16E7 : 00;
  16E8 : 00;
  16E9 : 00;
  16EA : 00;
  16EB : 00;
  16EC : 00;
  16ED : 00;
  16EE : 00;
  16EF : 00;
  16F0 : 00;
  16F1 : 00;
  16F2 : 00;
  16F3 : 00;
  16F4 : 00;
  16F5 : 00;
  16F6 : 00;
  16F7 : 00;
  16F8 : 00;
  16F9 : 00;
  16FA : 00;
  16FB : 00;
  16FC : 00;
  16FD : 00;
  16FE : 00;
  16FF : 00;
  1700 : 00;
  1701 : 00;
  1702 : 00;
  1703 : 00;
  1704 : 00;
  1705 : 00;
  1706 : 00;
  1707 : 00;
  1708 : 00;
  1709 : 00;
  170A : 00;
  170B : 00;
  170C : 00;
  170D : 00;
  170E : 00;
  170F : 00;
  1710 : 00;
  1711 : 00;
  1712 : 00;
  1713 : E0;
  1714 : 00;
  1715 : 00;
  1716 : 00;
  1717 : 00;
  1718 : 00;
  1719 : E0;
  171A : 00;
  171B : 00;
  171C : 00;
  171D : 00;
  171E : 00;
  171F : 00;
  1720 : 00;
  1721 : 00;
  1722 : 00;
  1723 : 00;
  1724 : E0;
  1725 : 00;
  1726 : E0;
  1727 : 00;
  1728 : E0;
  1729 : 00;
  172A : 00;
  172B : 00;
  172C : 00;
  172D : 00;
  172E : 00;
  172F : 00;
  1730 : 00;
  1731 : 00;
  1732 : 00;
  1733 : 00;
  1734 : 00;
  1735 : E0;
  1736 : E0;
  1737 : E0;
  1738 : 00;
  1739 : 00;
  173A : 00;
  173B : 00;
  173C : 00;
  173D : 00;
  173E : 00;
  173F : 00;
  1740 : 00;
  1741 : 00;
  1742 : E0;
  1743 : E0;
  1744 : E0;
  1745 : E0;
  1746 : B4;
  1747 : E0;
  1748 : E0;
  1749 : E0;
  174A : E0;
  174B : 00;
  174C : 00;
  174D : 00;
  174E : 00;
  174F : 00;
  1750 : 00;
  1751 : 00;
  1752 : 00;
  1753 : 00;
  1754 : 00;
  1755 : E0;
  1756 : E0;
  1757 : E0;
  1758 : 00;
  1759 : 00;
  175A : 00;
  175B : 00;
  175C : 00;
  175D : 00;
  175E : 00;
  175F : 00;
  1760 : 00;
  1761 : 00;
  1762 : 00;
  1763 : 00;
  1764 : E0;
  1765 : 3C;
  1766 : E0;
  1767 : 00;
  1768 : E0;
  1769 : 00;
  176A : 00;
  176B : 00;
  176C : 00;
  176D : 00;
  176E : 00;
  176F : 00;
  1770 : 00;
  1771 : 00;
  1772 : 00;
  1773 : E0;
  1774 : 00;
  1775 : 3C;
  1776 : 3C;
  1777 : 00;
  1778 : 00;
  1779 : E0;
  177A : 00;
  177B : 00;
  177C : 00;
  177D : 00;
  177E : 00;
  177F : 00;
  1780 : 00;
  1781 : 00;
  1782 : 00;
  1783 : 00;
  1784 : 00;
  1785 : 3C;
  1786 : 3C;
  1787 : 00;
  1788 : 00;
  1789 : 00;
  178A : 00;
  178B : 00;
  178C : 00;
  178D : 00;
  178E : 00;
  178F : 00;
  1790 : 00;
  1791 : 00;
  1792 : 00;
  1793 : 00;
  1794 : 00;
  1795 : 00;
  1796 : 3C;
  1797 : 3C;
  1798 : 00;
  1799 : 00;
  179A : 00;
  179B : 00;
  179C : 00;
  179D : 00;
  179E : 00;
  179F : 00;
  17A0 : 00;
  17A1 : 00;
  17A2 : 00;
  17A3 : 00;
  17A4 : 00;
  17A5 : 00;
  17A6 : 3C;
  17A7 : 3C;
  17A8 : 00;
  17A9 : 00;
  17AA : 00;
  17AB : 00;
  17AC : 00;
  17AD : 00;
  17AE : 00;
  17AF : 00;
  17B0 : 00;
  17B1 : 00;
  17B2 : 00;
  17B3 : 00;
  17B4 : 00;
  17B5 : 00;
  17B6 : 00;
  17B7 : 3C;
  17B8 : 3C;
  17B9 : 00;
  17BA : 00;
  17BB : 00;
  17BC : 00;
  17BD : 00;
  17BE : 00;
  17BF : 00;
  17C0 : 00;
  17C1 : 00;
  17C2 : 00;
  17C3 : 00;
  17C4 : 00;
  17C5 : 00;
  17C6 : 00;
  17C7 : 3C;
  17C8 : 3C;
  17C9 : 00;
  17CA : 00;
  17CB : 00;
  17CC : 00;
  17CD : 00;
  17CE : 00;
  17CF : 00;
  17D0 : 00;
  17D1 : 00;
  17D2 : 00;
  17D3 : 00;
  17D4 : 00;
  17D5 : 00;
  17D6 : 00;
  17D7 : 00;
  17D8 : 3C;
  17D9 : 3C;
  17DA : 00;
  17DB : 00;
  17DC : 00;
  17DD : 00;
  17DE : 00;
  17DF : 00;
  17E0 : 00;
  17E1 : 00;
  17E2 : 00;
  17E3 : 00;
  17E4 : 00;
  17E5 : 00;
  17E6 : 00;
  17E7 : 00;
  17E8 : 3C;
  17E9 : 3C;
  17EA : 00;
  17EB : 00;
  17EC : 00;
  17ED : 00;
  17EE : 00;
  17EF : 00;
  17F0 : 00;
  17F1 : 00;
  17F2 : 00;
  17F3 : 00;
  17F4 : 00;
  17F5 : 00;
  17F6 : 00;
  17F7 : 00;
  17F8 : 00;
  17F9 : 00;
  17FA : 00;
  17FB : 00;
  17FC : 00;
  17FD : 00;
  17FE : 00;
  17FF : 00;
  1800 : 00;
  1801 : 00;
  1802 : 00;
  1803 : 00;
  1804 : 00;
  1805 : 00;
  1806 : 00;
  1807 : 00;
  1808 : 00;
  1809 : 00;
  180A : 00;
  180B : 00;
  180C : 00;
  180D : 00;
  180E : 00;
  180F : 00;
  1810 : 00;
  1811 : 00;
  1812 : 00;
  1813 : 00;
  1814 : 00;
  1815 : 00;
  1816 : 00;
  1817 : 00;
  1818 : 00;
  1819 : 00;
  181A : 00;
  181B : 00;
  181C : 00;
  181D : 00;
  181E : 00;
  181F : 00;
  1820 : 00;
  1821 : 00;
  1822 : 00;
  1823 : 00;
  1824 : 01;
  1825 : 01;
  1826 : 01;
  1827 : 01;
  1828 : 01;
  1829 : 01;
  182A : 01;
  182B : 00;
  182C : 00;
  182D : 00;
  182E : 00;
  182F : 00;
  1830 : 00;
  1831 : 00;
  1832 : 00;
  1833 : 01;
  1834 : FF;
  1835 : FF;
  1836 : FF;
  1837 : FF;
  1838 : FF;
  1839 : FF;
  183A : 00;
  183B : 01;
  183C : 00;
  183D : 00;
  183E : 00;
  183F : 00;
  1840 : 00;
  1841 : 00;
  1842 : 01;
  1843 : FF;
  1844 : 88;
  1845 : 88;
  1846 : 88;
  1847 : 88;
  1848 : 88;
  1849 : 88;
  184A : 88;
  184B : FF;
  184C : 01;
  184D : 00;
  184E : 00;
  184F : 00;
  1850 : 00;
  1851 : 00;
  1852 : 01;
  1853 : 01;
  1854 : 88;
  1855 : 88;
  1856 : 88;
  1857 : 88;
  1858 : 88;
  1859 : 88;
  185A : 88;
  185B : 01;
  185C : 01;
  185D : 00;
  185E : 00;
  185F : 00;
  1860 : 00;
  1861 : 00;
  1862 : 01;
  1863 : FF;
  1864 : 01;
  1865 : 01;
  1866 : 01;
  1867 : 01;
  1868 : 01;
  1869 : 01;
  186A : 01;
  186B : FF;
  186C : 01;
  186D : 00;
  186E : 00;
  186F : 00;
  1870 : 00;
  1871 : 00;
  1872 : 01;
  1873 : FF;
  1874 : FF;
  1875 : FF;
  1876 : FF;
  1877 : FF;
  1878 : FF;
  1879 : FF;
  187A : FF;
  187B : FF;
  187C : 01;
  187D : 00;
  187E : 00;
  187F : 00;
  1880 : 00;
  1881 : 00;
  1882 : 00;
  1883 : 01;
  1884 : FF;
  1885 : FF;
  1886 : FF;
  1887 : FF;
  1888 : FF;
  1889 : FF;
  188A : FF;
  188B : 01;
  188C : 00;
  188D : 00;
  188E : 00;
  188F : 00;
  1890 : 00;
  1891 : 00;
  1892 : 00;
  1893 : 01;
  1894 : FF;
  1895 : FF;
  1896 : FF;
  1897 : FF;
  1898 : FF;
  1899 : FF;
  189A : FF;
  189B : 01;
  189C : 00;
  189D : 00;
  189E : 00;
  189F : 00;
  18A0 : 00;
  18A1 : 00;
  18A2 : 00;
  18A3 : 00;
  18A4 : 01;
  18A5 : 01;
  18A6 : FF;
  18A7 : FF;
  18A8 : FF;
  18A9 : 01;
  18AA : 01;
  18AB : 00;
  18AC : 00;
  18AD : 00;
  18AE : 00;
  18AF : 00;
  18B0 : 00;
  18B1 : 00;
  18B2 : 00;
  18B3 : 00;
  18B4 : 00;
  18B5 : 00;
  18B6 : 01;
  18B7 : 01;
  18B8 : 01;
  18B9 : 00;
  18BA : 00;
  18BB : 00;
  18BC : 00;
  18BD : 00;
  18BE : 00;
  18BF : 00;
  18C0 : 00;
  18C1 : 00;
  18C2 : 00;
  18C3 : 00;
  18C4 : 00;
  18C5 : 00;
  18C6 : 00;
  18C7 : 00;
  18C8 : 00;
  18C9 : 00;
  18CA : 00;
  18CB : 00;
  18CC : 00;
  18CD : 00;
  18CE : 00;
  18CF : 00;
  18D0 : 00;
  18D1 : 00;
  18D2 : 00;
  18D3 : 00;
  18D4 : 00;
  18D5 : 00;
  18D6 : 00;
  18D7 : 00;
  18D8 : 00;
  18D9 : 00;
  18DA : 00;
  18DB : 00;
  18DC : 00;
  18DD : 00;
  18DE : 00;
  18DF : 00;
  18E0 : 00;
  18E1 : 00;
  18E2 : 00;
  18E3 : 00;
  18E4 : 00;
  18E5 : 00;
  18E6 : 00;
  18E7 : 00;
  18E8 : 00;
  18E9 : 00;
  18EA : 00;
  18EB : 00;
  18EC : 00;
  18ED : 00;
  18EE : 00;
  18EF : 00;
  18F0 : 00;
  18F1 : 00;
  18F2 : 00;
  18F3 : 00;
  18F4 : 00;
  18F5 : 00;
  18F6 : 00;
  18F7 : 00;
  18F8 : 00;
  18F9 : 00;
  18FA : 00;
  18FB : 00;
  18FC : 00;
  18FD : 00;
  18FE : 00;
  18FF : 00;
  1900 : 00;
  1901 : 00;
  1902 : 00;
  1903 : 00;
  1904 : 00;
  1905 : 00;
  1906 : 00;
  1907 : 00;
  1908 : 00;
  1909 : 00;
  190A : 00;
  190B : 00;
  190C : 00;
  190D : 00;
  190E : 00;
  190F : 00;
  1910 : 00;
  1911 : 00;
  1912 : 00;
  1913 : E0;
  1914 : 00;
  1915 : 00;
  1916 : 00;
  1917 : 00;
  1918 : 00;
  1919 : E0;
  191A : 00;
  191B : 00;
  191C : 00;
  191D : 00;
  191E : 00;
  191F : 00;
  1920 : 00;
  1921 : 00;
  1922 : 00;
  1923 : 00;
  1924 : E0;
  1925 : 00;
  1926 : E0;
  1927 : 00;
  1928 : E0;
  1929 : 00;
  192A : 00;
  192B : 00;
  192C : 00;
  192D : 00;
  192E : 00;
  192F : 00;
  1930 : 00;
  1931 : 00;
  1932 : 00;
  1933 : 00;
  1934 : 00;
  1935 : E0;
  1936 : E0;
  1937 : E0;
  1938 : 00;
  1939 : 00;
  193A : 00;
  193B : 00;
  193C : 00;
  193D : 00;
  193E : 00;
  193F : 00;
  1940 : 00;
  1941 : 00;
  1942 : E0;
  1943 : E0;
  1944 : E0;
  1945 : E0;
  1946 : B4;
  1947 : E0;
  1948 : E0;
  1949 : E0;
  194A : E0;
  194B : 00;
  194C : 00;
  194D : 00;
  194E : 00;
  194F : 00;
  1950 : 00;
  1951 : 00;
  1952 : 00;
  1953 : 00;
  1954 : 00;
  1955 : E0;
  1956 : E0;
  1957 : E0;
  1958 : 00;
  1959 : 00;
  195A : 00;
  195B : 00;
  195C : 00;
  195D : 00;
  195E : 00;
  195F : 00;
  1960 : 00;
  1961 : 00;
  1962 : 00;
  1963 : 00;
  1964 : E0;
  1965 : 3C;
  1966 : E0;
  1967 : 00;
  1968 : E0;
  1969 : 00;
  196A : 00;
  196B : 00;
  196C : 00;
  196D : 00;
  196E : 00;
  196F : 00;
  1970 : 00;
  1971 : 00;
  1972 : 00;
  1973 : E0;
  1974 : 00;
  1975 : 3C;
  1976 : 3C;
  1977 : 00;
  1978 : 00;
  1979 : E0;
  197A : 00;
  197B : 00;
  197C : 00;
  197D : 00;
  197E : 00;
  197F : 00;
  1980 : 00;
  1981 : 00;
  1982 : 00;
  1983 : 00;
  1984 : 00;
  1985 : 3C;
  1986 : 3C;
  1987 : 00;
  1988 : 00;
  1989 : 00;
  198A : 00;
  198B : 00;
  198C : 00;
  198D : 00;
  198E : 00;
  198F : 00;
  1990 : 00;
  1991 : 00;
  1992 : 00;
  1993 : 00;
  1994 : 00;
  1995 : 00;
  1996 : 3C;
  1997 : 3C;
  1998 : 00;
  1999 : 00;
  199A : 00;
  199B : 00;
  199C : 00;
  199D : 00;
  199E : 00;
  199F : 00;
  19A0 : 00;
  19A1 : 00;
  19A2 : 00;
  19A3 : 00;
  19A4 : 00;
  19A5 : 00;
  19A6 : 3C;
  19A7 : 3C;
  19A8 : 00;
  19A9 : 00;
  19AA : 00;
  19AB : 00;
  19AC : 00;
  19AD : 00;
  19AE : 00;
  19AF : 00;
  19B0 : 00;
  19B1 : 00;
  19B2 : 00;
  19B3 : 00;
  19B4 : 00;
  19B5 : 00;
  19B6 : 00;
  19B7 : 3C;
  19B8 : 3C;
  19B9 : 00;
  19BA : 00;
  19BB : 00;
  19BC : 00;
  19BD : 00;
  19BE : 00;
  19BF : 00;
  19C0 : 00;
  19C1 : 00;
  19C2 : 00;
  19C3 : 00;
  19C4 : 00;
  19C5 : 00;
  19C6 : 00;
  19C7 : 3C;
  19C8 : 3C;
  19C9 : 00;
  19CA : 00;
  19CB : 00;
  19CC : 00;
  19CD : 00;
  19CE : 00;
  19CF : 00;
  19D0 : 00;
  19D1 : 00;
  19D2 : 00;
  19D3 : 00;
  19D4 : 00;
  19D5 : 00;
  19D6 : 00;
  19D7 : 00;
  19D8 : 3C;
  19D9 : 3C;
  19DA : 00;
  19DB : 00;
  19DC : 00;
  19DD : 00;
  19DE : 00;
  19DF : 00;
  19E0 : 00;
  19E1 : 00;
  19E2 : 00;
  19E3 : 00;
  19E4 : 00;
  19E5 : 00;
  19E6 : 00;
  19E7 : 00;
  19E8 : 3C;
  19E9 : 3C;
  19EA : 00;
  19EB : 00;
  19EC : 00;
  19ED : 00;
  19EE : 00;
  19EF : 00;
  19F0 : 00;
  19F1 : 00;
  19F2 : 00;
  19F3 : 00;
  19F4 : 00;
  19F5 : 00;
  19F6 : 00;
  19F7 : 00;
  19F8 : 00;
  19F9 : 00;
  19FA : 00;
  19FB : 00;
  19FC : 00;
  19FD : 00;
  19FE : 00;
  19FF : 00;
  1A00 : 00;
  1A01 : 00;
  1A02 : 00;
  1A03 : 00;
  1A04 : 00;
  1A05 : 00;
  1A06 : 00;
  1A07 : 00;
  1A08 : 00;
  1A09 : 00;
  1A0A : 00;
  1A0B : 00;
  1A0C : 00;
  1A0D : 00;
  1A0E : 00;
  1A0F : 00;
  1A10 : 00;
  1A11 : 00;
  1A12 : 00;
  1A13 : 00;
  1A14 : 00;
  1A15 : 00;
  1A16 : 00;
  1A17 : 00;
  1A18 : 00;
  1A19 : 00;
  1A1A : 00;
  1A1B : 00;
  1A1C : 00;
  1A1D : 00;
  1A1E : 00;
  1A1F : 00;
  1A20 : 00;
  1A21 : 00;
  1A22 : 00;
  1A23 : 00;
  1A24 : 01;
  1A25 : 01;
  1A26 : 01;
  1A27 : 01;
  1A28 : 01;
  1A29 : 01;
  1A2A : 01;
  1A2B : 00;
  1A2C : 00;
  1A2D : 00;
  1A2E : 00;
  1A2F : 00;
  1A30 : 00;
  1A31 : 00;
  1A32 : 00;
  1A33 : 01;
  1A34 : FF;
  1A35 : FF;
  1A36 : FF;
  1A37 : FF;
  1A38 : FF;
  1A39 : FF;
  1A3A : 00;
  1A3B : 01;
  1A3C : 00;
  1A3D : 00;
  1A3E : 00;
  1A3F : 00;
  1A40 : 00;
  1A41 : 00;
  1A42 : 01;
  1A43 : FF;
  1A44 : 88;
  1A45 : 88;
  1A46 : 88;
  1A47 : 88;
  1A48 : 88;
  1A49 : 88;
  1A4A : 88;
  1A4B : FF;
  1A4C : 01;
  1A4D : 00;
  1A4E : 00;
  1A4F : 00;
  1A50 : 00;
  1A51 : 00;
  1A52 : 01;
  1A53 : 01;
  1A54 : 88;
  1A55 : 88;
  1A56 : 88;
  1A57 : 88;
  1A58 : 88;
  1A59 : 88;
  1A5A : 88;
  1A5B : 01;
  1A5C : 01;
  1A5D : 00;
  1A5E : 00;
  1A5F : 00;
  1A60 : 00;
  1A61 : 00;
  1A62 : 01;
  1A63 : FF;
  1A64 : 01;
  1A65 : 01;
  1A66 : 01;
  1A67 : 01;
  1A68 : 01;
  1A69 : 01;
  1A6A : 01;
  1A6B : FF;
  1A6C : 01;
  1A6D : 00;
  1A6E : 00;
  1A6F : 00;
  1A70 : 00;
  1A71 : 00;
  1A72 : 01;
  1A73 : FF;
  1A74 : FF;
  1A75 : FF;
  1A76 : FF;
  1A77 : FF;
  1A78 : FF;
  1A79 : FF;
  1A7A : FF;
  1A7B : FF;
  1A7C : 01;
  1A7D : 00;
  1A7E : 00;
  1A7F : 00;
  1A80 : 00;
  1A81 : 00;
  1A82 : 00;
  1A83 : 01;
  1A84 : FF;
  1A85 : FF;
  1A86 : FF;
  1A87 : FF;
  1A88 : FF;
  1A89 : FF;
  1A8A : FF;
  1A8B : 01;
  1A8C : 00;
  1A8D : 00;
  1A8E : 00;
  1A8F : 00;
  1A90 : 00;
  1A91 : 00;
  1A92 : 00;
  1A93 : 01;
  1A94 : FF;
  1A95 : FF;
  1A96 : FF;
  1A97 : FF;
  1A98 : FF;
  1A99 : FF;
  1A9A : FF;
  1A9B : 01;
  1A9C : 00;
  1A9D : 00;
  1A9E : 00;
  1A9F : 00;
  1AA0 : 00;
  1AA1 : 00;
  1AA2 : 00;
  1AA3 : 00;
  1AA4 : 01;
  1AA5 : 01;
  1AA6 : FF;
  1AA7 : FF;
  1AA8 : FF;
  1AA9 : 01;
  1AAA : 01;
  1AAB : 00;
  1AAC : 00;
  1AAD : 00;
  1AAE : 00;
  1AAF : 00;
  1AB0 : 00;
  1AB1 : 00;
  1AB2 : 00;
  1AB3 : 00;
  1AB4 : 00;
  1AB5 : 00;
  1AB6 : 01;
  1AB7 : 01;
  1AB8 : 01;
  1AB9 : 00;
  1ABA : 00;
  1ABB : 00;
  1ABC : 00;
  1ABD : 00;
  1ABE : 00;
  1ABF : 00;
  1AC0 : 00;
  1AC1 : 00;
  1AC2 : 00;
  1AC3 : 00;
  1AC4 : 00;
  1AC5 : 00;
  1AC6 : 00;
  1AC7 : 00;
  1AC8 : 00;
  1AC9 : 00;
  1ACA : 00;
  1ACB : 00;
  1ACC : 00;
  1ACD : 00;
  1ACE : 00;
  1ACF : 00;
  1AD0 : 00;
  1AD1 : 00;
  1AD2 : 00;
  1AD3 : 00;
  1AD4 : 00;
  1AD5 : 00;
  1AD6 : 00;
  1AD7 : 00;
  1AD8 : 00;
  1AD9 : 00;
  1ADA : 00;
  1ADB : 00;
  1ADC : 00;
  1ADD : 00;
  1ADE : 00;
  1ADF : 00;
  1AE0 : 00;
  1AE1 : 00;
  1AE2 : 00;
  1AE3 : 00;
  1AE4 : 00;
  1AE5 : 00;
  1AE6 : 00;
  1AE7 : 00;
  1AE8 : 00;
  1AE9 : 00;
  1AEA : 00;
  1AEB : 00;
  1AEC : 00;
  1AED : 00;
  1AEE : 00;
  1AEF : 00;
  1AF0 : 00;
  1AF1 : 00;
  1AF2 : 00;
  1AF3 : 00;
  1AF4 : 00;
  1AF5 : 00;
  1AF6 : 00;
  1AF7 : 00;
  1AF8 : 00;
  1AF9 : 00;
  1AFA : 00;
  1AFB : 00;
  1AFC : 00;
  1AFD : 00;
  1AFE : 00;
  1AFF : 00;
  1B00 : 00;
  1B01 : 00;
  1B02 : 00;
  1B03 : 00;
  1B04 : 00;
  1B05 : 00;
  1B06 : 00;
  1B07 : 00;
  1B08 : 00;
  1B09 : 00;
  1B0A : 00;
  1B0B : 00;
  1B0C : 00;
  1B0D : 00;
  1B0E : 00;
  1B0F : 00;
  1B10 : 00;
  1B11 : 00;
  1B12 : 00;
  1B13 : E0;
  1B14 : 00;
  1B15 : 00;
  1B16 : 00;
  1B17 : 00;
  1B18 : 00;
  1B19 : E0;
  1B1A : 00;
  1B1B : 00;
  1B1C : 00;
  1B1D : 00;
  1B1E : 00;
  1B1F : 00;
  1B20 : 00;
  1B21 : 00;
  1B22 : 00;
  1B23 : 00;
  1B24 : E0;
  1B25 : 00;
  1B26 : E0;
  1B27 : 00;
  1B28 : E0;
  1B29 : 00;
  1B2A : 00;
  1B2B : 00;
  1B2C : 00;
  1B2D : 00;
  1B2E : 00;
  1B2F : 00;
  1B30 : 00;
  1B31 : 00;
  1B32 : 00;
  1B33 : 00;
  1B34 : 00;
  1B35 : E0;
  1B36 : E0;
  1B37 : E0;
  1B38 : 00;
  1B39 : 00;
  1B3A : 00;
  1B3B : 00;
  1B3C : 00;
  1B3D : 00;
  1B3E : 00;
  1B3F : 00;
  1B40 : 00;
  1B41 : 00;
  1B42 : E0;
  1B43 : E0;
  1B44 : E0;
  1B45 : E0;
  1B46 : B4;
  1B47 : E0;
  1B48 : E0;
  1B49 : E0;
  1B4A : E0;
  1B4B : 00;
  1B4C : 00;
  1B4D : 00;
  1B4E : 00;
  1B4F : 00;
  1B50 : 00;
  1B51 : 00;
  1B52 : 00;
  1B53 : 00;
  1B54 : 00;
  1B55 : E0;
  1B56 : E0;
  1B57 : E0;
  1B58 : 00;
  1B59 : 00;
  1B5A : 00;
  1B5B : 00;
  1B5C : 00;
  1B5D : 00;
  1B5E : 00;
  1B5F : 00;
  1B60 : 00;
  1B61 : 00;
  1B62 : 00;
  1B63 : 00;
  1B64 : E0;
  1B65 : 3C;
  1B66 : E0;
  1B67 : 00;
  1B68 : E0;
  1B69 : 00;
  1B6A : 00;
  1B6B : 00;
  1B6C : 00;
  1B6D : 00;
  1B6E : 00;
  1B6F : 00;
  1B70 : 00;
  1B71 : 00;
  1B72 : 00;
  1B73 : E0;
  1B74 : 00;
  1B75 : 3C;
  1B76 : 3C;
  1B77 : 00;
  1B78 : 00;
  1B79 : E0;
  1B7A : 00;
  1B7B : 00;
  1B7C : 00;
  1B7D : 00;
  1B7E : 00;
  1B7F : 00;
  1B80 : 00;
  1B81 : 00;
  1B82 : 00;
  1B83 : 00;
  1B84 : 00;
  1B85 : 3C;
  1B86 : 3C;
  1B87 : 00;
  1B88 : 00;
  1B89 : 00;
  1B8A : 00;
  1B8B : 00;
  1B8C : 00;
  1B8D : 00;
  1B8E : 00;
  1B8F : 00;
  1B90 : 00;
  1B91 : 00;
  1B92 : 00;
  1B93 : 00;
  1B94 : 00;
  1B95 : 00;
  1B96 : 3C;
  1B97 : 3C;
  1B98 : 00;
  1B99 : 00;
  1B9A : 00;
  1B9B : 00;
  1B9C : 00;
  1B9D : 00;
  1B9E : 00;
  1B9F : 00;
  1BA0 : 00;
  1BA1 : 00;
  1BA2 : 00;
  1BA3 : 00;
  1BA4 : 00;
  1BA5 : 00;
  1BA6 : 3C;
  1BA7 : 3C;
  1BA8 : 00;
  1BA9 : 00;
  1BAA : 00;
  1BAB : 00;
  1BAC : 00;
  1BAD : 00;
  1BAE : 00;
  1BAF : 00;
  1BB0 : 00;
  1BB1 : 00;
  1BB2 : 00;
  1BB3 : 00;
  1BB4 : 00;
  1BB5 : 00;
  1BB6 : 00;
  1BB7 : 3C;
  1BB8 : 3C;
  1BB9 : 00;
  1BBA : 00;
  1BBB : 00;
  1BBC : 00;
  1BBD : 00;
  1BBE : 00;
  1BBF : 00;
  1BC0 : 00;
  1BC1 : 00;
  1BC2 : 00;
  1BC3 : 00;
  1BC4 : 00;
  1BC5 : 00;
  1BC6 : 00;
  1BC7 : 3C;
  1BC8 : 3C;
  1BC9 : 00;
  1BCA : 00;
  1BCB : 00;
  1BCC : 00;
  1BCD : 00;
  1BCE : 00;
  1BCF : 00;
  1BD0 : 00;
  1BD1 : 00;
  1BD2 : 00;
  1BD3 : 00;
  1BD4 : 00;
  1BD5 : 00;
  1BD6 : 00;
  1BD7 : 00;
  1BD8 : 3C;
  1BD9 : 3C;
  1BDA : 00;
  1BDB : 00;
  1BDC : 00;
  1BDD : 00;
  1BDE : 00;
  1BDF : 00;
  1BE0 : 00;
  1BE1 : 00;
  1BE2 : 00;
  1BE3 : 00;
  1BE4 : 00;
  1BE5 : 00;
  1BE6 : 00;
  1BE7 : 00;
  1BE8 : 3C;
  1BE9 : 3C;
  1BEA : 00;
  1BEB : 00;
  1BEC : 00;
  1BED : 00;
  1BEE : 00;
  1BEF : 00;
  1BF0 : 00;
  1BF1 : 00;
  1BF2 : 00;
  1BF3 : 00;
  1BF4 : 00;
  1BF5 : 00;
  1BF6 : 00;
  1BF7 : 00;
  1BF8 : 00;
  1BF9 : 00;
  1BFA : 00;
  1BFB : 00;
  1BFC : 00;
  1BFD : 00;
  1BFE : 00;
  1BFF : 00;
  1C00 : 00;
  1C01 : 00;
  1C02 : 00;
  1C03 : 00;
  1C04 : 00;
  1C05 : 00;
  1C06 : 00;
  1C07 : 00;
  1C08 : 00;
  1C09 : 00;
  1C0A : 00;
  1C0B : 00;
  1C0C : 00;
  1C0D : 00;
  1C0E : 00;
  1C0F : 00;
  1C10 : 00;
  1C11 : 00;
  1C12 : 00;
  1C13 : 00;
  1C14 : 00;
  1C15 : 00;
  1C16 : 00;
  1C17 : 00;
  1C18 : 00;
  1C19 : 00;
  1C1A : 00;
  1C1B : 00;
  1C1C : 00;
  1C1D : 00;
  1C1E : 00;
  1C1F : 00;
  1C20 : 00;
  1C21 : 00;
  1C22 : 00;
  1C23 : 00;
  1C24 : 01;
  1C25 : 01;
  1C26 : 01;
  1C27 : 01;
  1C28 : 01;
  1C29 : 01;
  1C2A : 01;
  1C2B : 00;
  1C2C : 00;
  1C2D : 00;
  1C2E : 00;
  1C2F : 00;
  1C30 : 00;
  1C31 : 00;
  1C32 : 00;
  1C33 : 01;
  1C34 : FF;
  1C35 : FF;
  1C36 : FF;
  1C37 : FF;
  1C38 : FF;
  1C39 : FF;
  1C3A : 00;
  1C3B : 01;
  1C3C : 00;
  1C3D : 00;
  1C3E : 00;
  1C3F : 00;
  1C40 : 00;
  1C41 : 00;
  1C42 : 01;
  1C43 : FF;
  1C44 : 88;
  1C45 : 88;
  1C46 : 88;
  1C47 : 88;
  1C48 : 88;
  1C49 : 88;
  1C4A : 88;
  1C4B : FF;
  1C4C : 01;
  1C4D : 00;
  1C4E : 00;
  1C4F : 00;
  1C50 : 00;
  1C51 : 00;
  1C52 : 01;
  1C53 : 01;
  1C54 : 88;
  1C55 : 88;
  1C56 : 88;
  1C57 : 88;
  1C58 : 88;
  1C59 : 88;
  1C5A : 88;
  1C5B : 01;
  1C5C : 01;
  1C5D : 00;
  1C5E : 00;
  1C5F : 00;
  1C60 : 00;
  1C61 : 00;
  1C62 : 01;
  1C63 : FF;
  1C64 : 01;
  1C65 : 01;
  1C66 : 01;
  1C67 : 01;
  1C68 : 01;
  1C69 : 01;
  1C6A : 01;
  1C6B : FF;
  1C6C : 01;
  1C6D : 00;
  1C6E : 00;
  1C6F : 00;
  1C70 : 00;
  1C71 : 00;
  1C72 : 01;
  1C73 : FF;
  1C74 : FF;
  1C75 : FF;
  1C76 : FF;
  1C77 : FF;
  1C78 : FF;
  1C79 : FF;
  1C7A : FF;
  1C7B : FF;
  1C7C : 01;
  1C7D : 00;
  1C7E : 00;
  1C7F : 00;
  1C80 : 00;
  1C81 : 00;
  1C82 : 00;
  1C83 : 01;
  1C84 : FF;
  1C85 : FF;
  1C86 : FF;
  1C87 : FF;
  1C88 : FF;
  1C89 : FF;
  1C8A : FF;
  1C8B : 01;
  1C8C : 00;
  1C8D : 00;
  1C8E : 00;
  1C8F : 00;
  1C90 : 00;
  1C91 : 00;
  1C92 : 00;
  1C93 : 01;
  1C94 : FF;
  1C95 : FF;
  1C96 : FF;
  1C97 : FF;
  1C98 : FF;
  1C99 : FF;
  1C9A : FF;
  1C9B : 01;
  1C9C : 00;
  1C9D : 00;
  1C9E : 00;
  1C9F : 00;
  1CA0 : 00;
  1CA1 : 00;
  1CA2 : 00;
  1CA3 : 00;
  1CA4 : 01;
  1CA5 : 01;
  1CA6 : FF;
  1CA7 : FF;
  1CA8 : FF;
  1CA9 : 01;
  1CAA : 01;
  1CAB : 00;
  1CAC : 00;
  1CAD : 00;
  1CAE : 00;
  1CAF : 00;
  1CB0 : 00;
  1CB1 : 00;
  1CB2 : 00;
  1CB3 : 00;
  1CB4 : 00;
  1CB5 : 00;
  1CB6 : 01;
  1CB7 : 01;
  1CB8 : 01;
  1CB9 : 00;
  1CBA : 00;
  1CBB : 00;
  1CBC : 00;
  1CBD : 00;
  1CBE : 00;
  1CBF : 00;
  1CC0 : 00;
  1CC1 : 00;
  1CC2 : 00;
  1CC3 : 00;
  1CC4 : 00;
  1CC5 : 00;
  1CC6 : 00;
  1CC7 : 00;
  1CC8 : 00;
  1CC9 : 00;
  1CCA : 00;
  1CCB : 00;
  1CCC : 00;
  1CCD : 00;
  1CCE : 00;
  1CCF : 00;
  1CD0 : 00;
  1CD1 : 00;
  1CD2 : 00;
  1CD3 : 00;
  1CD4 : 00;
  1CD5 : 00;
  1CD6 : 00;
  1CD7 : 00;
  1CD8 : 00;
  1CD9 : 00;
  1CDA : 00;
  1CDB : 00;
  1CDC : 00;
  1CDD : 00;
  1CDE : 00;
  1CDF : 00;
  1CE0 : 00;
  1CE1 : 00;
  1CE2 : 00;
  1CE3 : 00;
  1CE4 : 00;
  1CE5 : 00;
  1CE6 : 00;
  1CE7 : 00;
  1CE8 : 00;
  1CE9 : 00;
  1CEA : 00;
  1CEB : 00;
  1CEC : 00;
  1CED : 00;
  1CEE : 00;
  1CEF : 00;
  1CF0 : 00;
  1CF1 : 00;
  1CF2 : 00;
  1CF3 : 00;
  1CF4 : 00;
  1CF5 : 00;
  1CF6 : 00;
  1CF7 : 00;
  1CF8 : 00;
  1CF9 : 00;
  1CFA : 00;
  1CFB : 00;
  1CFC : 00;
  1CFD : 00;
  1CFE : 00;
  1CFF : 00;
  1D00 : 00;
  1D01 : 00;
  1D02 : 00;
  1D03 : 00;
  1D04 : 00;
  1D05 : 00;
  1D06 : 00;
  1D07 : 00;
  1D08 : 00;
  1D09 : 00;
  1D0A : 00;
  1D0B : 00;
  1D0C : 00;
  1D0D : 00;
  1D0E : 00;
  1D0F : 00;
  1D10 : 00;
  1D11 : 00;
  1D12 : 00;
  1D13 : E0;
  1D14 : 00;
  1D15 : 00;
  1D16 : 00;
  1D17 : 00;
  1D18 : 00;
  1D19 : E0;
  1D1A : 00;
  1D1B : 00;
  1D1C : 00;
  1D1D : 00;
  1D1E : 00;
  1D1F : 00;
  1D20 : 00;
  1D21 : 00;
  1D22 : 00;
  1D23 : 00;
  1D24 : E0;
  1D25 : 00;
  1D26 : E0;
  1D27 : 00;
  1D28 : E0;
  1D29 : 00;
  1D2A : 00;
  1D2B : 00;
  1D2C : 00;
  1D2D : 00;
  1D2E : 00;
  1D2F : 00;
  1D30 : 00;
  1D31 : 00;
  1D32 : 00;
  1D33 : 00;
  1D34 : 00;
  1D35 : E0;
  1D36 : E0;
  1D37 : E0;
  1D38 : 00;
  1D39 : 00;
  1D3A : 00;
  1D3B : 00;
  1D3C : 00;
  1D3D : 00;
  1D3E : 00;
  1D3F : 00;
  1D40 : 00;
  1D41 : 00;
  1D42 : E0;
  1D43 : E0;
  1D44 : E0;
  1D45 : E0;
  1D46 : B4;
  1D47 : E0;
  1D48 : E0;
  1D49 : E0;
  1D4A : E0;
  1D4B : 00;
  1D4C : 00;
  1D4D : 00;
  1D4E : 00;
  1D4F : 00;
  1D50 : 00;
  1D51 : 00;
  1D52 : 00;
  1D53 : 00;
  1D54 : 00;
  1D55 : E0;
  1D56 : E0;
  1D57 : E0;
  1D58 : 00;
  1D59 : 00;
  1D5A : 00;
  1D5B : 00;
  1D5C : 00;
  1D5D : 00;
  1D5E : 00;
  1D5F : 00;
  1D60 : 00;
  1D61 : 00;
  1D62 : 00;
  1D63 : 00;
  1D64 : E0;
  1D65 : 3C;
  1D66 : E0;
  1D67 : 00;
  1D68 : E0;
  1D69 : 00;
  1D6A : 00;
  1D6B : 00;
  1D6C : 00;
  1D6D : 00;
  1D6E : 00;
  1D6F : 00;
  1D70 : 00;
  1D71 : 00;
  1D72 : 00;
  1D73 : E0;
  1D74 : 00;
  1D75 : 3C;
  1D76 : 3C;
  1D77 : 00;
  1D78 : 00;
  1D79 : E0;
  1D7A : 00;
  1D7B : 00;
  1D7C : 00;
  1D7D : 00;
  1D7E : 00;
  1D7F : 00;
  1D80 : 00;
  1D81 : 00;
  1D82 : 00;
  1D83 : 00;
  1D84 : 00;
  1D85 : 3C;
  1D86 : 3C;
  1D87 : 00;
  1D88 : 00;
  1D89 : 00;
  1D8A : 00;
  1D8B : 00;
  1D8C : 00;
  1D8D : 00;
  1D8E : 00;
  1D8F : 00;
  1D90 : 00;
  1D91 : 00;
  1D92 : 00;
  1D93 : 00;
  1D94 : 00;
  1D95 : 00;
  1D96 : 3C;
  1D97 : 3C;
  1D98 : 00;
  1D99 : 00;
  1D9A : 00;
  1D9B : 00;
  1D9C : 00;
  1D9D : 00;
  1D9E : 00;
  1D9F : 00;
  1DA0 : 00;
  1DA1 : 00;
  1DA2 : 00;
  1DA3 : 00;
  1DA4 : 00;
  1DA5 : 00;
  1DA6 : 3C;
  1DA7 : 3C;
  1DA8 : 00;
  1DA9 : 00;
  1DAA : 00;
  1DAB : 00;
  1DAC : 00;
  1DAD : 00;
  1DAE : 00;
  1DAF : 00;
  1DB0 : 00;
  1DB1 : 00;
  1DB2 : 00;
  1DB3 : 00;
  1DB4 : 00;
  1DB5 : 00;
  1DB6 : 00;
  1DB7 : 3C;
  1DB8 : 3C;
  1DB9 : 00;
  1DBA : 00;
  1DBB : 00;
  1DBC : 00;
  1DBD : 00;
  1DBE : 00;
  1DBF : 00;
  1DC0 : 00;
  1DC1 : 00;
  1DC2 : 00;
  1DC3 : 00;
  1DC4 : 00;
  1DC5 : 00;
  1DC6 : 00;
  1DC7 : 3C;
  1DC8 : 3C;
  1DC9 : 00;
  1DCA : 00;
  1DCB : 00;
  1DCC : 00;
  1DCD : 00;
  1DCE : 00;
  1DCF : 00;
  1DD0 : 00;
  1DD1 : 00;
  1DD2 : 00;
  1DD3 : 00;
  1DD4 : 00;
  1DD5 : 00;
  1DD6 : 00;
  1DD7 : 00;
  1DD8 : 3C;
  1DD9 : 3C;
  1DDA : 00;
  1DDB : 00;
  1DDC : 00;
  1DDD : 00;
  1DDE : 00;
  1DDF : 00;
  1DE0 : 00;
  1DE1 : 00;
  1DE2 : 00;
  1DE3 : 00;
  1DE4 : 00;
  1DE5 : 00;
  1DE6 : 00;
  1DE7 : 00;
  1DE8 : 3C;
  1DE9 : 3C;
  1DEA : 00;
  1DEB : 00;
  1DEC : 00;
  1DED : 00;
  1DEE : 00;
  1DEF : 00;
  1DF0 : 00;
  1DF1 : 00;
  1DF2 : 00;
  1DF3 : 00;
  1DF4 : 00;
  1DF5 : 00;
  1DF6 : 00;
  1DF7 : 00;
  1DF8 : 00;
  1DF9 : 00;
  1DFA : 00;
  1DFB : 00;
  1DFC : 00;
  1DFD : 00;
  1DFE : 00;
  1DFF : 00;
  1E00 : 00;
  1E01 : 00;
  1E02 : 00;
  1E03 : 00;
  1E04 : 00;
  1E05 : 00;
  1E06 : 00;
  1E07 : 00;
  1E08 : 00;
  1E09 : 00;
  1E0A : 00;
  1E0B : 00;
  1E0C : 00;
  1E0D : 00;
  1E0E : 00;
  1E0F : 00;
  1E10 : 00;
  1E11 : 00;
  1E12 : 00;
  1E13 : 00;
  1E14 : 00;
  1E15 : 00;
  1E16 : 00;
  1E17 : 00;
  1E18 : 00;
  1E19 : 00;
  1E1A : 00;
  1E1B : 00;
  1E1C : 00;
  1E1D : 00;
  1E1E : 00;
  1E1F : 00;
  1E20 : 00;
  1E21 : 00;
  1E22 : 00;
  1E23 : 00;
  1E24 : 01;
  1E25 : 01;
  1E26 : 01;
  1E27 : 01;
  1E28 : 01;
  1E29 : 01;
  1E2A : 01;
  1E2B : 00;
  1E2C : 00;
  1E2D : 00;
  1E2E : 00;
  1E2F : 00;
  1E30 : 00;
  1E31 : 00;
  1E32 : 00;
  1E33 : 01;
  1E34 : FF;
  1E35 : FF;
  1E36 : FF;
  1E37 : FF;
  1E38 : FF;
  1E39 : FF;
  1E3A : 00;
  1E3B : 01;
  1E3C : 00;
  1E3D : 00;
  1E3E : 00;
  1E3F : 00;
  1E40 : 00;
  1E41 : 00;
  1E42 : 01;
  1E43 : FF;
  1E44 : 88;
  1E45 : 88;
  1E46 : 88;
  1E47 : 88;
  1E48 : 88;
  1E49 : 88;
  1E4A : 88;
  1E4B : FF;
  1E4C : 01;
  1E4D : 00;
  1E4E : 00;
  1E4F : 00;
  1E50 : 00;
  1E51 : 00;
  1E52 : 01;
  1E53 : 01;
  1E54 : 88;
  1E55 : 88;
  1E56 : 88;
  1E57 : 88;
  1E58 : 88;
  1E59 : 88;
  1E5A : 88;
  1E5B : 01;
  1E5C : 01;
  1E5D : 00;
  1E5E : 00;
  1E5F : 00;
  1E60 : 00;
  1E61 : 00;
  1E62 : 01;
  1E63 : FF;
  1E64 : 01;
  1E65 : 01;
  1E66 : 01;
  1E67 : 01;
  1E68 : 01;
  1E69 : 01;
  1E6A : 01;
  1E6B : FF;
  1E6C : 01;
  1E6D : 00;
  1E6E : 00;
  1E6F : 00;
  1E70 : 00;
  1E71 : 00;
  1E72 : 01;
  1E73 : FF;
  1E74 : FF;
  1E75 : FF;
  1E76 : FF;
  1E77 : FF;
  1E78 : FF;
  1E79 : FF;
  1E7A : FF;
  1E7B : FF;
  1E7C : 01;
  1E7D : 00;
  1E7E : 00;
  1E7F : 00;
  1E80 : 00;
  1E81 : 00;
  1E82 : 00;
  1E83 : 01;
  1E84 : FF;
  1E85 : FF;
  1E86 : FF;
  1E87 : FF;
  1E88 : FF;
  1E89 : FF;
  1E8A : FF;
  1E8B : 01;
  1E8C : 00;
  1E8D : 00;
  1E8E : 00;
  1E8F : 00;
  1E90 : 00;
  1E91 : 00;
  1E92 : 00;
  1E93 : 01;
  1E94 : FF;
  1E95 : FF;
  1E96 : FF;
  1E97 : FF;
  1E98 : FF;
  1E99 : FF;
  1E9A : FF;
  1E9B : 01;
  1E9C : 00;
  1E9D : 00;
  1E9E : 00;
  1E9F : 00;
  1EA0 : 00;
  1EA1 : 00;
  1EA2 : 00;
  1EA3 : 00;
  1EA4 : 01;
  1EA5 : 01;
  1EA6 : FF;
  1EA7 : FF;
  1EA8 : FF;
  1EA9 : 01;
  1EAA : 01;
  1EAB : 00;
  1EAC : 00;
  1EAD : 00;
  1EAE : 00;
  1EAF : 00;
  1EB0 : 00;
  1EB1 : 00;
  1EB2 : 00;
  1EB3 : 00;
  1EB4 : 00;
  1EB5 : 00;
  1EB6 : 01;
  1EB7 : 01;
  1EB8 : 01;
  1EB9 : 00;
  1EBA : 00;
  1EBB : 00;
  1EBC : 00;
  1EBD : 00;
  1EBE : 00;
  1EBF : 00;
  1EC0 : 00;
  1EC1 : 00;
  1EC2 : 00;
  1EC3 : 00;
  1EC4 : 00;
  1EC5 : 00;
  1EC6 : 00;
  1EC7 : 00;
  1EC8 : 00;
  1EC9 : 00;
  1ECA : 00;
  1ECB : 00;
  1ECC : 00;
  1ECD : 00;
  1ECE : 00;
  1ECF : 00;
  1ED0 : 00;
  1ED1 : 00;
  1ED2 : 00;
  1ED3 : 00;
  1ED4 : 00;
  1ED5 : 00;
  1ED6 : 00;
  1ED7 : 00;
  1ED8 : 00;
  1ED9 : 00;
  1EDA : 00;
  1EDB : 00;
  1EDC : 00;
  1EDD : 00;
  1EDE : 00;
  1EDF : 00;
  1EE0 : 00;
  1EE1 : 00;
  1EE2 : 00;
  1EE3 : 00;
  1EE4 : 00;
  1EE5 : 00;
  1EE6 : 00;
  1EE7 : 00;
  1EE8 : 00;
  1EE9 : 00;
  1EEA : 00;
  1EEB : 00;
  1EEC : 00;
  1EED : 00;
  1EEE : 00;
  1EEF : 00;
  1EF0 : 00;
  1EF1 : 00;
  1EF2 : 00;
  1EF3 : 00;
  1EF4 : 00;
  1EF5 : 00;
  1EF6 : 00;
  1EF7 : 00;
  1EF8 : 00;
  1EF9 : 00;
  1EFA : 00;
  1EFB : 00;
  1EFC : 00;
  1EFD : 00;
  1EFE : 00;
  1EFF : 00;
  1F00 : 00;
  1F01 : 00;
  1F02 : 00;
  1F03 : 00;
  1F04 : 00;
  1F05 : 00;
  1F06 : 00;
  1F07 : 00;
  1F08 : 00;
  1F09 : 00;
  1F0A : 00;
  1F0B : 00;
  1F0C : 00;
  1F0D : 00;
  1F0E : 00;
  1F0F : 00;
  1F10 : 00;
  1F11 : 00;
  1F12 : 00;
  1F13 : E0;
  1F14 : 00;
  1F15 : 00;
  1F16 : 00;
  1F17 : 00;
  1F18 : 00;
  1F19 : E0;
  1F1A : 00;
  1F1B : 00;
  1F1C : 00;
  1F1D : 00;
  1F1E : 00;
  1F1F : 00;
  1F20 : 00;
  1F21 : 00;
  1F22 : 00;
  1F23 : 00;
  1F24 : E0;
  1F25 : 00;
  1F26 : E0;
  1F27 : 00;
  1F28 : E0;
  1F29 : 00;
  1F2A : 00;
  1F2B : 00;
  1F2C : 00;
  1F2D : 00;
  1F2E : 00;
  1F2F : 00;
  1F30 : 00;
  1F31 : 00;
  1F32 : 00;
  1F33 : 00;
  1F34 : 00;
  1F35 : E0;
  1F36 : E0;
  1F37 : E0;
  1F38 : 00;
  1F39 : 00;
  1F3A : 00;
  1F3B : 00;
  1F3C : 00;
  1F3D : 00;
  1F3E : 00;
  1F3F : 00;
  1F40 : 00;
  1F41 : 00;
  1F42 : E0;
  1F43 : E0;
  1F44 : E0;
  1F45 : E0;
  1F46 : B4;
  1F47 : E0;
  1F48 : E0;
  1F49 : E0;
  1F4A : E0;
  1F4B : 00;
  1F4C : 00;
  1F4D : 00;
  1F4E : 00;
  1F4F : 00;
  1F50 : 00;
  1F51 : 00;
  1F52 : 00;
  1F53 : 00;
  1F54 : 00;
  1F55 : E0;
  1F56 : E0;
  1F57 : E0;
  1F58 : 00;
  1F59 : 00;
  1F5A : 00;
  1F5B : 00;
  1F5C : 00;
  1F5D : 00;
  1F5E : 00;
  1F5F : 00;
  1F60 : 00;
  1F61 : 00;
  1F62 : 00;
  1F63 : 00;
  1F64 : E0;
  1F65 : 3C;
  1F66 : E0;
  1F67 : 00;
  1F68 : E0;
  1F69 : 00;
  1F6A : 00;
  1F6B : 00;
  1F6C : 00;
  1F6D : 00;
  1F6E : 00;
  1F6F : 00;
  1F70 : 00;
  1F71 : 00;
  1F72 : 00;
  1F73 : E0;
  1F74 : 00;
  1F75 : 3C;
  1F76 : 3C;
  1F77 : 00;
  1F78 : 00;
  1F79 : E0;
  1F7A : 00;
  1F7B : 00;
  1F7C : 00;
  1F7D : 00;
  1F7E : 00;
  1F7F : 00;
  1F80 : 00;
  1F81 : 00;
  1F82 : 00;
  1F83 : 00;
  1F84 : 00;
  1F85 : 3C;
  1F86 : 3C;
  1F87 : 00;
  1F88 : 00;
  1F89 : 00;
  1F8A : 00;
  1F8B : 00;
  1F8C : 00;
  1F8D : 00;
  1F8E : 00;
  1F8F : 00;
  1F90 : 00;
  1F91 : 00;
  1F92 : 00;
  1F93 : 00;
  1F94 : 00;
  1F95 : 00;
  1F96 : 3C;
  1F97 : 3C;
  1F98 : 00;
  1F99 : 00;
  1F9A : 00;
  1F9B : 00;
  1F9C : 00;
  1F9D : 00;
  1F9E : 00;
  1F9F : 00;
  1FA0 : 00;
  1FA1 : 00;
  1FA2 : 00;
  1FA3 : 00;
  1FA4 : 00;
  1FA5 : 00;
  1FA6 : 3C;
  1FA7 : 3C;
  1FA8 : 00;
  1FA9 : 00;
  1FAA : 00;
  1FAB : 00;
  1FAC : 00;
  1FAD : 00;
  1FAE : 00;
  1FAF : 00;
  1FB0 : 00;
  1FB1 : 00;
  1FB2 : 00;
  1FB3 : 00;
  1FB4 : 00;
  1FB5 : 00;
  1FB6 : 00;
  1FB7 : 3C;
  1FB8 : 3C;
  1FB9 : 00;
  1FBA : 00;
  1FBB : 00;
  1FBC : 00;
  1FBD : 00;
  1FBE : 00;
  1FBF : 00;
  1FC0 : 00;
  1FC1 : 00;
  1FC2 : 00;
  1FC3 : 00;
  1FC4 : 00;
  1FC5 : 00;
  1FC6 : 00;
  1FC7 : 3C;
  1FC8 : 3C;
  1FC9 : 00;
  1FCA : 00;
  1FCB : 00;
  1FCC : 00;
  1FCD : 00;
  1FCE : 00;
  1FCF : 00;
  1FD0 : 00;
  1FD1 : 00;
  1FD2 : 00;
  1FD3 : 00;
  1FD4 : 00;
  1FD5 : 00;
  1FD6 : 00;
  1FD7 : 00;
  1FD8 : 3C;
  1FD9 : 3C;
  1FDA : 00;
  1FDB : 00;
  1FDC : 00;
  1FDD : 00;
  1FDE : 00;
  1FDF : 00;
  1FE0 : 00;
  1FE1 : 00;
  1FE2 : 00;
  1FE3 : 00;
  1FE4 : 00;
  1FE5 : 00;
  1FE6 : 00;
  1FE7 : 00;
  1FE8 : 3C;
  1FE9 : 3C;
  1FEA : 00;
  1FEB : 00;
  1FEC : 00;
  1FED : 00;
  1FEE : 00;
  1FEF : 00;
  1FF0 : 00;
  1FF1 : 00;
  1FF2 : 00;
  1FF3 : 00;
  1FF4 : 00;
  1FF5 : 00;
  1FF6 : 00;
  1FF7 : 00;
  1FF8 : 00;
  1FF9 : 00;
  1FFA : 00;
  1FFB : 00;
  1FFC : 00;
  1FFD : 00;
  1FFE : 00;
  1FFF : 00;
  2000 : 00;
  2001 : 00;
  2002 : 00;
  2003 : 00;
  2004 : 00;
  2005 : 00;
  2006 : 00;
  2007 : 00;
  2008 : 00;
  2009 : 00;
  200A : 00;
  200B : 00;
  200C : 00;
  200D : 00;
  200E : 00;
  200F : 00;
  2010 : 00;
  2011 : 00;
  2012 : 00;
  2013 : 00;
  2014 : 00;
  2015 : 00;
  2016 : 00;
  2017 : 00;
  2018 : 00;
  2019 : 00;
  201A : 00;
  201B : 00;
  201C : 00;
  201D : 00;
  201E : 00;
  201F : 00;
  2020 : 00;
  2021 : 00;
  2022 : 00;
  2023 : 00;
  2024 : 01;
  2025 : 01;
  2026 : 01;
  2027 : 01;
  2028 : 01;
  2029 : 01;
  202A : 01;
  202B : 00;
  202C : 00;
  202D : 00;
  202E : 00;
  202F : 00;
  2030 : 00;
  2031 : 00;
  2032 : 00;
  2033 : 01;
  2034 : FF;
  2035 : FF;
  2036 : FF;
  2037 : FF;
  2038 : FF;
  2039 : FF;
  203A : 00;
  203B : 01;
  203C : 00;
  203D : 00;
  203E : 00;
  203F : 00;
  2040 : 00;
  2041 : 00;
  2042 : 01;
  2043 : FF;
  2044 : 88;
  2045 : 88;
  2046 : 88;
  2047 : 88;
  2048 : 88;
  2049 : 88;
  204A : 88;
  204B : FF;
  204C : 01;
  204D : 00;
  204E : 00;
  204F : 00;
  2050 : 00;
  2051 : 00;
  2052 : 01;
  2053 : 01;
  2054 : 88;
  2055 : 88;
  2056 : 88;
  2057 : 88;
  2058 : 88;
  2059 : 88;
  205A : 88;
  205B : 01;
  205C : 01;
  205D : 00;
  205E : 00;
  205F : 00;
  2060 : 00;
  2061 : 00;
  2062 : 01;
  2063 : FF;
  2064 : 01;
  2065 : 01;
  2066 : 01;
  2067 : 01;
  2068 : 01;
  2069 : 01;
  206A : 01;
  206B : FF;
  206C : 01;
  206D : 00;
  206E : 00;
  206F : 00;
  2070 : 00;
  2071 : 00;
  2072 : 01;
  2073 : FF;
  2074 : FF;
  2075 : FF;
  2076 : FF;
  2077 : FF;
  2078 : FF;
  2079 : FF;
  207A : FF;
  207B : FF;
  207C : 01;
  207D : 00;
  207E : 00;
  207F : 00;
  2080 : 00;
  2081 : 00;
  2082 : 00;
  2083 : 01;
  2084 : FF;
  2085 : FF;
  2086 : FF;
  2087 : FF;
  2088 : FF;
  2089 : FF;
  208A : FF;
  208B : 01;
  208C : 00;
  208D : 00;
  208E : 00;
  208F : 00;
  2090 : 00;
  2091 : 00;
  2092 : 00;
  2093 : 01;
  2094 : FF;
  2095 : FF;
  2096 : FF;
  2097 : FF;
  2098 : FF;
  2099 : FF;
  209A : FF;
  209B : 01;
  209C : 00;
  209D : 00;
  209E : 00;
  209F : 00;
  20A0 : 00;
  20A1 : 00;
  20A2 : 00;
  20A3 : 00;
  20A4 : 01;
  20A5 : 01;
  20A6 : FF;
  20A7 : FF;
  20A8 : FF;
  20A9 : 01;
  20AA : 01;
  20AB : 00;
  20AC : 00;
  20AD : 00;
  20AE : 00;
  20AF : 00;
  20B0 : 00;
  20B1 : 00;
  20B2 : 00;
  20B3 : 00;
  20B4 : 00;
  20B5 : 00;
  20B6 : 01;
  20B7 : 01;
  20B8 : 01;
  20B9 : 00;
  20BA : 00;
  20BB : 00;
  20BC : 00;
  20BD : 00;
  20BE : 00;
  20BF : 00;
  20C0 : 00;
  20C1 : 00;
  20C2 : 00;
  20C3 : 00;
  20C4 : 00;
  20C5 : 00;
  20C6 : 00;
  20C7 : 00;
  20C8 : 00;
  20C9 : 00;
  20CA : 00;
  20CB : 00;
  20CC : 00;
  20CD : 00;
  20CE : 00;
  20CF : 00;
  20D0 : 00;
  20D1 : 00;
  20D2 : 00;
  20D3 : 00;
  20D4 : 00;
  20D5 : 00;
  20D6 : 00;
  20D7 : 00;
  20D8 : 00;
  20D9 : 00;
  20DA : 00;
  20DB : 00;
  20DC : 00;
  20DD : 00;
  20DE : 00;
  20DF : 00;
  20E0 : 00;
  20E1 : 00;
  20E2 : 00;
  20E3 : 00;
  20E4 : 00;
  20E5 : 00;
  20E6 : 00;
  20E7 : 00;
  20E8 : 00;
  20E9 : 00;
  20EA : 00;
  20EB : 00;
  20EC : 00;
  20ED : 00;
  20EE : 00;
  20EF : 00;
  20F0 : 00;
  20F1 : 00;
  20F2 : 00;
  20F3 : 00;
  20F4 : 00;
  20F5 : 00;
  20F6 : 00;
  20F7 : 00;
  20F8 : 00;
  20F9 : 00;
  20FA : 00;
  20FB : 00;
  20FC : 00;
  20FD : 00;
  20FE : 00;
  20FF : 00;
  2100 : 00;
  2101 : 00;
  2102 : 00;
  2103 : 00;
  2104 : 00;
  2105 : 00;
  2106 : 00;
  2107 : 00;
  2108 : 00;
  2109 : 00;
  210A : 00;
  210B : 00;
  210C : 00;
  210D : 00;
  210E : 00;
  210F : 00;
  2110 : 00;
  2111 : 00;
  2112 : 00;
  2113 : E0;
  2114 : 00;
  2115 : 00;
  2116 : 00;
  2117 : 00;
  2118 : 00;
  2119 : E0;
  211A : 00;
  211B : 00;
  211C : 00;
  211D : 00;
  211E : 00;
  211F : 00;
  2120 : 00;
  2121 : 00;
  2122 : 00;
  2123 : 00;
  2124 : E0;
  2125 : 00;
  2126 : E0;
  2127 : 00;
  2128 : E0;
  2129 : 00;
  212A : 00;
  212B : 00;
  212C : 00;
  212D : 00;
  212E : 00;
  212F : 00;
  2130 : 00;
  2131 : 00;
  2132 : 00;
  2133 : 00;
  2134 : 00;
  2135 : E0;
  2136 : E0;
  2137 : E0;
  2138 : 00;
  2139 : 00;
  213A : 00;
  213B : 00;
  213C : 00;
  213D : 00;
  213E : 00;
  213F : 00;
  2140 : 00;
  2141 : 00;
  2142 : E0;
  2143 : E0;
  2144 : E0;
  2145 : E0;
  2146 : B4;
  2147 : E0;
  2148 : E0;
  2149 : E0;
  214A : E0;
  214B : 00;
  214C : 00;
  214D : 00;
  214E : 00;
  214F : 00;
  2150 : 00;
  2151 : 00;
  2152 : 00;
  2153 : 00;
  2154 : 00;
  2155 : E0;
  2156 : E0;
  2157 : E0;
  2158 : 00;
  2159 : 00;
  215A : 00;
  215B : 00;
  215C : 00;
  215D : 00;
  215E : 00;
  215F : 00;
  2160 : 00;
  2161 : 00;
  2162 : 00;
  2163 : 00;
  2164 : E0;
  2165 : 3C;
  2166 : E0;
  2167 : 00;
  2168 : E0;
  2169 : 00;
  216A : 00;
  216B : 00;
  216C : 00;
  216D : 00;
  216E : 00;
  216F : 00;
  2170 : 00;
  2171 : 00;
  2172 : 00;
  2173 : E0;
  2174 : 00;
  2175 : 3C;
  2176 : 3C;
  2177 : 00;
  2178 : 00;
  2179 : E0;
  217A : 00;
  217B : 00;
  217C : 00;
  217D : 00;
  217E : 00;
  217F : 00;
  2180 : 00;
  2181 : 00;
  2182 : 00;
  2183 : 00;
  2184 : 00;
  2185 : 3C;
  2186 : 3C;
  2187 : 00;
  2188 : 00;
  2189 : 00;
  218A : 00;
  218B : 00;
  218C : 00;
  218D : 00;
  218E : 00;
  218F : 00;
  2190 : 00;
  2191 : 00;
  2192 : 00;
  2193 : 00;
  2194 : 00;
  2195 : 00;
  2196 : 3C;
  2197 : 3C;
  2198 : 00;
  2199 : 00;
  219A : 00;
  219B : 00;
  219C : 00;
  219D : 00;
  219E : 00;
  219F : 00;
  21A0 : 00;
  21A1 : 00;
  21A2 : 00;
  21A3 : 00;
  21A4 : 00;
  21A5 : 00;
  21A6 : 3C;
  21A7 : 3C;
  21A8 : 00;
  21A9 : 00;
  21AA : 00;
  21AB : 00;
  21AC : 00;
  21AD : 00;
  21AE : 00;
  21AF : 00;
  21B0 : 00;
  21B1 : 00;
  21B2 : 00;
  21B3 : 00;
  21B4 : 00;
  21B5 : 00;
  21B6 : 00;
  21B7 : 3C;
  21B8 : 3C;
  21B9 : 00;
  21BA : 00;
  21BB : 00;
  21BC : 00;
  21BD : 00;
  21BE : 00;
  21BF : 00;
  21C0 : 00;
  21C1 : 00;
  21C2 : 00;
  21C3 : 00;
  21C4 : 00;
  21C5 : 00;
  21C6 : 00;
  21C7 : 3C;
  21C8 : 3C;
  21C9 : 00;
  21CA : 00;
  21CB : 00;
  21CC : 00;
  21CD : 00;
  21CE : 00;
  21CF : 00;
  21D0 : 00;
  21D1 : 00;
  21D2 : 00;
  21D3 : 00;
  21D4 : 00;
  21D5 : 00;
  21D6 : 00;
  21D7 : 00;
  21D8 : 3C;
  21D9 : 3C;
  21DA : 00;
  21DB : 00;
  21DC : 00;
  21DD : 00;
  21DE : 00;
  21DF : 00;
  21E0 : 00;
  21E1 : 00;
  21E2 : 00;
  21E3 : 00;
  21E4 : 00;
  21E5 : 00;
  21E6 : 00;
  21E7 : 00;
  21E8 : 3C;
  21E9 : 3C;
  21EA : 00;
  21EB : 00;
  21EC : 00;
  21ED : 00;
  21EE : 00;
  21EF : 00;
  21F0 : 00;
  21F1 : 00;
  21F2 : 00;
  21F3 : 00;
  21F4 : 00;
  21F5 : 00;
  21F6 : 00;
  21F7 : 00;
  21F8 : 00;
  21F9 : 00;
  21FA : 00;
  21FB : 00;
  21FC : 00;
  21FD : 00;
  21FE : 00;
  21FF : 00;
  2200 : 00;
  2201 : 00;
  2202 : 00;
  2203 : 00;
  2204 : 00;
  2205 : 00;
  2206 : 00;
  2207 : 00;
  2208 : 00;
  2209 : 00;
  220A : 00;
  220B : 00;
  220C : 00;
  220D : 00;
  220E : 00;
  220F : 00;
  2210 : 00;
  2211 : 00;
  2212 : 00;
  2213 : 00;
  2214 : 00;
  2215 : 00;
  2216 : 00;
  2217 : 00;
  2218 : 00;
  2219 : 00;
  221A : 00;
  221B : 00;
  221C : 00;
  221D : 00;
  221E : 00;
  221F : 00;
  2220 : 00;
  2221 : 00;
  2222 : 00;
  2223 : 00;
  2224 : 01;
  2225 : 01;
  2226 : 01;
  2227 : 01;
  2228 : 01;
  2229 : 01;
  222A : 01;
  222B : 00;
  222C : 00;
  222D : 00;
  222E : 00;
  222F : 00;
  2230 : 00;
  2231 : 00;
  2232 : 00;
  2233 : 01;
  2234 : FF;
  2235 : FF;
  2236 : FF;
  2237 : FF;
  2238 : FF;
  2239 : FF;
  223A : 00;
  223B : 01;
  223C : 00;
  223D : 00;
  223E : 00;
  223F : 00;
  2240 : 00;
  2241 : 00;
  2242 : 01;
  2243 : FF;
  2244 : 88;
  2245 : 88;
  2246 : 88;
  2247 : 88;
  2248 : 88;
  2249 : 88;
  224A : 88;
  224B : FF;
  224C : 01;
  224D : 00;
  224E : 00;
  224F : 00;
  2250 : 00;
  2251 : 00;
  2252 : 01;
  2253 : 01;
  2254 : 88;
  2255 : 88;
  2256 : 88;
  2257 : 88;
  2258 : 88;
  2259 : 88;
  225A : 88;
  225B : 01;
  225C : 01;
  225D : 00;
  225E : 00;
  225F : 00;
  2260 : 00;
  2261 : 00;
  2262 : 01;
  2263 : FF;
  2264 : 01;
  2265 : 01;
  2266 : 01;
  2267 : 01;
  2268 : 01;
  2269 : 01;
  226A : 01;
  226B : FF;
  226C : 01;
  226D : 00;
  226E : 00;
  226F : 00;
  2270 : 00;
  2271 : 00;
  2272 : 01;
  2273 : FF;
  2274 : FF;
  2275 : FF;
  2276 : FF;
  2277 : FF;
  2278 : FF;
  2279 : FF;
  227A : FF;
  227B : FF;
  227C : 01;
  227D : 00;
  227E : 00;
  227F : 00;
  2280 : 00;
  2281 : 00;
  2282 : 00;
  2283 : 01;
  2284 : FF;
  2285 : FF;
  2286 : FF;
  2287 : FF;
  2288 : FF;
  2289 : FF;
  228A : FF;
  228B : 01;
  228C : 00;
  228D : 00;
  228E : 00;
  228F : 00;
  2290 : 00;
  2291 : 00;
  2292 : 00;
  2293 : 01;
  2294 : FF;
  2295 : FF;
  2296 : FF;
  2297 : FF;
  2298 : FF;
  2299 : FF;
  229A : FF;
  229B : 01;
  229C : 00;
  229D : 00;
  229E : 00;
  229F : 00;
  22A0 : 00;
  22A1 : 00;
  22A2 : 00;
  22A3 : 00;
  22A4 : 01;
  22A5 : 01;
  22A6 : FF;
  22A7 : FF;
  22A8 : FF;
  22A9 : 01;
  22AA : 01;
  22AB : 00;
  22AC : 00;
  22AD : 00;
  22AE : 00;
  22AF : 00;
  22B0 : 00;
  22B1 : 00;
  22B2 : 00;
  22B3 : 00;
  22B4 : 00;
  22B5 : 00;
  22B6 : 01;
  22B7 : 01;
  22B8 : 01;
  22B9 : 00;
  22BA : 00;
  22BB : 00;
  22BC : 00;
  22BD : 00;
  22BE : 00;
  22BF : 00;
  22C0 : 00;
  22C1 : 00;
  22C2 : 00;
  22C3 : 00;
  22C4 : 00;
  22C5 : 00;
  22C6 : 00;
  22C7 : 00;
  22C8 : 00;
  22C9 : 00;
  22CA : 00;
  22CB : 00;
  22CC : 00;
  22CD : 00;
  22CE : 00;
  22CF : 00;
  22D0 : 00;
  22D1 : 00;
  22D2 : 00;
  22D3 : 00;
  22D4 : 00;
  22D5 : 00;
  22D6 : 00;
  22D7 : 00;
  22D8 : 00;
  22D9 : 00;
  22DA : 00;
  22DB : 00;
  22DC : 00;
  22DD : 00;
  22DE : 00;
  22DF : 00;
  22E0 : 00;
  22E1 : 00;
  22E2 : 00;
  22E3 : 00;
  22E4 : 00;
  22E5 : 00;
  22E6 : 00;
  22E7 : 00;
  22E8 : 00;
  22E9 : 00;
  22EA : 00;
  22EB : 00;
  22EC : 00;
  22ED : 00;
  22EE : 00;
  22EF : 00;
  22F0 : 00;
  22F1 : 00;
  22F2 : 00;
  22F3 : 00;
  22F4 : 00;
  22F5 : 00;
  22F6 : 00;
  22F7 : 00;
  22F8 : 00;
  22F9 : 00;
  22FA : 00;
  22FB : 00;
  22FC : 00;
  22FD : 00;
  22FE : 00;
  22FF : 00;
  2300 : 00;
  2301 : 00;
  2302 : 00;
  2303 : 00;
  2304 : 00;
  2305 : 00;
  2306 : 00;
  2307 : 00;
  2308 : 00;
  2309 : 00;
  230A : 00;
  230B : 00;
  230C : 00;
  230D : 00;
  230E : 00;
  230F : 00;
  2310 : 00;
  2311 : 00;
  2312 : 00;
  2313 : E0;
  2314 : 00;
  2315 : 00;
  2316 : 00;
  2317 : 00;
  2318 : 00;
  2319 : E0;
  231A : 00;
  231B : 00;
  231C : 00;
  231D : 00;
  231E : 00;
  231F : 00;
  2320 : 00;
  2321 : 00;
  2322 : 00;
  2323 : 00;
  2324 : E0;
  2325 : 00;
  2326 : E0;
  2327 : 00;
  2328 : E0;
  2329 : 00;
  232A : 00;
  232B : 00;
  232C : 00;
  232D : 00;
  232E : 00;
  232F : 00;
  2330 : 00;
  2331 : 00;
  2332 : 00;
  2333 : 00;
  2334 : 00;
  2335 : E0;
  2336 : E0;
  2337 : E0;
  2338 : 00;
  2339 : 00;
  233A : 00;
  233B : 00;
  233C : 00;
  233D : 00;
  233E : 00;
  233F : 00;
  2340 : 00;
  2341 : 00;
  2342 : E0;
  2343 : E0;
  2344 : E0;
  2345 : E0;
  2346 : B4;
  2347 : E0;
  2348 : E0;
  2349 : E0;
  234A : E0;
  234B : 00;
  234C : 00;
  234D : 00;
  234E : 00;
  234F : 00;
  2350 : 00;
  2351 : 00;
  2352 : 00;
  2353 : 00;
  2354 : 00;
  2355 : E0;
  2356 : E0;
  2357 : E0;
  2358 : 00;
  2359 : 00;
  235A : 00;
  235B : 00;
  235C : 00;
  235D : 00;
  235E : 00;
  235F : 00;
  2360 : 00;
  2361 : 00;
  2362 : 00;
  2363 : 00;
  2364 : E0;
  2365 : 3C;
  2366 : E0;
  2367 : 00;
  2368 : E0;
  2369 : 00;
  236A : 00;
  236B : 00;
  236C : 00;
  236D : 00;
  236E : 00;
  236F : 00;
  2370 : 00;
  2371 : 00;
  2372 : 00;
  2373 : E0;
  2374 : 00;
  2375 : 3C;
  2376 : 3C;
  2377 : 00;
  2378 : 00;
  2379 : E0;
  237A : 00;
  237B : 00;
  237C : 00;
  237D : 00;
  237E : 00;
  237F : 00;
  2380 : 00;
  2381 : 00;
  2382 : 00;
  2383 : 00;
  2384 : 00;
  2385 : 3C;
  2386 : 3C;
  2387 : 00;
  2388 : 00;
  2389 : 00;
  238A : 00;
  238B : 00;
  238C : 00;
  238D : 00;
  238E : 00;
  238F : 00;
  2390 : 00;
  2391 : 00;
  2392 : 00;
  2393 : 00;
  2394 : 00;
  2395 : 00;
  2396 : 3C;
  2397 : 3C;
  2398 : 00;
  2399 : 00;
  239A : 00;
  239B : 00;
  239C : 00;
  239D : 00;
  239E : 00;
  239F : 00;
  23A0 : 00;
  23A1 : 00;
  23A2 : 00;
  23A3 : 00;
  23A4 : 00;
  23A5 : 00;
  23A6 : 3C;
  23A7 : 3C;
  23A8 : 00;
  23A9 : 00;
  23AA : 00;
  23AB : 00;
  23AC : 00;
  23AD : 00;
  23AE : 00;
  23AF : 00;
  23B0 : 00;
  23B1 : 00;
  23B2 : 00;
  23B3 : 00;
  23B4 : 00;
  23B5 : 00;
  23B6 : 00;
  23B7 : 3C;
  23B8 : 3C;
  23B9 : 00;
  23BA : 00;
  23BB : 00;
  23BC : 00;
  23BD : 00;
  23BE : 00;
  23BF : 00;
  23C0 : 00;
  23C1 : 00;
  23C2 : 00;
  23C3 : 00;
  23C4 : 00;
  23C5 : 00;
  23C6 : 00;
  23C7 : 3C;
  23C8 : 3C;
  23C9 : 00;
  23CA : 00;
  23CB : 00;
  23CC : 00;
  23CD : 00;
  23CE : 00;
  23CF : 00;
  23D0 : 00;
  23D1 : 00;
  23D2 : 00;
  23D3 : 00;
  23D4 : 00;
  23D5 : 00;
  23D6 : 00;
  23D7 : 00;
  23D8 : 3C;
  23D9 : 3C;
  23DA : 00;
  23DB : 00;
  23DC : 00;
  23DD : 00;
  23DE : 00;
  23DF : 00;
  23E0 : 00;
  23E1 : 00;
  23E2 : 00;
  23E3 : 00;
  23E4 : 00;
  23E5 : 00;
  23E6 : 00;
  23E7 : 00;
  23E8 : 3C;
  23E9 : 3C;
  23EA : 00;
  23EB : 00;
  23EC : 00;
  23ED : 00;
  23EE : 00;
  23EF : 00;
  23F0 : 00;
  23F1 : 00;
  23F2 : 00;
  23F3 : 00;
  23F4 : 00;
  23F5 : 00;
  23F6 : 00;
  23F7 : 00;
  23F8 : 00;
  23F9 : 00;
  23FA : 00;
  23FB : 00;
  23FC : 00;
  23FD : 00;
  23FE : 00;
  23FF : 00;
  2400 : 00;
  2401 : 00;
  2402 : 00;
  2403 : 00;
  2404 : 00;
  2405 : 00;
  2406 : 00;
  2407 : 00;
  2408 : 00;
  2409 : 00;
  240A : 00;
  240B : 00;
  240C : 00;
  240D : 00;
  240E : 00;
  240F : 00;
  2410 : 00;
  2411 : 00;
  2412 : 00;
  2413 : 00;
  2414 : 00;
  2415 : 00;
  2416 : 00;
  2417 : 00;
  2418 : 00;
  2419 : 00;
  241A : 00;
  241B : 00;
  241C : 00;
  241D : 00;
  241E : 00;
  241F : 00;
  2420 : 00;
  2421 : 00;
  2422 : 00;
  2423 : 00;
  2424 : 01;
  2425 : 01;
  2426 : 01;
  2427 : 01;
  2428 : 01;
  2429 : 01;
  242A : 01;
  242B : 00;
  242C : 00;
  242D : 00;
  242E : 00;
  242F : 00;
  2430 : 00;
  2431 : 00;
  2432 : 00;
  2433 : 01;
  2434 : FF;
  2435 : FF;
  2436 : FF;
  2437 : FF;
  2438 : FF;
  2439 : FF;
  243A : 00;
  243B : 01;
  243C : 00;
  243D : 00;
  243E : 00;
  243F : 00;
  2440 : 00;
  2441 : 00;
  2442 : 01;
  2443 : FF;
  2444 : 88;
  2445 : 88;
  2446 : 88;
  2447 : 88;
  2448 : 88;
  2449 : 88;
  244A : 88;
  244B : FF;
  244C : 01;
  244D : 00;
  244E : 00;
  244F : 00;
  2450 : 00;
  2451 : 00;
  2452 : 01;
  2453 : 01;
  2454 : 88;
  2455 : 88;
  2456 : 88;
  2457 : 88;
  2458 : 88;
  2459 : 88;
  245A : 88;
  245B : 01;
  245C : 01;
  245D : 00;
  245E : 00;
  245F : 00;
  2460 : 00;
  2461 : 00;
  2462 : 01;
  2463 : FF;
  2464 : 01;
  2465 : 01;
  2466 : 01;
  2467 : 01;
  2468 : 01;
  2469 : 01;
  246A : 01;
  246B : FF;
  246C : 01;
  246D : 00;
  246E : 00;
  246F : 00;
  2470 : 00;
  2471 : 00;
  2472 : 01;
  2473 : FF;
  2474 : FF;
  2475 : FF;
  2476 : FF;
  2477 : FF;
  2478 : FF;
  2479 : FF;
  247A : FF;
  247B : FF;
  247C : 01;
  247D : 00;
  247E : 00;
  247F : 00;
  2480 : 00;
  2481 : 00;
  2482 : 00;
  2483 : 01;
  2484 : FF;
  2485 : FF;
  2486 : FF;
  2487 : FF;
  2488 : FF;
  2489 : FF;
  248A : FF;
  248B : 01;
  248C : 00;
  248D : 00;
  248E : 00;
  248F : 00;
  2490 : 00;
  2491 : 00;
  2492 : 00;
  2493 : 01;
  2494 : FF;
  2495 : FF;
  2496 : FF;
  2497 : FF;
  2498 : FF;
  2499 : FF;
  249A : FF;
  249B : 01;
  249C : 00;
  249D : 00;
  249E : 00;
  249F : 00;
  24A0 : 00;
  24A1 : 00;
  24A2 : 00;
  24A3 : 00;
  24A4 : 01;
  24A5 : 01;
  24A6 : FF;
  24A7 : FF;
  24A8 : FF;
  24A9 : 01;
  24AA : 01;
  24AB : 00;
  24AC : 00;
  24AD : 00;
  24AE : 00;
  24AF : 00;
  24B0 : 00;
  24B1 : 00;
  24B2 : 00;
  24B3 : 00;
  24B4 : 00;
  24B5 : 00;
  24B6 : 01;
  24B7 : 01;
  24B8 : 01;
  24B9 : 00;
  24BA : 00;
  24BB : 00;
  24BC : 00;
  24BD : 00;
  24BE : 00;
  24BF : 00;
  24C0 : 00;
  24C1 : 00;
  24C2 : 00;
  24C3 : 00;
  24C4 : 00;
  24C5 : 00;
  24C6 : 00;
  24C7 : 00;
  24C8 : 00;
  24C9 : 00;
  24CA : 00;
  24CB : 00;
  24CC : 00;
  24CD : 00;
  24CE : 00;
  24CF : 00;
  24D0 : 00;
  24D1 : 00;
  24D2 : 00;
  24D3 : 00;
  24D4 : 00;
  24D5 : 00;
  24D6 : 00;
  24D7 : 00;
  24D8 : 00;
  24D9 : 00;
  24DA : 00;
  24DB : 00;
  24DC : 00;
  24DD : 00;
  24DE : 00;
  24DF : 00;
  24E0 : 00;
  24E1 : 00;
  24E2 : 00;
  24E3 : 00;
  24E4 : 00;
  24E5 : 00;
  24E6 : 00;
  24E7 : 00;
  24E8 : 00;
  24E9 : 00;
  24EA : 00;
  24EB : 00;
  24EC : 00;
  24ED : 00;
  24EE : 00;
  24EF : 00;
  24F0 : 00;
  24F1 : 00;
  24F2 : 00;
  24F3 : 00;
  24F4 : 00;
  24F5 : 00;
  24F6 : 00;
  24F7 : 00;
  24F8 : 00;
  24F9 : 00;
  24FA : 00;
  24FB : 00;
  24FC : 00;
  24FD : 00;
  24FE : 00;
  24FF : 00;
  2500 : 00;
  2501 : 00;
  2502 : 00;
  2503 : 00;
  2504 : 00;
  2505 : 00;
  2506 : 00;
  2507 : 00;
  2508 : 00;
  2509 : 00;
  250A : 00;
  250B : 00;
  250C : 00;
  250D : 00;
  250E : 00;
  250F : 00;
  2510 : 00;
  2511 : 00;
  2512 : 00;
  2513 : E0;
  2514 : 00;
  2515 : 00;
  2516 : 00;
  2517 : 00;
  2518 : 00;
  2519 : E0;
  251A : 00;
  251B : 00;
  251C : 00;
  251D : 00;
  251E : 00;
  251F : 00;
  2520 : 00;
  2521 : 00;
  2522 : 00;
  2523 : 00;
  2524 : E0;
  2525 : 00;
  2526 : E0;
  2527 : 00;
  2528 : E0;
  2529 : 00;
  252A : 00;
  252B : 00;
  252C : 00;
  252D : 00;
  252E : 00;
  252F : 00;
  2530 : 00;
  2531 : 00;
  2532 : 00;
  2533 : 00;
  2534 : 00;
  2535 : E0;
  2536 : E0;
  2537 : E0;
  2538 : 00;
  2539 : 00;
  253A : 00;
  253B : 00;
  253C : 00;
  253D : 00;
  253E : 00;
  253F : 00;
  2540 : 00;
  2541 : 00;
  2542 : E0;
  2543 : E0;
  2544 : E0;
  2545 : E0;
  2546 : B4;
  2547 : E0;
  2548 : E0;
  2549 : E0;
  254A : E0;
  254B : 00;
  254C : 00;
  254D : 00;
  254E : 00;
  254F : 00;
  2550 : 00;
  2551 : 00;
  2552 : 00;
  2553 : 00;
  2554 : 00;
  2555 : E0;
  2556 : E0;
  2557 : E0;
  2558 : 00;
  2559 : 00;
  255A : 00;
  255B : 00;
  255C : 00;
  255D : 00;
  255E : 00;
  255F : 00;
  2560 : 00;
  2561 : 00;
  2562 : 00;
  2563 : 00;
  2564 : E0;
  2565 : 3C;
  2566 : E0;
  2567 : 00;
  2568 : E0;
  2569 : 00;
  256A : 00;
  256B : 00;
  256C : 00;
  256D : 00;
  256E : 00;
  256F : 00;
  2570 : 00;
  2571 : 00;
  2572 : 00;
  2573 : E0;
  2574 : 00;
  2575 : 3C;
  2576 : 3C;
  2577 : 00;
  2578 : 00;
  2579 : E0;
  257A : 00;
  257B : 00;
  257C : 00;
  257D : 00;
  257E : 00;
  257F : 00;
  2580 : 00;
  2581 : 00;
  2582 : 00;
  2583 : 00;
  2584 : 00;
  2585 : 3C;
  2586 : 3C;
  2587 : 00;
  2588 : 00;
  2589 : 00;
  258A : 00;
  258B : 00;
  258C : 00;
  258D : 00;
  258E : 00;
  258F : 00;
  2590 : 00;
  2591 : 00;
  2592 : 00;
  2593 : 00;
  2594 : 00;
  2595 : 00;
  2596 : 3C;
  2597 : 3C;
  2598 : 00;
  2599 : 00;
  259A : 00;
  259B : 00;
  259C : 00;
  259D : 00;
  259E : 00;
  259F : 00;
  25A0 : 00;
  25A1 : 00;
  25A2 : 00;
  25A3 : 00;
  25A4 : 00;
  25A5 : 00;
  25A6 : 3C;
  25A7 : 3C;
  25A8 : 00;
  25A9 : 00;
  25AA : 00;
  25AB : 00;
  25AC : 00;
  25AD : 00;
  25AE : 00;
  25AF : 00;
  25B0 : 00;
  25B1 : 00;
  25B2 : 00;
  25B3 : 00;
  25B4 : 00;
  25B5 : 00;
  25B6 : 00;
  25B7 : 3C;
  25B8 : 3C;
  25B9 : 00;
  25BA : 00;
  25BB : 00;
  25BC : 00;
  25BD : 00;
  25BE : 00;
  25BF : 00;
  25C0 : 00;
  25C1 : 00;
  25C2 : 00;
  25C3 : 00;
  25C4 : 00;
  25C5 : 00;
  25C6 : 00;
  25C7 : 3C;
  25C8 : 3C;
  25C9 : 00;
  25CA : 00;
  25CB : 00;
  25CC : 00;
  25CD : 00;
  25CE : 00;
  25CF : 00;
  25D0 : 00;
  25D1 : 00;
  25D2 : 00;
  25D3 : 00;
  25D4 : 00;
  25D5 : 00;
  25D6 : 00;
  25D7 : 00;
  25D8 : 3C;
  25D9 : 3C;
  25DA : 00;
  25DB : 00;
  25DC : 00;
  25DD : 00;
  25DE : 00;
  25DF : 00;
  25E0 : 00;
  25E1 : 00;
  25E2 : 00;
  25E3 : 00;
  25E4 : 00;
  25E5 : 00;
  25E6 : 00;
  25E7 : 00;
  25E8 : 3C;
  25E9 : 3C;
  25EA : 00;
  25EB : 00;
  25EC : 00;
  25ED : 00;
  25EE : 00;
  25EF : 00;
  25F0 : 00;
  25F1 : 00;
  25F2 : 00;
  25F3 : 00;
  25F4 : 00;
  25F5 : 00;
  25F6 : 00;
  25F7 : 00;
  25F8 : 00;
  25F9 : 00;
  25FA : 00;
  25FB : 00;
  25FC : 00;
  25FD : 00;
  25FE : 00;
  25FF : 00;
  2600 : 00;
  2601 : 00;
  2602 : 00;
  2603 : 00;
  2604 : 00;
  2605 : 00;
  2606 : 00;
  2607 : 00;
  2608 : 00;
  2609 : 00;
  260A : 00;
  260B : 00;
  260C : 00;
  260D : 00;
  260E : 00;
  260F : 00;
  2610 : 00;
  2611 : 00;
  2612 : 00;
  2613 : 00;
  2614 : 00;
  2615 : 00;
  2616 : 00;
  2617 : 00;
  2618 : 00;
  2619 : 00;
  261A : 00;
  261B : 00;
  261C : 00;
  261D : 00;
  261E : 00;
  261F : 00;
  2620 : 00;
  2621 : 00;
  2622 : 00;
  2623 : 00;
  2624 : 01;
  2625 : 01;
  2626 : 01;
  2627 : 01;
  2628 : 01;
  2629 : 01;
  262A : 01;
  262B : 00;
  262C : 00;
  262D : 00;
  262E : 00;
  262F : 00;
  2630 : 00;
  2631 : 00;
  2632 : 00;
  2633 : 01;
  2634 : FF;
  2635 : FF;
  2636 : FF;
  2637 : FF;
  2638 : FF;
  2639 : FF;
  263A : 00;
  263B : 01;
  263C : 00;
  263D : 00;
  263E : 00;
  263F : 00;
  2640 : 00;
  2641 : 00;
  2642 : 01;
  2643 : FF;
  2644 : 88;
  2645 : 88;
  2646 : 88;
  2647 : 88;
  2648 : 88;
  2649 : 88;
  264A : 88;
  264B : FF;
  264C : 01;
  264D : 00;
  264E : 00;
  264F : 00;
  2650 : 00;
  2651 : 00;
  2652 : 01;
  2653 : 01;
  2654 : 88;
  2655 : 88;
  2656 : 88;
  2657 : 88;
  2658 : 88;
  2659 : 88;
  265A : 88;
  265B : 01;
  265C : 01;
  265D : 00;
  265E : 00;
  265F : 00;
  2660 : 00;
  2661 : 00;
  2662 : 01;
  2663 : FF;
  2664 : 01;
  2665 : 01;
  2666 : 01;
  2667 : 01;
  2668 : 01;
  2669 : 01;
  266A : 01;
  266B : FF;
  266C : 01;
  266D : 00;
  266E : 00;
  266F : 00;
  2670 : 00;
  2671 : 00;
  2672 : 01;
  2673 : FF;
  2674 : FF;
  2675 : FF;
  2676 : FF;
  2677 : FF;
  2678 : FF;
  2679 : FF;
  267A : FF;
  267B : FF;
  267C : 01;
  267D : 00;
  267E : 00;
  267F : 00;
  2680 : 00;
  2681 : 00;
  2682 : 00;
  2683 : 01;
  2684 : FF;
  2685 : FF;
  2686 : FF;
  2687 : FF;
  2688 : FF;
  2689 : FF;
  268A : FF;
  268B : 01;
  268C : 00;
  268D : 00;
  268E : 00;
  268F : 00;
  2690 : 00;
  2691 : 00;
  2692 : 00;
  2693 : 01;
  2694 : FF;
  2695 : FF;
  2696 : FF;
  2697 : FF;
  2698 : FF;
  2699 : FF;
  269A : FF;
  269B : 01;
  269C : 00;
  269D : 00;
  269E : 00;
  269F : 00;
  26A0 : 00;
  26A1 : 00;
  26A2 : 00;
  26A3 : 00;
  26A4 : 01;
  26A5 : 01;
  26A6 : FF;
  26A7 : FF;
  26A8 : FF;
  26A9 : 01;
  26AA : 01;
  26AB : 00;
  26AC : 00;
  26AD : 00;
  26AE : 00;
  26AF : 00;
  26B0 : 00;
  26B1 : 00;
  26B2 : 00;
  26B3 : 00;
  26B4 : 00;
  26B5 : 00;
  26B6 : 01;
  26B7 : 01;
  26B8 : 01;
  26B9 : 00;
  26BA : 00;
  26BB : 00;
  26BC : 00;
  26BD : 00;
  26BE : 00;
  26BF : 00;
  26C0 : 00;
  26C1 : 00;
  26C2 : 00;
  26C3 : 00;
  26C4 : 00;
  26C5 : 00;
  26C6 : 00;
  26C7 : 00;
  26C8 : 00;
  26C9 : 00;
  26CA : 00;
  26CB : 00;
  26CC : 00;
  26CD : 00;
  26CE : 00;
  26CF : 00;
  26D0 : 00;
  26D1 : 00;
  26D2 : 00;
  26D3 : 00;
  26D4 : 00;
  26D5 : 00;
  26D6 : 00;
  26D7 : 00;
  26D8 : 00;
  26D9 : 00;
  26DA : 00;
  26DB : 00;
  26DC : 00;
  26DD : 00;
  26DE : 00;
  26DF : 00;
  26E0 : 00;
  26E1 : 00;
  26E2 : 00;
  26E3 : 00;
  26E4 : 00;
  26E5 : 00;
  26E6 : 00;
  26E7 : 00;
  26E8 : 00;
  26E9 : 00;
  26EA : 00;
  26EB : 00;
  26EC : 00;
  26ED : 00;
  26EE : 00;
  26EF : 00;
  26F0 : 00;
  26F1 : 00;
  26F2 : 00;
  26F3 : 00;
  26F4 : 00;
  26F5 : 00;
  26F6 : 00;
  26F7 : 00;
  26F8 : 00;
  26F9 : 00;
  26FA : 00;
  26FB : 00;
  26FC : 00;
  26FD : 00;
  26FE : 00;
  26FF : 00;
  2700 : 00;
  2701 : 00;
  2702 : 00;
  2703 : 00;
  2704 : 00;
  2705 : 00;
  2706 : 00;
  2707 : 00;
  2708 : 00;
  2709 : 00;
  270A : 00;
  270B : 00;
  270C : 00;
  270D : 00;
  270E : 00;
  270F : 00;
  2710 : 00;
  2711 : 00;
  2712 : 00;
  2713 : E0;
  2714 : 00;
  2715 : 00;
  2716 : 00;
  2717 : 00;
  2718 : 00;
  2719 : E0;
  271A : 00;
  271B : 00;
  271C : 00;
  271D : 00;
  271E : 00;
  271F : 00;
  2720 : 00;
  2721 : 00;
  2722 : 00;
  2723 : 00;
  2724 : E0;
  2725 : 00;
  2726 : E0;
  2727 : 00;
  2728 : E0;
  2729 : 00;
  272A : 00;
  272B : 00;
  272C : 00;
  272D : 00;
  272E : 00;
  272F : 00;
  2730 : 00;
  2731 : 00;
  2732 : 00;
  2733 : 00;
  2734 : 00;
  2735 : E0;
  2736 : E0;
  2737 : E0;
  2738 : 00;
  2739 : 00;
  273A : 00;
  273B : 00;
  273C : 00;
  273D : 00;
  273E : 00;
  273F : 00;
  2740 : 00;
  2741 : 00;
  2742 : E0;
  2743 : E0;
  2744 : E0;
  2745 : E0;
  2746 : B4;
  2747 : E0;
  2748 : E0;
  2749 : E0;
  274A : E0;
  274B : 00;
  274C : 00;
  274D : 00;
  274E : 00;
  274F : 00;
  2750 : 00;
  2751 : 00;
  2752 : 00;
  2753 : 00;
  2754 : 00;
  2755 : E0;
  2756 : E0;
  2757 : E0;
  2758 : 00;
  2759 : 00;
  275A : 00;
  275B : 00;
  275C : 00;
  275D : 00;
  275E : 00;
  275F : 00;
  2760 : 00;
  2761 : 00;
  2762 : 00;
  2763 : 00;
  2764 : E0;
  2765 : 3C;
  2766 : E0;
  2767 : 00;
  2768 : E0;
  2769 : 00;
  276A : 00;
  276B : 00;
  276C : 00;
  276D : 00;
  276E : 00;
  276F : 00;
  2770 : 00;
  2771 : 00;
  2772 : 00;
  2773 : E0;
  2774 : 00;
  2775 : 3C;
  2776 : 3C;
  2777 : 00;
  2778 : 00;
  2779 : E0;
  277A : 00;
  277B : 00;
  277C : 00;
  277D : 00;
  277E : 00;
  277F : 00;
  2780 : 00;
  2781 : 00;
  2782 : 00;
  2783 : 00;
  2784 : 00;
  2785 : 3C;
  2786 : 3C;
  2787 : 00;
  2788 : 00;
  2789 : 00;
  278A : 00;
  278B : 00;
  278C : 00;
  278D : 00;
  278E : 00;
  278F : 00;
  2790 : 00;
  2791 : 00;
  2792 : 00;
  2793 : 00;
  2794 : 00;
  2795 : 00;
  2796 : 3C;
  2797 : 3C;
  2798 : 00;
  2799 : 00;
  279A : 00;
  279B : 00;
  279C : 00;
  279D : 00;
  279E : 00;
  279F : 00;
  27A0 : 00;
  27A1 : 00;
  27A2 : 00;
  27A3 : 00;
  27A4 : 00;
  27A5 : 00;
  27A6 : 3C;
  27A7 : 3C;
  27A8 : 00;
  27A9 : 00;
  27AA : 00;
  27AB : 00;
  27AC : 00;
  27AD : 00;
  27AE : 00;
  27AF : 00;
  27B0 : 00;
  27B1 : 00;
  27B2 : 00;
  27B3 : 00;
  27B4 : 00;
  27B5 : 00;
  27B6 : 00;
  27B7 : 3C;
  27B8 : 3C;
  27B9 : 00;
  27BA : 00;
  27BB : 00;
  27BC : 00;
  27BD : 00;
  27BE : 00;
  27BF : 00;
  27C0 : 00;
  27C1 : 00;
  27C2 : 00;
  27C3 : 00;
  27C4 : 00;
  27C5 : 00;
  27C6 : 00;
  27C7 : 3C;
  27C8 : 3C;
  27C9 : 00;
  27CA : 00;
  27CB : 00;
  27CC : 00;
  27CD : 00;
  27CE : 00;
  27CF : 00;
  27D0 : 00;
  27D1 : 00;
  27D2 : 00;
  27D3 : 00;
  27D4 : 00;
  27D5 : 00;
  27D6 : 00;
  27D7 : 00;
  27D8 : 3C;
  27D9 : 3C;
  27DA : 00;
  27DB : 00;
  27DC : 00;
  27DD : 00;
  27DE : 00;
  27DF : 00;
  27E0 : 00;
  27E1 : 00;
  27E2 : 00;
  27E3 : 00;
  27E4 : 00;
  27E5 : 00;
  27E6 : 00;
  27E7 : 00;
  27E8 : 3C;
  27E9 : 3C;
  27EA : 00;
  27EB : 00;
  27EC : 00;
  27ED : 00;
  27EE : 00;
  27EF : 00;
  27F0 : 00;
  27F1 : 00;
  27F2 : 00;
  27F3 : 00;
  27F4 : 00;
  27F5 : 00;
  27F6 : 00;
  27F7 : 00;
  27F8 : 00;
  27F9 : 00;
  27FA : 00;
  27FB : 00;
  27FC : 00;
  27FD : 00;
  27FE : 00;
  27FF : 00;
  2800 : 00;
  2801 : 00;
  2802 : 00;
  2803 : 00;
  2804 : 00;
  2805 : 00;
  2806 : 00;
  2807 : 00;
  2808 : 00;
  2809 : 00;
  280A : 00;
  280B : 00;
  280C : 00;
  280D : 00;
  280E : 00;
  280F : 00;
  2810 : 00;
  2811 : 00;
  2812 : 00;
  2813 : 00;
  2814 : 00;
  2815 : 00;
  2816 : 00;
  2817 : 00;
  2818 : 00;
  2819 : 00;
  281A : 00;
  281B : 00;
  281C : 00;
  281D : 00;
  281E : 00;
  281F : 00;
  2820 : 00;
  2821 : 00;
  2822 : 00;
  2823 : 00;
  2824 : 01;
  2825 : 01;
  2826 : 01;
  2827 : 01;
  2828 : 01;
  2829 : 01;
  282A : 01;
  282B : 00;
  282C : 00;
  282D : 00;
  282E : 00;
  282F : 00;
  2830 : 00;
  2831 : 00;
  2832 : 00;
  2833 : 01;
  2834 : FF;
  2835 : FF;
  2836 : FF;
  2837 : FF;
  2838 : FF;
  2839 : FF;
  283A : 00;
  283B : 01;
  283C : 00;
  283D : 00;
  283E : 00;
  283F : 00;
  2840 : 00;
  2841 : 00;
  2842 : 01;
  2843 : FF;
  2844 : 88;
  2845 : 88;
  2846 : 88;
  2847 : 88;
  2848 : 88;
  2849 : 88;
  284A : 88;
  284B : FF;
  284C : 01;
  284D : 00;
  284E : 00;
  284F : 00;
  2850 : 00;
  2851 : 00;
  2852 : 01;
  2853 : 01;
  2854 : 88;
  2855 : 88;
  2856 : 88;
  2857 : 88;
  2858 : 88;
  2859 : 88;
  285A : 88;
  285B : 01;
  285C : 01;
  285D : 00;
  285E : 00;
  285F : 00;
  2860 : 00;
  2861 : 00;
  2862 : 01;
  2863 : FF;
  2864 : 01;
  2865 : 01;
  2866 : 01;
  2867 : 01;
  2868 : 01;
  2869 : 01;
  286A : 01;
  286B : FF;
  286C : 01;
  286D : 00;
  286E : 00;
  286F : 00;
  2870 : 00;
  2871 : 00;
  2872 : 01;
  2873 : FF;
  2874 : FF;
  2875 : FF;
  2876 : FF;
  2877 : FF;
  2878 : FF;
  2879 : FF;
  287A : FF;
  287B : FF;
  287C : 01;
  287D : 00;
  287E : 00;
  287F : 00;
  2880 : 00;
  2881 : 00;
  2882 : 00;
  2883 : 01;
  2884 : FF;
  2885 : FF;
  2886 : FF;
  2887 : FF;
  2888 : FF;
  2889 : FF;
  288A : FF;
  288B : 01;
  288C : 00;
  288D : 00;
  288E : 00;
  288F : 00;
  2890 : 00;
  2891 : 00;
  2892 : 00;
  2893 : 01;
  2894 : FF;
  2895 : FF;
  2896 : FF;
  2897 : FF;
  2898 : FF;
  2899 : FF;
  289A : FF;
  289B : 01;
  289C : 00;
  289D : 00;
  289E : 00;
  289F : 00;
  28A0 : 00;
  28A1 : 00;
  28A2 : 00;
  28A3 : 00;
  28A4 : 01;
  28A5 : 01;
  28A6 : FF;
  28A7 : FF;
  28A8 : FF;
  28A9 : 01;
  28AA : 01;
  28AB : 00;
  28AC : 00;
  28AD : 00;
  28AE : 00;
  28AF : 00;
  28B0 : 00;
  28B1 : 00;
  28B2 : 00;
  28B3 : 00;
  28B4 : 00;
  28B5 : 00;
  28B6 : 01;
  28B7 : 01;
  28B8 : 01;
  28B9 : 00;
  28BA : 00;
  28BB : 00;
  28BC : 00;
  28BD : 00;
  28BE : 00;
  28BF : 00;
  28C0 : 00;
  28C1 : 00;
  28C2 : 00;
  28C3 : 00;
  28C4 : 00;
  28C5 : 00;
  28C6 : 00;
  28C7 : 00;
  28C8 : 00;
  28C9 : 00;
  28CA : 00;
  28CB : 00;
  28CC : 00;
  28CD : 00;
  28CE : 00;
  28CF : 00;
  28D0 : 00;
  28D1 : 00;
  28D2 : 00;
  28D3 : 00;
  28D4 : 00;
  28D5 : 00;
  28D6 : 00;
  28D7 : 00;
  28D8 : 00;
  28D9 : 00;
  28DA : 00;
  28DB : 00;
  28DC : 00;
  28DD : 00;
  28DE : 00;
  28DF : 00;
  28E0 : 00;
  28E1 : 00;
  28E2 : 00;
  28E3 : 00;
  28E4 : 00;
  28E5 : 00;
  28E6 : 00;
  28E7 : 00;
  28E8 : 00;
  28E9 : 00;
  28EA : 00;
  28EB : 00;
  28EC : 00;
  28ED : 00;
  28EE : 00;
  28EF : 00;
  28F0 : 00;
  28F1 : 00;
  28F2 : 00;
  28F3 : 00;
  28F4 : 00;
  28F5 : 00;
  28F6 : 00;
  28F7 : 00;
  28F8 : 00;
  28F9 : 00;
  28FA : 00;
  28FB : 00;
  28FC : 00;
  28FD : 00;
  28FE : 00;
  28FF : 00;
  2900 : 00;
  2901 : 00;
  2902 : 00;
  2903 : 00;
  2904 : 00;
  2905 : 00;
  2906 : 00;
  2907 : 00;
  2908 : 00;
  2909 : 00;
  290A : 00;
  290B : 00;
  290C : 00;
  290D : 00;
  290E : 00;
  290F : 00;
  2910 : 00;
  2911 : 00;
  2912 : 00;
  2913 : E0;
  2914 : 00;
  2915 : 00;
  2916 : 00;
  2917 : 00;
  2918 : 00;
  2919 : E0;
  291A : 00;
  291B : 00;
  291C : 00;
  291D : 00;
  291E : 00;
  291F : 00;
  2920 : 00;
  2921 : 00;
  2922 : 00;
  2923 : 00;
  2924 : E0;
  2925 : 00;
  2926 : E0;
  2927 : 00;
  2928 : E0;
  2929 : 00;
  292A : 00;
  292B : 00;
  292C : 00;
  292D : 00;
  292E : 00;
  292F : 00;
  2930 : 00;
  2931 : 00;
  2932 : 00;
  2933 : 00;
  2934 : 00;
  2935 : E0;
  2936 : E0;
  2937 : E0;
  2938 : 00;
  2939 : 00;
  293A : 00;
  293B : 00;
  293C : 00;
  293D : 00;
  293E : 00;
  293F : 00;
  2940 : 00;
  2941 : 00;
  2942 : E0;
  2943 : E0;
  2944 : E0;
  2945 : E0;
  2946 : B4;
  2947 : E0;
  2948 : E0;
  2949 : E0;
  294A : E0;
  294B : 00;
  294C : 00;
  294D : 00;
  294E : 00;
  294F : 00;
  2950 : 00;
  2951 : 00;
  2952 : 00;
  2953 : 00;
  2954 : 00;
  2955 : E0;
  2956 : E0;
  2957 : E0;
  2958 : 00;
  2959 : 00;
  295A : 00;
  295B : 00;
  295C : 00;
  295D : 00;
  295E : 00;
  295F : 00;
  2960 : 00;
  2961 : 00;
  2962 : 00;
  2963 : 00;
  2964 : E0;
  2965 : 3C;
  2966 : E0;
  2967 : 00;
  2968 : E0;
  2969 : 00;
  296A : 00;
  296B : 00;
  296C : 00;
  296D : 00;
  296E : 00;
  296F : 00;
  2970 : 00;
  2971 : 00;
  2972 : 00;
  2973 : E0;
  2974 : 00;
  2975 : 3C;
  2976 : 3C;
  2977 : 00;
  2978 : 00;
  2979 : E0;
  297A : 00;
  297B : 00;
  297C : 00;
  297D : 00;
  297E : 00;
  297F : 00;
  2980 : 00;
  2981 : 00;
  2982 : 00;
  2983 : 00;
  2984 : 00;
  2985 : 3C;
  2986 : 3C;
  2987 : 00;
  2988 : 00;
  2989 : 00;
  298A : 00;
  298B : 00;
  298C : 00;
  298D : 00;
  298E : 00;
  298F : 00;
  2990 : 00;
  2991 : 00;
  2992 : 00;
  2993 : 00;
  2994 : 00;
  2995 : 00;
  2996 : 3C;
  2997 : 3C;
  2998 : 00;
  2999 : 00;
  299A : 00;
  299B : 00;
  299C : 00;
  299D : 00;
  299E : 00;
  299F : 00;
  29A0 : 00;
  29A1 : 00;
  29A2 : 00;
  29A3 : 00;
  29A4 : 00;
  29A5 : 00;
  29A6 : 3C;
  29A7 : 3C;
  29A8 : 00;
  29A9 : 00;
  29AA : 00;
  29AB : 00;
  29AC : 00;
  29AD : 00;
  29AE : 00;
  29AF : 00;
  29B0 : 00;
  29B1 : 00;
  29B2 : 00;
  29B3 : 00;
  29B4 : 00;
  29B5 : 00;
  29B6 : 00;
  29B7 : 3C;
  29B8 : 3C;
  29B9 : 00;
  29BA : 00;
  29BB : 00;
  29BC : 00;
  29BD : 00;
  29BE : 00;
  29BF : 00;
  29C0 : 00;
  29C1 : 00;
  29C2 : 00;
  29C3 : 00;
  29C4 : 00;
  29C5 : 00;
  29C6 : 00;
  29C7 : 3C;
  29C8 : 3C;
  29C9 : 00;
  29CA : 00;
  29CB : 00;
  29CC : 00;
  29CD : 00;
  29CE : 00;
  29CF : 00;
  29D0 : 00;
  29D1 : 00;
  29D2 : 00;
  29D3 : 00;
  29D4 : 00;
  29D5 : 00;
  29D6 : 00;
  29D7 : 00;
  29D8 : 3C;
  29D9 : 3C;
  29DA : 00;
  29DB : 00;
  29DC : 00;
  29DD : 00;
  29DE : 00;
  29DF : 00;
  29E0 : 00;
  29E1 : 00;
  29E2 : 00;
  29E3 : 00;
  29E4 : 00;
  29E5 : 00;
  29E6 : 00;
  29E7 : 00;
  29E8 : 3C;
  29E9 : 3C;
  29EA : 00;
  29EB : 00;
  29EC : 00;
  29ED : 00;
  29EE : 00;
  29EF : 00;
  29F0 : 00;
  29F1 : 00;
  29F2 : 00;
  29F3 : 00;
  29F4 : 00;
  29F5 : 00;
  29F6 : 00;
  29F7 : 00;
  29F8 : 00;
  29F9 : 00;
  29FA : 00;
  29FB : 00;
  29FC : 00;
  29FD : 00;
  29FE : 00;
  29FF : 00;
  2A00 : 00;
  2A01 : 00;
  2A02 : 00;
  2A03 : 00;
  2A04 : 00;
  2A05 : 00;
  2A06 : 00;
  2A07 : 00;
  2A08 : 00;
  2A09 : 00;
  2A0A : 00;
  2A0B : 00;
  2A0C : 00;
  2A0D : 00;
  2A0E : 00;
  2A0F : 00;
  2A10 : 00;
  2A11 : 00;
  2A12 : 00;
  2A13 : 00;
  2A14 : 00;
  2A15 : 00;
  2A16 : 00;
  2A17 : 00;
  2A18 : 00;
  2A19 : 00;
  2A1A : 00;
  2A1B : 00;
  2A1C : 00;
  2A1D : 00;
  2A1E : 00;
  2A1F : 00;
  2A20 : 00;
  2A21 : 00;
  2A22 : 00;
  2A23 : 00;
  2A24 : 01;
  2A25 : 01;
  2A26 : 01;
  2A27 : 01;
  2A28 : 01;
  2A29 : 01;
  2A2A : 01;
  2A2B : 00;
  2A2C : 00;
  2A2D : 00;
  2A2E : 00;
  2A2F : 00;
  2A30 : 00;
  2A31 : 00;
  2A32 : 00;
  2A33 : 01;
  2A34 : FF;
  2A35 : FF;
  2A36 : FF;
  2A37 : FF;
  2A38 : FF;
  2A39 : FF;
  2A3A : 00;
  2A3B : 01;
  2A3C : 00;
  2A3D : 00;
  2A3E : 00;
  2A3F : 00;
  2A40 : 00;
  2A41 : 00;
  2A42 : 01;
  2A43 : FF;
  2A44 : 88;
  2A45 : 88;
  2A46 : 88;
  2A47 : 88;
  2A48 : 88;
  2A49 : 88;
  2A4A : 88;
  2A4B : FF;
  2A4C : 01;
  2A4D : 00;
  2A4E : 00;
  2A4F : 00;
  2A50 : 00;
  2A51 : 00;
  2A52 : 01;
  2A53 : 01;
  2A54 : 88;
  2A55 : 88;
  2A56 : 88;
  2A57 : 88;
  2A58 : 88;
  2A59 : 88;
  2A5A : 88;
  2A5B : 01;
  2A5C : 01;
  2A5D : 00;
  2A5E : 00;
  2A5F : 00;
  2A60 : 00;
  2A61 : 00;
  2A62 : 01;
  2A63 : FF;
  2A64 : 01;
  2A65 : 01;
  2A66 : 01;
  2A67 : 01;
  2A68 : 01;
  2A69 : 01;
  2A6A : 01;
  2A6B : FF;
  2A6C : 01;
  2A6D : 00;
  2A6E : 00;
  2A6F : 00;
  2A70 : 00;
  2A71 : 00;
  2A72 : 01;
  2A73 : FF;
  2A74 : FF;
  2A75 : FF;
  2A76 : FF;
  2A77 : FF;
  2A78 : FF;
  2A79 : FF;
  2A7A : FF;
  2A7B : FF;
  2A7C : 01;
  2A7D : 00;
  2A7E : 00;
  2A7F : 00;
  2A80 : 00;
  2A81 : 00;
  2A82 : 00;
  2A83 : 01;
  2A84 : FF;
  2A85 : FF;
  2A86 : FF;
  2A87 : FF;
  2A88 : FF;
  2A89 : FF;
  2A8A : FF;
  2A8B : 01;
  2A8C : 00;
  2A8D : 00;
  2A8E : 00;
  2A8F : 00;
  2A90 : 00;
  2A91 : 00;
  2A92 : 00;
  2A93 : 01;
  2A94 : FF;
  2A95 : FF;
  2A96 : FF;
  2A97 : FF;
  2A98 : FF;
  2A99 : FF;
  2A9A : FF;
  2A9B : 01;
  2A9C : 00;
  2A9D : 00;
  2A9E : 00;
  2A9F : 00;
  2AA0 : 00;
  2AA1 : 00;
  2AA2 : 00;
  2AA3 : 00;
  2AA4 : 01;
  2AA5 : 01;
  2AA6 : FF;
  2AA7 : FF;
  2AA8 : FF;
  2AA9 : 01;
  2AAA : 01;
  2AAB : 00;
  2AAC : 00;
  2AAD : 00;
  2AAE : 00;
  2AAF : 00;
  2AB0 : 00;
  2AB1 : 00;
  2AB2 : 00;
  2AB3 : 00;
  2AB4 : 00;
  2AB5 : 00;
  2AB6 : 01;
  2AB7 : 01;
  2AB8 : 01;
  2AB9 : 00;
  2ABA : 00;
  2ABB : 00;
  2ABC : 00;
  2ABD : 00;
  2ABE : 00;
  2ABF : 00;
  2AC0 : 00;
  2AC1 : 00;
  2AC2 : 00;
  2AC3 : 00;
  2AC4 : 00;
  2AC5 : 00;
  2AC6 : 00;
  2AC7 : 00;
  2AC8 : 00;
  2AC9 : 00;
  2ACA : 00;
  2ACB : 00;
  2ACC : 00;
  2ACD : 00;
  2ACE : 00;
  2ACF : 00;
  2AD0 : 00;
  2AD1 : 00;
  2AD2 : 00;
  2AD3 : 00;
  2AD4 : 00;
  2AD5 : 00;
  2AD6 : 00;
  2AD7 : 00;
  2AD8 : 00;
  2AD9 : 00;
  2ADA : 00;
  2ADB : 00;
  2ADC : 00;
  2ADD : 00;
  2ADE : 00;
  2ADF : 00;
  2AE0 : 00;
  2AE1 : 00;
  2AE2 : 00;
  2AE3 : 00;
  2AE4 : 00;
  2AE5 : 00;
  2AE6 : 00;
  2AE7 : 00;
  2AE8 : 00;
  2AE9 : 00;
  2AEA : 00;
  2AEB : 00;
  2AEC : 00;
  2AED : 00;
  2AEE : 00;
  2AEF : 00;
  2AF0 : 00;
  2AF1 : 00;
  2AF2 : 00;
  2AF3 : 00;
  2AF4 : 00;
  2AF5 : 00;
  2AF6 : 00;
  2AF7 : 00;
  2AF8 : 00;
  2AF9 : 00;
  2AFA : 00;
  2AFB : 00;
  2AFC : 00;
  2AFD : 00;
  2AFE : 00;
  2AFF : 00;
  2B00 : 00;
  2B01 : 00;
  2B02 : 00;
  2B03 : 00;
  2B04 : 00;
  2B05 : 00;
  2B06 : 00;
  2B07 : 00;
  2B08 : 00;
  2B09 : 00;
  2B0A : 00;
  2B0B : 00;
  2B0C : 00;
  2B0D : 00;
  2B0E : 00;
  2B0F : 00;
  2B10 : 00;
  2B11 : 00;
  2B12 : 00;
  2B13 : E0;
  2B14 : 00;
  2B15 : 00;
  2B16 : 00;
  2B17 : 00;
  2B18 : 00;
  2B19 : E0;
  2B1A : 00;
  2B1B : 00;
  2B1C : 00;
  2B1D : 00;
  2B1E : 00;
  2B1F : 00;
  2B20 : 00;
  2B21 : 00;
  2B22 : 00;
  2B23 : 00;
  2B24 : E0;
  2B25 : 00;
  2B26 : E0;
  2B27 : 00;
  2B28 : E0;
  2B29 : 00;
  2B2A : 00;
  2B2B : 00;
  2B2C : 00;
  2B2D : 00;
  2B2E : 00;
  2B2F : 00;
  2B30 : 00;
  2B31 : 00;
  2B32 : 00;
  2B33 : 00;
  2B34 : 00;
  2B35 : E0;
  2B36 : E0;
  2B37 : E0;
  2B38 : 00;
  2B39 : 00;
  2B3A : 00;
  2B3B : 00;
  2B3C : 00;
  2B3D : 00;
  2B3E : 00;
  2B3F : 00;
  2B40 : 00;
  2B41 : 00;
  2B42 : E0;
  2B43 : E0;
  2B44 : E0;
  2B45 : E0;
  2B46 : B4;
  2B47 : E0;
  2B48 : E0;
  2B49 : E0;
  2B4A : E0;
  2B4B : 00;
  2B4C : 00;
  2B4D : 00;
  2B4E : 00;
  2B4F : 00;
  2B50 : 00;
  2B51 : 00;
  2B52 : 00;
  2B53 : 00;
  2B54 : 00;
  2B55 : E0;
  2B56 : E0;
  2B57 : E0;
  2B58 : 00;
  2B59 : 00;
  2B5A : 00;
  2B5B : 00;
  2B5C : 00;
  2B5D : 00;
  2B5E : 00;
  2B5F : 00;
  2B60 : 00;
  2B61 : 00;
  2B62 : 00;
  2B63 : 00;
  2B64 : E0;
  2B65 : 3C;
  2B66 : E0;
  2B67 : 00;
  2B68 : E0;
  2B69 : 00;
  2B6A : 00;
  2B6B : 00;
  2B6C : 00;
  2B6D : 00;
  2B6E : 00;
  2B6F : 00;
  2B70 : 00;
  2B71 : 00;
  2B72 : 00;
  2B73 : E0;
  2B74 : 00;
  2B75 : 3C;
  2B76 : 3C;
  2B77 : 00;
  2B78 : 00;
  2B79 : E0;
  2B7A : 00;
  2B7B : 00;
  2B7C : 00;
  2B7D : 00;
  2B7E : 00;
  2B7F : 00;
  2B80 : 00;
  2B81 : 00;
  2B82 : 00;
  2B83 : 00;
  2B84 : 00;
  2B85 : 3C;
  2B86 : 3C;
  2B87 : 00;
  2B88 : 00;
  2B89 : 00;
  2B8A : 00;
  2B8B : 00;
  2B8C : 00;
  2B8D : 00;
  2B8E : 00;
  2B8F : 00;
  2B90 : 00;
  2B91 : 00;
  2B92 : 00;
  2B93 : 00;
  2B94 : 00;
  2B95 : 00;
  2B96 : 3C;
  2B97 : 3C;
  2B98 : 00;
  2B99 : 00;
  2B9A : 00;
  2B9B : 00;
  2B9C : 00;
  2B9D : 00;
  2B9E : 00;
  2B9F : 00;
  2BA0 : 00;
  2BA1 : 00;
  2BA2 : 00;
  2BA3 : 00;
  2BA4 : 00;
  2BA5 : 00;
  2BA6 : 3C;
  2BA7 : 3C;
  2BA8 : 00;
  2BA9 : 00;
  2BAA : 00;
  2BAB : 00;
  2BAC : 00;
  2BAD : 00;
  2BAE : 00;
  2BAF : 00;
  2BB0 : 00;
  2BB1 : 00;
  2BB2 : 00;
  2BB3 : 00;
  2BB4 : 00;
  2BB5 : 00;
  2BB6 : 00;
  2BB7 : 3C;
  2BB8 : 3C;
  2BB9 : 00;
  2BBA : 00;
  2BBB : 00;
  2BBC : 00;
  2BBD : 00;
  2BBE : 00;
  2BBF : 00;
  2BC0 : 00;
  2BC1 : 00;
  2BC2 : 00;
  2BC3 : 00;
  2BC4 : 00;
  2BC5 : 00;
  2BC6 : 00;
  2BC7 : 3C;
  2BC8 : 3C;
  2BC9 : 00;
  2BCA : 00;
  2BCB : 00;
  2BCC : 00;
  2BCD : 00;
  2BCE : 00;
  2BCF : 00;
  2BD0 : 00;
  2BD1 : 00;
  2BD2 : 00;
  2BD3 : 00;
  2BD4 : 00;
  2BD5 : 00;
  2BD6 : 00;
  2BD7 : 00;
  2BD8 : 3C;
  2BD9 : 3C;
  2BDA : 00;
  2BDB : 00;
  2BDC : 00;
  2BDD : 00;
  2BDE : 00;
  2BDF : 00;
  2BE0 : 00;
  2BE1 : 00;
  2BE2 : 00;
  2BE3 : 00;
  2BE4 : 00;
  2BE5 : 00;
  2BE6 : 00;
  2BE7 : 00;
  2BE8 : 3C;
  2BE9 : 3C;
  2BEA : 00;
  2BEB : 00;
  2BEC : 00;
  2BED : 00;
  2BEE : 00;
  2BEF : 00;
  2BF0 : 00;
  2BF1 : 00;
  2BF2 : 00;
  2BF3 : 00;
  2BF4 : 00;
  2BF5 : 00;
  2BF6 : 00;
  2BF7 : 00;
  2BF8 : 00;
  2BF9 : 00;
  2BFA : 00;
  2BFB : 00;
  2BFC : 00;
  2BFD : 00;
  2BFE : 00;
  2BFF : 00;
  2C00 : 00;
  2C01 : 00;
  2C02 : 00;
  2C03 : 00;
  2C04 : 00;
  2C05 : 00;
  2C06 : 00;
  2C07 : 00;
  2C08 : 00;
  2C09 : 00;
  2C0A : 00;
  2C0B : 00;
  2C0C : 00;
  2C0D : 00;
  2C0E : 00;
  2C0F : 00;
  2C10 : 00;
  2C11 : 00;
  2C12 : 00;
  2C13 : 00;
  2C14 : 00;
  2C15 : 00;
  2C16 : 00;
  2C17 : 00;
  2C18 : 00;
  2C19 : 00;
  2C1A : 00;
  2C1B : 00;
  2C1C : 00;
  2C1D : 00;
  2C1E : 00;
  2C1F : 00;
  2C20 : 00;
  2C21 : 00;
  2C22 : 00;
  2C23 : 00;
  2C24 : 01;
  2C25 : 01;
  2C26 : 01;
  2C27 : 01;
  2C28 : 01;
  2C29 : 01;
  2C2A : 01;
  2C2B : 00;
  2C2C : 00;
  2C2D : 00;
  2C2E : 00;
  2C2F : 00;
  2C30 : 00;
  2C31 : 00;
  2C32 : 00;
  2C33 : 01;
  2C34 : FF;
  2C35 : FF;
  2C36 : FF;
  2C37 : FF;
  2C38 : FF;
  2C39 : FF;
  2C3A : 00;
  2C3B : 01;
  2C3C : 00;
  2C3D : 00;
  2C3E : 00;
  2C3F : 00;
  2C40 : 00;
  2C41 : 00;
  2C42 : 01;
  2C43 : FF;
  2C44 : 88;
  2C45 : 88;
  2C46 : 88;
  2C47 : 88;
  2C48 : 88;
  2C49 : 88;
  2C4A : 88;
  2C4B : FF;
  2C4C : 01;
  2C4D : 00;
  2C4E : 00;
  2C4F : 00;
  2C50 : 00;
  2C51 : 00;
  2C52 : 01;
  2C53 : 01;
  2C54 : 88;
  2C55 : 88;
  2C56 : 88;
  2C57 : 88;
  2C58 : 88;
  2C59 : 88;
  2C5A : 88;
  2C5B : 01;
  2C5C : 01;
  2C5D : 00;
  2C5E : 00;
  2C5F : 00;
  2C60 : 00;
  2C61 : 00;
  2C62 : 01;
  2C63 : FF;
  2C64 : 01;
  2C65 : 01;
  2C66 : 01;
  2C67 : 01;
  2C68 : 01;
  2C69 : 01;
  2C6A : 01;
  2C6B : FF;
  2C6C : 01;
  2C6D : 00;
  2C6E : 00;
  2C6F : 00;
  2C70 : 00;
  2C71 : 00;
  2C72 : 01;
  2C73 : FF;
  2C74 : FF;
  2C75 : FF;
  2C76 : FF;
  2C77 : FF;
  2C78 : FF;
  2C79 : FF;
  2C7A : FF;
  2C7B : FF;
  2C7C : 01;
  2C7D : 00;
  2C7E : 00;
  2C7F : 00;
  2C80 : 00;
  2C81 : 00;
  2C82 : 00;
  2C83 : 01;
  2C84 : FF;
  2C85 : FF;
  2C86 : FF;
  2C87 : FF;
  2C88 : FF;
  2C89 : FF;
  2C8A : FF;
  2C8B : 01;
  2C8C : 00;
  2C8D : 00;
  2C8E : 00;
  2C8F : 00;
  2C90 : 00;
  2C91 : 00;
  2C92 : 00;
  2C93 : 01;
  2C94 : FF;
  2C95 : FF;
  2C96 : FF;
  2C97 : FF;
  2C98 : FF;
  2C99 : FF;
  2C9A : FF;
  2C9B : 01;
  2C9C : 00;
  2C9D : 00;
  2C9E : 00;
  2C9F : 00;
  2CA0 : 00;
  2CA1 : 00;
  2CA2 : 00;
  2CA3 : 00;
  2CA4 : 01;
  2CA5 : 01;
  2CA6 : FF;
  2CA7 : FF;
  2CA8 : FF;
  2CA9 : 01;
  2CAA : 01;
  2CAB : 00;
  2CAC : 00;
  2CAD : 00;
  2CAE : 00;
  2CAF : 00;
  2CB0 : 00;
  2CB1 : 00;
  2CB2 : 00;
  2CB3 : 00;
  2CB4 : 00;
  2CB5 : 00;
  2CB6 : 01;
  2CB7 : 01;
  2CB8 : 01;
  2CB9 : 00;
  2CBA : 00;
  2CBB : 00;
  2CBC : 00;
  2CBD : 00;
  2CBE : 00;
  2CBF : 00;
  2CC0 : 00;
  2CC1 : 00;
  2CC2 : 00;
  2CC3 : 00;
  2CC4 : 00;
  2CC5 : 00;
  2CC6 : 00;
  2CC7 : 00;
  2CC8 : 00;
  2CC9 : 00;
  2CCA : 00;
  2CCB : 00;
  2CCC : 00;
  2CCD : 00;
  2CCE : 00;
  2CCF : 00;
  2CD0 : 00;
  2CD1 : 00;
  2CD2 : 00;
  2CD3 : 00;
  2CD4 : 00;
  2CD5 : 00;
  2CD6 : 00;
  2CD7 : 00;
  2CD8 : 00;
  2CD9 : 00;
  2CDA : 00;
  2CDB : 00;
  2CDC : 00;
  2CDD : 00;
  2CDE : 00;
  2CDF : 00;
  2CE0 : 00;
  2CE1 : 00;
  2CE2 : 00;
  2CE3 : 00;
  2CE4 : 00;
  2CE5 : 00;
  2CE6 : 00;
  2CE7 : 00;
  2CE8 : 00;
  2CE9 : 00;
  2CEA : 00;
  2CEB : 00;
  2CEC : 00;
  2CED : 00;
  2CEE : 00;
  2CEF : 00;
  2CF0 : 00;
  2CF1 : 00;
  2CF2 : 00;
  2CF3 : 00;
  2CF4 : 00;
  2CF5 : 00;
  2CF6 : 00;
  2CF7 : 00;
  2CF8 : 00;
  2CF9 : 00;
  2CFA : 00;
  2CFB : 00;
  2CFC : 00;
  2CFD : 00;
  2CFE : 00;
  2CFF : 00;
  2D00 : 00;
  2D01 : 00;
  2D02 : 00;
  2D03 : 00;
  2D04 : 00;
  2D05 : 00;
  2D06 : 00;
  2D07 : 00;
  2D08 : 00;
  2D09 : 00;
  2D0A : 00;
  2D0B : 00;
  2D0C : 00;
  2D0D : 00;
  2D0E : 00;
  2D0F : 00;
  2D10 : 00;
  2D11 : 00;
  2D12 : 00;
  2D13 : E0;
  2D14 : 00;
  2D15 : 00;
  2D16 : 00;
  2D17 : 00;
  2D18 : 00;
  2D19 : E0;
  2D1A : 00;
  2D1B : 00;
  2D1C : 00;
  2D1D : 00;
  2D1E : 00;
  2D1F : 00;
  2D20 : 00;
  2D21 : 00;
  2D22 : 00;
  2D23 : 00;
  2D24 : E0;
  2D25 : 00;
  2D26 : E0;
  2D27 : 00;
  2D28 : E0;
  2D29 : 00;
  2D2A : 00;
  2D2B : 00;
  2D2C : 00;
  2D2D : 00;
  2D2E : 00;
  2D2F : 00;
  2D30 : 00;
  2D31 : 00;
  2D32 : 00;
  2D33 : 00;
  2D34 : 00;
  2D35 : E0;
  2D36 : E0;
  2D37 : E0;
  2D38 : 00;
  2D39 : 00;
  2D3A : 00;
  2D3B : 00;
  2D3C : 00;
  2D3D : 00;
  2D3E : 00;
  2D3F : 00;
  2D40 : 00;
  2D41 : 00;
  2D42 : E0;
  2D43 : E0;
  2D44 : E0;
  2D45 : E0;
  2D46 : B4;
  2D47 : E0;
  2D48 : E0;
  2D49 : E0;
  2D4A : E0;
  2D4B : 00;
  2D4C : 00;
  2D4D : 00;
  2D4E : 00;
  2D4F : 00;
  2D50 : 00;
  2D51 : 00;
  2D52 : 00;
  2D53 : 00;
  2D54 : 00;
  2D55 : E0;
  2D56 : E0;
  2D57 : E0;
  2D58 : 00;
  2D59 : 00;
  2D5A : 00;
  2D5B : 00;
  2D5C : 00;
  2D5D : 00;
  2D5E : 00;
  2D5F : 00;
  2D60 : 00;
  2D61 : 00;
  2D62 : 00;
  2D63 : 00;
  2D64 : E0;
  2D65 : 3C;
  2D66 : E0;
  2D67 : 00;
  2D68 : E0;
  2D69 : 00;
  2D6A : 00;
  2D6B : 00;
  2D6C : 00;
  2D6D : 00;
  2D6E : 00;
  2D6F : 00;
  2D70 : 00;
  2D71 : 00;
  2D72 : 00;
  2D73 : E0;
  2D74 : 00;
  2D75 : 3C;
  2D76 : 3C;
  2D77 : 00;
  2D78 : 00;
  2D79 : E0;
  2D7A : 00;
  2D7B : 00;
  2D7C : 00;
  2D7D : 00;
  2D7E : 00;
  2D7F : 00;
  2D80 : 00;
  2D81 : 00;
  2D82 : 00;
  2D83 : 00;
  2D84 : 00;
  2D85 : 3C;
  2D86 : 3C;
  2D87 : 00;
  2D88 : 00;
  2D89 : 00;
  2D8A : 00;
  2D8B : 00;
  2D8C : 00;
  2D8D : 00;
  2D8E : 00;
  2D8F : 00;
  2D90 : 00;
  2D91 : 00;
  2D92 : 00;
  2D93 : 00;
  2D94 : 00;
  2D95 : 00;
  2D96 : 3C;
  2D97 : 3C;
  2D98 : 00;
  2D99 : 00;
  2D9A : 00;
  2D9B : 00;
  2D9C : 00;
  2D9D : 00;
  2D9E : 00;
  2D9F : 00;
  2DA0 : 00;
  2DA1 : 00;
  2DA2 : 00;
  2DA3 : 00;
  2DA4 : 00;
  2DA5 : 00;
  2DA6 : 3C;
  2DA7 : 3C;
  2DA8 : 00;
  2DA9 : 00;
  2DAA : 00;
  2DAB : 00;
  2DAC : 00;
  2DAD : 00;
  2DAE : 00;
  2DAF : 00;
  2DB0 : 00;
  2DB1 : 00;
  2DB2 : 00;
  2DB3 : 00;
  2DB4 : 00;
  2DB5 : 00;
  2DB6 : 00;
  2DB7 : 3C;
  2DB8 : 3C;
  2DB9 : 00;
  2DBA : 00;
  2DBB : 00;
  2DBC : 00;
  2DBD : 00;
  2DBE : 00;
  2DBF : 00;
  2DC0 : 00;
  2DC1 : 00;
  2DC2 : 00;
  2DC3 : 00;
  2DC4 : 00;
  2DC5 : 00;
  2DC6 : 00;
  2DC7 : 3C;
  2DC8 : 3C;
  2DC9 : 00;
  2DCA : 00;
  2DCB : 00;
  2DCC : 00;
  2DCD : 00;
  2DCE : 00;
  2DCF : 00;
  2DD0 : 00;
  2DD1 : 00;
  2DD2 : 00;
  2DD3 : 00;
  2DD4 : 00;
  2DD5 : 00;
  2DD6 : 00;
  2DD7 : 00;
  2DD8 : 3C;
  2DD9 : 3C;
  2DDA : 00;
  2DDB : 00;
  2DDC : 00;
  2DDD : 00;
  2DDE : 00;
  2DDF : 00;
  2DE0 : 00;
  2DE1 : 00;
  2DE2 : 00;
  2DE3 : 00;
  2DE4 : 00;
  2DE5 : 00;
  2DE6 : 00;
  2DE7 : 00;
  2DE8 : 3C;
  2DE9 : 3C;
  2DEA : 00;
  2DEB : 00;
  2DEC : 00;
  2DED : 00;
  2DEE : 00;
  2DEF : 00;
  2DF0 : 00;
  2DF1 : 00;
  2DF2 : 00;
  2DF3 : 00;
  2DF4 : 00;
  2DF5 : 00;
  2DF6 : 00;
  2DF7 : 00;
  2DF8 : 00;
  2DF9 : 00;
  2DFA : 00;
  2DFB : 00;
  2DFC : 00;
  2DFD : 00;
  2DFE : 00;
  2DFF : 00;
  2E00 : 00;
  2E01 : 00;
  2E02 : 00;
  2E03 : 00;
  2E04 : 00;
  2E05 : 00;
  2E06 : 00;
  2E07 : 00;
  2E08 : 00;
  2E09 : 00;
  2E0A : 00;
  2E0B : 00;
  2E0C : 00;
  2E0D : 00;
  2E0E : 00;
  2E0F : 00;
  2E10 : 00;
  2E11 : 00;
  2E12 : 00;
  2E13 : 00;
  2E14 : 00;
  2E15 : 00;
  2E16 : 00;
  2E17 : 00;
  2E18 : 00;
  2E19 : 00;
  2E1A : 00;
  2E1B : 00;
  2E1C : 00;
  2E1D : 00;
  2E1E : 00;
  2E1F : 00;
  2E20 : 00;
  2E21 : 00;
  2E22 : 00;
  2E23 : 00;
  2E24 : 01;
  2E25 : 01;
  2E26 : 01;
  2E27 : 01;
  2E28 : 01;
  2E29 : 01;
  2E2A : 01;
  2E2B : 00;
  2E2C : 00;
  2E2D : 00;
  2E2E : 00;
  2E2F : 00;
  2E30 : 00;
  2E31 : 00;
  2E32 : 00;
  2E33 : 01;
  2E34 : FF;
  2E35 : FF;
  2E36 : FF;
  2E37 : FF;
  2E38 : FF;
  2E39 : FF;
  2E3A : 00;
  2E3B : 01;
  2E3C : 00;
  2E3D : 00;
  2E3E : 00;
  2E3F : 00;
  2E40 : 00;
  2E41 : 00;
  2E42 : 01;
  2E43 : FF;
  2E44 : 88;
  2E45 : 88;
  2E46 : 88;
  2E47 : 88;
  2E48 : 88;
  2E49 : 88;
  2E4A : 88;
  2E4B : FF;
  2E4C : 01;
  2E4D : 00;
  2E4E : 00;
  2E4F : 00;
  2E50 : 00;
  2E51 : 00;
  2E52 : 01;
  2E53 : 01;
  2E54 : 88;
  2E55 : 88;
  2E56 : 88;
  2E57 : 88;
  2E58 : 88;
  2E59 : 88;
  2E5A : 88;
  2E5B : 01;
  2E5C : 01;
  2E5D : 00;
  2E5E : 00;
  2E5F : 00;
  2E60 : 00;
  2E61 : 00;
  2E62 : 01;
  2E63 : FF;
  2E64 : 01;
  2E65 : 01;
  2E66 : 01;
  2E67 : 01;
  2E68 : 01;
  2E69 : 01;
  2E6A : 01;
  2E6B : FF;
  2E6C : 01;
  2E6D : 00;
  2E6E : 00;
  2E6F : 00;
  2E70 : 00;
  2E71 : 00;
  2E72 : 01;
  2E73 : FF;
  2E74 : FF;
  2E75 : FF;
  2E76 : FF;
  2E77 : FF;
  2E78 : FF;
  2E79 : FF;
  2E7A : FF;
  2E7B : FF;
  2E7C : 01;
  2E7D : 00;
  2E7E : 00;
  2E7F : 00;
  2E80 : 00;
  2E81 : 00;
  2E82 : 00;
  2E83 : 01;
  2E84 : FF;
  2E85 : FF;
  2E86 : FF;
  2E87 : FF;
  2E88 : FF;
  2E89 : FF;
  2E8A : FF;
  2E8B : 01;
  2E8C : 00;
  2E8D : 00;
  2E8E : 00;
  2E8F : 00;
  2E90 : 00;
  2E91 : 00;
  2E92 : 00;
  2E93 : 01;
  2E94 : FF;
  2E95 : FF;
  2E96 : FF;
  2E97 : FF;
  2E98 : FF;
  2E99 : FF;
  2E9A : FF;
  2E9B : 01;
  2E9C : 00;
  2E9D : 00;
  2E9E : 00;
  2E9F : 00;
  2EA0 : 00;
  2EA1 : 00;
  2EA2 : 00;
  2EA3 : 00;
  2EA4 : 01;
  2EA5 : 01;
  2EA6 : FF;
  2EA7 : FF;
  2EA8 : FF;
  2EA9 : 01;
  2EAA : 01;
  2EAB : 00;
  2EAC : 00;
  2EAD : 00;
  2EAE : 00;
  2EAF : 00;
  2EB0 : 00;
  2EB1 : 00;
  2EB2 : 00;
  2EB3 : 00;
  2EB4 : 00;
  2EB5 : 00;
  2EB6 : 01;
  2EB7 : 01;
  2EB8 : 01;
  2EB9 : 00;
  2EBA : 00;
  2EBB : 00;
  2EBC : 00;
  2EBD : 00;
  2EBE : 00;
  2EBF : 00;
  2EC0 : 00;
  2EC1 : 00;
  2EC2 : 00;
  2EC3 : 00;
  2EC4 : 00;
  2EC5 : 00;
  2EC6 : 00;
  2EC7 : 00;
  2EC8 : 00;
  2EC9 : 00;
  2ECA : 00;
  2ECB : 00;
  2ECC : 00;
  2ECD : 00;
  2ECE : 00;
  2ECF : 00;
  2ED0 : 00;
  2ED1 : 00;
  2ED2 : 00;
  2ED3 : 00;
  2ED4 : 00;
  2ED5 : 00;
  2ED6 : 00;
  2ED7 : 00;
  2ED8 : 00;
  2ED9 : 00;
  2EDA : 00;
  2EDB : 00;
  2EDC : 00;
  2EDD : 00;
  2EDE : 00;
  2EDF : 00;
  2EE0 : 00;
  2EE1 : 00;
  2EE2 : 00;
  2EE3 : 00;
  2EE4 : 00;
  2EE5 : 00;
  2EE6 : 00;
  2EE7 : 00;
  2EE8 : 00;
  2EE9 : 00;
  2EEA : 00;
  2EEB : 00;
  2EEC : 00;
  2EED : 00;
  2EEE : 00;
  2EEF : 00;
  2EF0 : 00;
  2EF1 : 00;
  2EF2 : 00;
  2EF3 : 00;
  2EF4 : 00;
  2EF5 : 00;
  2EF6 : 00;
  2EF7 : 00;
  2EF8 : 00;
  2EF9 : 00;
  2EFA : 00;
  2EFB : 00;
  2EFC : 00;
  2EFD : 00;
  2EFE : 00;
  2EFF : 00;
  2F00 : 00;
  2F01 : 00;
  2F02 : 00;
  2F03 : 00;
  2F04 : 00;
  2F05 : 00;
  2F06 : 00;
  2F07 : 00;
  2F08 : 00;
  2F09 : 00;
  2F0A : 00;
  2F0B : 00;
  2F0C : 00;
  2F0D : 00;
  2F0E : 00;
  2F0F : 00;
  2F10 : 00;
  2F11 : 00;
  2F12 : 00;
  2F13 : E0;
  2F14 : 00;
  2F15 : 00;
  2F16 : 00;
  2F17 : 00;
  2F18 : 00;
  2F19 : E0;
  2F1A : 00;
  2F1B : 00;
  2F1C : 00;
  2F1D : 00;
  2F1E : 00;
  2F1F : 00;
  2F20 : 00;
  2F21 : 00;
  2F22 : 00;
  2F23 : 00;
  2F24 : E0;
  2F25 : 00;
  2F26 : E0;
  2F27 : 00;
  2F28 : E0;
  2F29 : 00;
  2F2A : 00;
  2F2B : 00;
  2F2C : 00;
  2F2D : 00;
  2F2E : 00;
  2F2F : 00;
  2F30 : 00;
  2F31 : 00;
  2F32 : 00;
  2F33 : 00;
  2F34 : 00;
  2F35 : E0;
  2F36 : E0;
  2F37 : E0;
  2F38 : 00;
  2F39 : 00;
  2F3A : 00;
  2F3B : 00;
  2F3C : 00;
  2F3D : 00;
  2F3E : 00;
  2F3F : 00;
  2F40 : 00;
  2F41 : 00;
  2F42 : E0;
  2F43 : E0;
  2F44 : E0;
  2F45 : E0;
  2F46 : B4;
  2F47 : E0;
  2F48 : E0;
  2F49 : E0;
  2F4A : E0;
  2F4B : 00;
  2F4C : 00;
  2F4D : 00;
  2F4E : 00;
  2F4F : 00;
  2F50 : 00;
  2F51 : 00;
  2F52 : 00;
  2F53 : 00;
  2F54 : 00;
  2F55 : E0;
  2F56 : E0;
  2F57 : E0;
  2F58 : 00;
  2F59 : 00;
  2F5A : 00;
  2F5B : 00;
  2F5C : 00;
  2F5D : 00;
  2F5E : 00;
  2F5F : 00;
  2F60 : 00;
  2F61 : 00;
  2F62 : 00;
  2F63 : 00;
  2F64 : E0;
  2F65 : 3C;
  2F66 : E0;
  2F67 : 00;
  2F68 : E0;
  2F69 : 00;
  2F6A : 00;
  2F6B : 00;
  2F6C : 00;
  2F6D : 00;
  2F6E : 00;
  2F6F : 00;
  2F70 : 00;
  2F71 : 00;
  2F72 : 00;
  2F73 : E0;
  2F74 : 00;
  2F75 : 3C;
  2F76 : 3C;
  2F77 : 00;
  2F78 : 00;
  2F79 : E0;
  2F7A : 00;
  2F7B : 00;
  2F7C : 00;
  2F7D : 00;
  2F7E : 00;
  2F7F : 00;
  2F80 : 00;
  2F81 : 00;
  2F82 : 00;
  2F83 : 00;
  2F84 : 00;
  2F85 : 3C;
  2F86 : 3C;
  2F87 : 00;
  2F88 : 00;
  2F89 : 00;
  2F8A : 00;
  2F8B : 00;
  2F8C : 00;
  2F8D : 00;
  2F8E : 00;
  2F8F : 00;
  2F90 : 00;
  2F91 : 00;
  2F92 : 00;
  2F93 : 00;
  2F94 : 00;
  2F95 : 00;
  2F96 : 3C;
  2F97 : 3C;
  2F98 : 00;
  2F99 : 00;
  2F9A : 00;
  2F9B : 00;
  2F9C : 00;
  2F9D : 00;
  2F9E : 00;
  2F9F : 00;
  2FA0 : 00;
  2FA1 : 00;
  2FA2 : 00;
  2FA3 : 00;
  2FA4 : 00;
  2FA5 : 00;
  2FA6 : 3C;
  2FA7 : 3C;
  2FA8 : 00;
  2FA9 : 00;
  2FAA : 00;
  2FAB : 00;
  2FAC : 00;
  2FAD : 00;
  2FAE : 00;
  2FAF : 00;
  2FB0 : 00;
  2FB1 : 00;
  2FB2 : 00;
  2FB3 : 00;
  2FB4 : 00;
  2FB5 : 00;
  2FB6 : 00;
  2FB7 : 3C;
  2FB8 : 3C;
  2FB9 : 00;
  2FBA : 00;
  2FBB : 00;
  2FBC : 00;
  2FBD : 00;
  2FBE : 00;
  2FBF : 00;
  2FC0 : 00;
  2FC1 : 00;
  2FC2 : 00;
  2FC3 : 00;
  2FC4 : 00;
  2FC5 : 00;
  2FC6 : 00;
  2FC7 : 3C;
  2FC8 : 3C;
  2FC9 : 00;
  2FCA : 00;
  2FCB : 00;
  2FCC : 00;
  2FCD : 00;
  2FCE : 00;
  2FCF : 00;
  2FD0 : 00;
  2FD1 : 00;
  2FD2 : 00;
  2FD3 : 00;
  2FD4 : 00;
  2FD5 : 00;
  2FD6 : 00;
  2FD7 : 00;
  2FD8 : 3C;
  2FD9 : 3C;
  2FDA : 00;
  2FDB : 00;
  2FDC : 00;
  2FDD : 00;
  2FDE : 00;
  2FDF : 00;
  2FE0 : 00;
  2FE1 : 00;
  2FE2 : 00;
  2FE3 : 00;
  2FE4 : 00;
  2FE5 : 00;
  2FE6 : 00;
  2FE7 : 00;
  2FE8 : 3C;
  2FE9 : 3C;
  2FEA : 00;
  2FEB : 00;
  2FEC : 00;
  2FED : 00;
  2FEE : 00;
  2FEF : 00;
  2FF0 : 00;
  2FF1 : 00;
  2FF2 : 00;
  2FF3 : 00;
  2FF4 : 00;
  2FF5 : 00;
  2FF6 : 00;
  2FF7 : 00;
  2FF8 : 00;
  2FF9 : 00;
  2FFA : 00;
  2FFB : 00;
  2FFC : 00;
  2FFD : 00;
  2FFE : 00;
  2FFF : 00;
  3000 : 00;
  3001 : 00;
  3002 : 00;
  3003 : 00;
  3004 : 00;
  3005 : 00;
  3006 : 00;
  3007 : 00;
  3008 : 00;
  3009 : 00;
  300A : 00;
  300B : 00;
  300C : 00;
  300D : 00;
  300E : 00;
  300F : 00;
  3010 : 00;
  3011 : 00;
  3012 : 00;
  3013 : 00;
  3014 : 00;
  3015 : 00;
  3016 : 00;
  3017 : 00;
  3018 : 00;
  3019 : 00;
  301A : 00;
  301B : 00;
  301C : 00;
  301D : 00;
  301E : 00;
  301F : 00;
  3020 : 00;
  3021 : 00;
  3022 : 00;
  3023 : 00;
  3024 : 01;
  3025 : 01;
  3026 : 01;
  3027 : 01;
  3028 : 01;
  3029 : 01;
  302A : 01;
  302B : 00;
  302C : 00;
  302D : 00;
  302E : 00;
  302F : 00;
  3030 : 00;
  3031 : 00;
  3032 : 00;
  3033 : 01;
  3034 : FF;
  3035 : FF;
  3036 : FF;
  3037 : FF;
  3038 : FF;
  3039 : FF;
  303A : 00;
  303B : 01;
  303C : 00;
  303D : 00;
  303E : 00;
  303F : 00;
  3040 : 00;
  3041 : 00;
  3042 : 01;
  3043 : FF;
  3044 : 88;
  3045 : 88;
  3046 : 88;
  3047 : 88;
  3048 : 88;
  3049 : 88;
  304A : 88;
  304B : FF;
  304C : 01;
  304D : 00;
  304E : 00;
  304F : 00;
  3050 : 00;
  3051 : 00;
  3052 : 01;
  3053 : 01;
  3054 : 88;
  3055 : 88;
  3056 : 88;
  3057 : 88;
  3058 : 88;
  3059 : 88;
  305A : 88;
  305B : 01;
  305C : 01;
  305D : 00;
  305E : 00;
  305F : 00;
  3060 : 00;
  3061 : 00;
  3062 : 01;
  3063 : FF;
  3064 : 01;
  3065 : 01;
  3066 : 01;
  3067 : 01;
  3068 : 01;
  3069 : 01;
  306A : 01;
  306B : FF;
  306C : 01;
  306D : 00;
  306E : 00;
  306F : 00;
  3070 : 00;
  3071 : 00;
  3072 : 01;
  3073 : FF;
  3074 : FF;
  3075 : FF;
  3076 : FF;
  3077 : FF;
  3078 : FF;
  3079 : FF;
  307A : FF;
  307B : FF;
  307C : 01;
  307D : 00;
  307E : 00;
  307F : 00;
  3080 : 00;
  3081 : 00;
  3082 : 00;
  3083 : 01;
  3084 : FF;
  3085 : FF;
  3086 : FF;
  3087 : FF;
  3088 : FF;
  3089 : FF;
  308A : FF;
  308B : 01;
  308C : 00;
  308D : 00;
  308E : 00;
  308F : 00;
  3090 : 00;
  3091 : 00;
  3092 : 00;
  3093 : 01;
  3094 : FF;
  3095 : FF;
  3096 : FF;
  3097 : FF;
  3098 : FF;
  3099 : FF;
  309A : FF;
  309B : 01;
  309C : 00;
  309D : 00;
  309E : 00;
  309F : 00;
  30A0 : 00;
  30A1 : 00;
  30A2 : 00;
  30A3 : 00;
  30A4 : 01;
  30A5 : 01;
  30A6 : FF;
  30A7 : FF;
  30A8 : FF;
  30A9 : 01;
  30AA : 01;
  30AB : 00;
  30AC : 00;
  30AD : 00;
  30AE : 00;
  30AF : 00;
  30B0 : 00;
  30B1 : 00;
  30B2 : 00;
  30B3 : 00;
  30B4 : 00;
  30B5 : 00;
  30B6 : 01;
  30B7 : 01;
  30B8 : 01;
  30B9 : 00;
  30BA : 00;
  30BB : 00;
  30BC : 00;
  30BD : 00;
  30BE : 00;
  30BF : 00;
  30C0 : 00;
  30C1 : 00;
  30C2 : 00;
  30C3 : 00;
  30C4 : 00;
  30C5 : 00;
  30C6 : 00;
  30C7 : 00;
  30C8 : 00;
  30C9 : 00;
  30CA : 00;
  30CB : 00;
  30CC : 00;
  30CD : 00;
  30CE : 00;
  30CF : 00;
  30D0 : 00;
  30D1 : 00;
  30D2 : 00;
  30D3 : 00;
  30D4 : 00;
  30D5 : 00;
  30D6 : 00;
  30D7 : 00;
  30D8 : 00;
  30D9 : 00;
  30DA : 00;
  30DB : 00;
  30DC : 00;
  30DD : 00;
  30DE : 00;
  30DF : 00;
  30E0 : 00;
  30E1 : 00;
  30E2 : 00;
  30E3 : 00;
  30E4 : 00;
  30E5 : 00;
  30E6 : 00;
  30E7 : 00;
  30E8 : 00;
  30E9 : 00;
  30EA : 00;
  30EB : 00;
  30EC : 00;
  30ED : 00;
  30EE : 00;
  30EF : 00;
  30F0 : 00;
  30F1 : 00;
  30F2 : 00;
  30F3 : 00;
  30F4 : 00;
  30F5 : 00;
  30F6 : 00;
  30F7 : 00;
  30F8 : 00;
  30F9 : 00;
  30FA : 00;
  30FB : 00;
  30FC : 00;
  30FD : 00;
  30FE : 00;
  30FF : 00;
  3100 : 00;
  3101 : 00;
  3102 : 00;
  3103 : 00;
  3104 : 00;
  3105 : 00;
  3106 : 00;
  3107 : 00;
  3108 : 00;
  3109 : 00;
  310A : 00;
  310B : 00;
  310C : 00;
  310D : 00;
  310E : 00;
  310F : 00;
  3110 : 00;
  3111 : 00;
  3112 : 00;
  3113 : E0;
  3114 : 00;
  3115 : 00;
  3116 : 00;
  3117 : 00;
  3118 : 00;
  3119 : E0;
  311A : 00;
  311B : 00;
  311C : 00;
  311D : 00;
  311E : 00;
  311F : 00;
  3120 : 00;
  3121 : 00;
  3122 : 00;
  3123 : 00;
  3124 : E0;
  3125 : 00;
  3126 : E0;
  3127 : 00;
  3128 : E0;
  3129 : 00;
  312A : 00;
  312B : 00;
  312C : 00;
  312D : 00;
  312E : 00;
  312F : 00;
  3130 : 00;
  3131 : 00;
  3132 : 00;
  3133 : 00;
  3134 : 00;
  3135 : E0;
  3136 : E0;
  3137 : E0;
  3138 : 00;
  3139 : 00;
  313A : 00;
  313B : 00;
  313C : 00;
  313D : 00;
  313E : 00;
  313F : 00;
  3140 : 00;
  3141 : 00;
  3142 : E0;
  3143 : E0;
  3144 : E0;
  3145 : E0;
  3146 : B4;
  3147 : E0;
  3148 : E0;
  3149 : E0;
  314A : E0;
  314B : 00;
  314C : 00;
  314D : 00;
  314E : 00;
  314F : 00;
  3150 : 00;
  3151 : 00;
  3152 : 00;
  3153 : 00;
  3154 : 00;
  3155 : E0;
  3156 : E0;
  3157 : E0;
  3158 : 00;
  3159 : 00;
  315A : 00;
  315B : 00;
  315C : 00;
  315D : 00;
  315E : 00;
  315F : 00;
  3160 : 00;
  3161 : 00;
  3162 : 00;
  3163 : 00;
  3164 : E0;
  3165 : 3C;
  3166 : E0;
  3167 : 00;
  3168 : E0;
  3169 : 00;
  316A : 00;
  316B : 00;
  316C : 00;
  316D : 00;
  316E : 00;
  316F : 00;
  3170 : 00;
  3171 : 00;
  3172 : 00;
  3173 : E0;
  3174 : 00;
  3175 : 3C;
  3176 : 3C;
  3177 : 00;
  3178 : 00;
  3179 : E0;
  317A : 00;
  317B : 00;
  317C : 00;
  317D : 00;
  317E : 00;
  317F : 00;
  3180 : 00;
  3181 : 00;
  3182 : 00;
  3183 : 00;
  3184 : 00;
  3185 : 3C;
  3186 : 3C;
  3187 : 00;
  3188 : 00;
  3189 : 00;
  318A : 00;
  318B : 00;
  318C : 00;
  318D : 00;
  318E : 00;
  318F : 00;
  3190 : 00;
  3191 : 00;
  3192 : 00;
  3193 : 00;
  3194 : 00;
  3195 : 00;
  3196 : 3C;
  3197 : 3C;
  3198 : 00;
  3199 : 00;
  319A : 00;
  319B : 00;
  319C : 00;
  319D : 00;
  319E : 00;
  319F : 00;
  31A0 : 00;
  31A1 : 00;
  31A2 : 00;
  31A3 : 00;
  31A4 : 00;
  31A5 : 00;
  31A6 : 3C;
  31A7 : 3C;
  31A8 : 00;
  31A9 : 00;
  31AA : 00;
  31AB : 00;
  31AC : 00;
  31AD : 00;
  31AE : 00;
  31AF : 00;
  31B0 : 00;
  31B1 : 00;
  31B2 : 00;
  31B3 : 00;
  31B4 : 00;
  31B5 : 00;
  31B6 : 00;
  31B7 : 3C;
  31B8 : 3C;
  31B9 : 00;
  31BA : 00;
  31BB : 00;
  31BC : 00;
  31BD : 00;
  31BE : 00;
  31BF : 00;
  31C0 : 00;
  31C1 : 00;
  31C2 : 00;
  31C3 : 00;
  31C4 : 00;
  31C5 : 00;
  31C6 : 00;
  31C7 : 3C;
  31C8 : 3C;
  31C9 : 00;
  31CA : 00;
  31CB : 00;
  31CC : 00;
  31CD : 00;
  31CE : 00;
  31CF : 00;
  31D0 : 00;
  31D1 : 00;
  31D2 : 00;
  31D3 : 00;
  31D4 : 00;
  31D5 : 00;
  31D6 : 00;
  31D7 : 00;
  31D8 : 3C;
  31D9 : 3C;
  31DA : 00;
  31DB : 00;
  31DC : 00;
  31DD : 00;
  31DE : 00;
  31DF : 00;
  31E0 : 00;
  31E1 : 00;
  31E2 : 00;
  31E3 : 00;
  31E4 : 00;
  31E5 : 00;
  31E6 : 00;
  31E7 : 00;
  31E8 : 3C;
  31E9 : 3C;
  31EA : 00;
  31EB : 00;
  31EC : 00;
  31ED : 00;
  31EE : 00;
  31EF : 00;
  31F0 : 00;
  31F1 : 00;
  31F2 : 00;
  31F3 : 00;
  31F4 : 00;
  31F5 : 00;
  31F6 : 00;
  31F7 : 00;
  31F8 : 00;
  31F9 : 00;
  31FA : 00;
  31FB : 00;
  31FC : 00;
  31FD : 00;
  31FE : 00;
  31FF : 00;
  3200 : 00;
  3201 : 00;
  3202 : 00;
  3203 : 00;
  3204 : 00;
  3205 : 00;
  3206 : 00;
  3207 : 00;
  3208 : 00;
  3209 : 00;
  320A : 00;
  320B : 00;
  320C : 00;
  320D : 00;
  320E : 00;
  320F : 00;
  3210 : 00;
  3211 : 00;
  3212 : 00;
  3213 : 00;
  3214 : 00;
  3215 : 00;
  3216 : 00;
  3217 : 00;
  3218 : 00;
  3219 : 00;
  321A : 00;
  321B : 00;
  321C : 00;
  321D : 00;
  321E : 00;
  321F : 00;
  3220 : 00;
  3221 : 00;
  3222 : 00;
  3223 : 00;
  3224 : 01;
  3225 : 01;
  3226 : 01;
  3227 : 01;
  3228 : 01;
  3229 : 01;
  322A : 01;
  322B : 00;
  322C : 00;
  322D : 00;
  322E : 00;
  322F : 00;
  3230 : 00;
  3231 : 00;
  3232 : 00;
  3233 : 01;
  3234 : FF;
  3235 : FF;
  3236 : FF;
  3237 : FF;
  3238 : FF;
  3239 : FF;
  323A : 00;
  323B : 01;
  323C : 00;
  323D : 00;
  323E : 00;
  323F : 00;
  3240 : 00;
  3241 : 00;
  3242 : 01;
  3243 : FF;
  3244 : 88;
  3245 : 88;
  3246 : 88;
  3247 : 88;
  3248 : 88;
  3249 : 88;
  324A : 88;
  324B : FF;
  324C : 01;
  324D : 00;
  324E : 00;
  324F : 00;
  3250 : 00;
  3251 : 00;
  3252 : 01;
  3253 : 01;
  3254 : 88;
  3255 : 88;
  3256 : 88;
  3257 : 88;
  3258 : 88;
  3259 : 88;
  325A : 88;
  325B : 01;
  325C : 01;
  325D : 00;
  325E : 00;
  325F : 00;
  3260 : 00;
  3261 : 00;
  3262 : 01;
  3263 : FF;
  3264 : 01;
  3265 : 01;
  3266 : 01;
  3267 : 01;
  3268 : 01;
  3269 : 01;
  326A : 01;
  326B : FF;
  326C : 01;
  326D : 00;
  326E : 00;
  326F : 00;
  3270 : 00;
  3271 : 00;
  3272 : 01;
  3273 : FF;
  3274 : FF;
  3275 : FF;
  3276 : FF;
  3277 : FF;
  3278 : FF;
  3279 : FF;
  327A : FF;
  327B : FF;
  327C : 01;
  327D : 00;
  327E : 00;
  327F : 00;
  3280 : 00;
  3281 : 00;
  3282 : 00;
  3283 : 01;
  3284 : FF;
  3285 : FF;
  3286 : FF;
  3287 : FF;
  3288 : FF;
  3289 : FF;
  328A : FF;
  328B : 01;
  328C : 00;
  328D : 00;
  328E : 00;
  328F : 00;
  3290 : 00;
  3291 : 00;
  3292 : 00;
  3293 : 01;
  3294 : FF;
  3295 : FF;
  3296 : FF;
  3297 : FF;
  3298 : FF;
  3299 : FF;
  329A : FF;
  329B : 01;
  329C : 00;
  329D : 00;
  329E : 00;
  329F : 00;
  32A0 : 00;
  32A1 : 00;
  32A2 : 00;
  32A3 : 00;
  32A4 : 01;
  32A5 : 01;
  32A6 : FF;
  32A7 : FF;
  32A8 : FF;
  32A9 : 01;
  32AA : 01;
  32AB : 00;
  32AC : 00;
  32AD : 00;
  32AE : 00;
  32AF : 00;
  32B0 : 00;
  32B1 : 00;
  32B2 : 00;
  32B3 : 00;
  32B4 : 00;
  32B5 : 00;
  32B6 : 01;
  32B7 : 01;
  32B8 : 01;
  32B9 : 00;
  32BA : 00;
  32BB : 00;
  32BC : 00;
  32BD : 00;
  32BE : 00;
  32BF : 00;
  32C0 : 00;
  32C1 : 00;
  32C2 : 00;
  32C3 : 00;
  32C4 : 00;
  32C5 : 00;
  32C6 : 00;
  32C7 : 00;
  32C8 : 00;
  32C9 : 00;
  32CA : 00;
  32CB : 00;
  32CC : 00;
  32CD : 00;
  32CE : 00;
  32CF : 00;
  32D0 : 00;
  32D1 : 00;
  32D2 : 00;
  32D3 : 00;
  32D4 : 00;
  32D5 : 00;
  32D6 : 00;
  32D7 : 00;
  32D8 : 00;
  32D9 : 00;
  32DA : 00;
  32DB : 00;
  32DC : 00;
  32DD : 00;
  32DE : 00;
  32DF : 00;
  32E0 : 00;
  32E1 : 00;
  32E2 : 00;
  32E3 : 00;
  32E4 : 00;
  32E5 : 00;
  32E6 : 00;
  32E7 : 00;
  32E8 : 00;
  32E9 : 00;
  32EA : 00;
  32EB : 00;
  32EC : 00;
  32ED : 00;
  32EE : 00;
  32EF : 00;
  32F0 : 00;
  32F1 : 00;
  32F2 : 00;
  32F3 : 00;
  32F4 : 00;
  32F5 : 00;
  32F6 : 00;
  32F7 : 00;
  32F8 : 00;
  32F9 : 00;
  32FA : 00;
  32FB : 00;
  32FC : 00;
  32FD : 00;
  32FE : 00;
  32FF : 00;
  3300 : 00;
  3301 : 00;
  3302 : 00;
  3303 : 00;
  3304 : 00;
  3305 : 00;
  3306 : 00;
  3307 : 00;
  3308 : 00;
  3309 : 00;
  330A : 00;
  330B : 00;
  330C : 00;
  330D : 00;
  330E : 00;
  330F : 00;
  3310 : 00;
  3311 : 00;
  3312 : 00;
  3313 : E0;
  3314 : 00;
  3315 : 00;
  3316 : 00;
  3317 : 00;
  3318 : 00;
  3319 : E0;
  331A : 00;
  331B : 00;
  331C : 00;
  331D : 00;
  331E : 00;
  331F : 00;
  3320 : 00;
  3321 : 00;
  3322 : 00;
  3323 : 00;
  3324 : E0;
  3325 : 00;
  3326 : E0;
  3327 : 00;
  3328 : E0;
  3329 : 00;
  332A : 00;
  332B : 00;
  332C : 00;
  332D : 00;
  332E : 00;
  332F : 00;
  3330 : 00;
  3331 : 00;
  3332 : 00;
  3333 : 00;
  3334 : 00;
  3335 : E0;
  3336 : E0;
  3337 : E0;
  3338 : 00;
  3339 : 00;
  333A : 00;
  333B : 00;
  333C : 00;
  333D : 00;
  333E : 00;
  333F : 00;
  3340 : 00;
  3341 : 00;
  3342 : E0;
  3343 : E0;
  3344 : E0;
  3345 : E0;
  3346 : B4;
  3347 : E0;
  3348 : E0;
  3349 : E0;
  334A : E0;
  334B : 00;
  334C : 00;
  334D : 00;
  334E : 00;
  334F : 00;
  3350 : 00;
  3351 : 00;
  3352 : 00;
  3353 : 00;
  3354 : 00;
  3355 : E0;
  3356 : E0;
  3357 : E0;
  3358 : 00;
  3359 : 00;
  335A : 00;
  335B : 00;
  335C : 00;
  335D : 00;
  335E : 00;
  335F : 00;
  3360 : 00;
  3361 : 00;
  3362 : 00;
  3363 : 00;
  3364 : E0;
  3365 : 3C;
  3366 : E0;
  3367 : 00;
  3368 : E0;
  3369 : 00;
  336A : 00;
  336B : 00;
  336C : 00;
  336D : 00;
  336E : 00;
  336F : 00;
  3370 : 00;
  3371 : 00;
  3372 : 00;
  3373 : E0;
  3374 : 00;
  3375 : 3C;
  3376 : 3C;
  3377 : 00;
  3378 : 00;
  3379 : E0;
  337A : 00;
  337B : 00;
  337C : 00;
  337D : 00;
  337E : 00;
  337F : 00;
  3380 : 00;
  3381 : 00;
  3382 : 00;
  3383 : 00;
  3384 : 00;
  3385 : 3C;
  3386 : 3C;
  3387 : 00;
  3388 : 00;
  3389 : 00;
  338A : 00;
  338B : 00;
  338C : 00;
  338D : 00;
  338E : 00;
  338F : 00;
  3390 : 00;
  3391 : 00;
  3392 : 00;
  3393 : 00;
  3394 : 00;
  3395 : 00;
  3396 : 3C;
  3397 : 3C;
  3398 : 00;
  3399 : 00;
  339A : 00;
  339B : 00;
  339C : 00;
  339D : 00;
  339E : 00;
  339F : 00;
  33A0 : 00;
  33A1 : 00;
  33A2 : 00;
  33A3 : 00;
  33A4 : 00;
  33A5 : 00;
  33A6 : 3C;
  33A7 : 3C;
  33A8 : 00;
  33A9 : 00;
  33AA : 00;
  33AB : 00;
  33AC : 00;
  33AD : 00;
  33AE : 00;
  33AF : 00;
  33B0 : 00;
  33B1 : 00;
  33B2 : 00;
  33B3 : 00;
  33B4 : 00;
  33B5 : 00;
  33B6 : 00;
  33B7 : 3C;
  33B8 : 3C;
  33B9 : 00;
  33BA : 00;
  33BB : 00;
  33BC : 00;
  33BD : 00;
  33BE : 00;
  33BF : 00;
  33C0 : 00;
  33C1 : 00;
  33C2 : 00;
  33C3 : 00;
  33C4 : 00;
  33C5 : 00;
  33C6 : 00;
  33C7 : 3C;
  33C8 : 3C;
  33C9 : 00;
  33CA : 00;
  33CB : 00;
  33CC : 00;
  33CD : 00;
  33CE : 00;
  33CF : 00;
  33D0 : 00;
  33D1 : 00;
  33D2 : 00;
  33D3 : 00;
  33D4 : 00;
  33D5 : 00;
  33D6 : 00;
  33D7 : 00;
  33D8 : 3C;
  33D9 : 3C;
  33DA : 00;
  33DB : 00;
  33DC : 00;
  33DD : 00;
  33DE : 00;
  33DF : 00;
  33E0 : 00;
  33E1 : 00;
  33E2 : 00;
  33E3 : 00;
  33E4 : 00;
  33E5 : 00;
  33E6 : 00;
  33E7 : 00;
  33E8 : 3C;
  33E9 : 3C;
  33EA : 00;
  33EB : 00;
  33EC : 00;
  33ED : 00;
  33EE : 00;
  33EF : 00;
  33F0 : 00;
  33F1 : 00;
  33F2 : 00;
  33F3 : 00;
  33F4 : 00;
  33F5 : 00;
  33F6 : 00;
  33F7 : 00;
  33F8 : 00;
  33F9 : 00;
  33FA : 00;
  33FB : 00;
  33FC : 00;
  33FD : 00;
  33FE : 00;
  33FF : 00;
  3400 : 00;
  3401 : 00;
  3402 : 00;
  3403 : 00;
  3404 : 00;
  3405 : 00;
  3406 : 00;
  3407 : 00;
  3408 : 00;
  3409 : 00;
  340A : 00;
  340B : 00;
  340C : 00;
  340D : 00;
  340E : 00;
  340F : 00;
  3410 : 00;
  3411 : 00;
  3412 : 00;
  3413 : 00;
  3414 : 00;
  3415 : 00;
  3416 : 00;
  3417 : 00;
  3418 : 00;
  3419 : 00;
  341A : 00;
  341B : 00;
  341C : 00;
  341D : 00;
  341E : 00;
  341F : 00;
  3420 : 00;
  3421 : 00;
  3422 : 00;
  3423 : 00;
  3424 : 01;
  3425 : 01;
  3426 : 01;
  3427 : 01;
  3428 : 01;
  3429 : 01;
  342A : 01;
  342B : 00;
  342C : 00;
  342D : 00;
  342E : 00;
  342F : 00;
  3430 : 00;
  3431 : 00;
  3432 : 00;
  3433 : 01;
  3434 : FF;
  3435 : FF;
  3436 : FF;
  3437 : FF;
  3438 : FF;
  3439 : FF;
  343A : 00;
  343B : 01;
  343C : 00;
  343D : 00;
  343E : 00;
  343F : 00;
  3440 : 00;
  3441 : 00;
  3442 : 01;
  3443 : FF;
  3444 : 88;
  3445 : 88;
  3446 : 88;
  3447 : 88;
  3448 : 88;
  3449 : 88;
  344A : 88;
  344B : FF;
  344C : 01;
  344D : 00;
  344E : 00;
  344F : 00;
  3450 : 00;
  3451 : 00;
  3452 : 01;
  3453 : 01;
  3454 : 88;
  3455 : 88;
  3456 : 88;
  3457 : 88;
  3458 : 88;
  3459 : 88;
  345A : 88;
  345B : 01;
  345C : 01;
  345D : 00;
  345E : 00;
  345F : 00;
  3460 : 00;
  3461 : 00;
  3462 : 01;
  3463 : FF;
  3464 : 01;
  3465 : 01;
  3466 : 01;
  3467 : 01;
  3468 : 01;
  3469 : 01;
  346A : 01;
  346B : FF;
  346C : 01;
  346D : 00;
  346E : 00;
  346F : 00;
  3470 : 00;
  3471 : 00;
  3472 : 01;
  3473 : FF;
  3474 : FF;
  3475 : FF;
  3476 : FF;
  3477 : FF;
  3478 : FF;
  3479 : FF;
  347A : FF;
  347B : FF;
  347C : 01;
  347D : 00;
  347E : 00;
  347F : 00;
  3480 : 00;
  3481 : 00;
  3482 : 00;
  3483 : 01;
  3484 : FF;
  3485 : FF;
  3486 : FF;
  3487 : FF;
  3488 : FF;
  3489 : FF;
  348A : FF;
  348B : 01;
  348C : 00;
  348D : 00;
  348E : 00;
  348F : 00;
  3490 : 00;
  3491 : 00;
  3492 : 00;
  3493 : 01;
  3494 : FF;
  3495 : FF;
  3496 : FF;
  3497 : FF;
  3498 : FF;
  3499 : FF;
  349A : FF;
  349B : 01;
  349C : 00;
  349D : 00;
  349E : 00;
  349F : 00;
  34A0 : 00;
  34A1 : 00;
  34A2 : 00;
  34A3 : 00;
  34A4 : 01;
  34A5 : 01;
  34A6 : FF;
  34A7 : FF;
  34A8 : FF;
  34A9 : 01;
  34AA : 01;
  34AB : 00;
  34AC : 00;
  34AD : 00;
  34AE : 00;
  34AF : 00;
  34B0 : 00;
  34B1 : 00;
  34B2 : 00;
  34B3 : 00;
  34B4 : 00;
  34B5 : 00;
  34B6 : 01;
  34B7 : 01;
  34B8 : 01;
  34B9 : 00;
  34BA : 00;
  34BB : 00;
  34BC : 00;
  34BD : 00;
  34BE : 00;
  34BF : 00;
  34C0 : 00;
  34C1 : 00;
  34C2 : 00;
  34C3 : 00;
  34C4 : 00;
  34C5 : 00;
  34C6 : 00;
  34C7 : 00;
  34C8 : 00;
  34C9 : 00;
  34CA : 00;
  34CB : 00;
  34CC : 00;
  34CD : 00;
  34CE : 00;
  34CF : 00;
  34D0 : 00;
  34D1 : 00;
  34D2 : 00;
  34D3 : 00;
  34D4 : 00;
  34D5 : 00;
  34D6 : 00;
  34D7 : 00;
  34D8 : 00;
  34D9 : 00;
  34DA : 00;
  34DB : 00;
  34DC : 00;
  34DD : 00;
  34DE : 00;
  34DF : 00;
  34E0 : 00;
  34E1 : 00;
  34E2 : 00;
  34E3 : 00;
  34E4 : 00;
  34E5 : 00;
  34E6 : 00;
  34E7 : 00;
  34E8 : 00;
  34E9 : 00;
  34EA : 00;
  34EB : 00;
  34EC : 00;
  34ED : 00;
  34EE : 00;
  34EF : 00;
  34F0 : 00;
  34F1 : 00;
  34F2 : 00;
  34F3 : 00;
  34F4 : 00;
  34F5 : 00;
  34F6 : 00;
  34F7 : 00;
  34F8 : 00;
  34F9 : 00;
  34FA : 00;
  34FB : 00;
  34FC : 00;
  34FD : 00;
  34FE : 00;
  34FF : 00;
  3500 : 00;
  3501 : 00;
  3502 : 00;
  3503 : 00;
  3504 : 00;
  3505 : 00;
  3506 : 00;
  3507 : 00;
  3508 : 00;
  3509 : 00;
  350A : 00;
  350B : 00;
  350C : 00;
  350D : 00;
  350E : 00;
  350F : 00;
  3510 : 00;
  3511 : 00;
  3512 : 00;
  3513 : E0;
  3514 : 00;
  3515 : 00;
  3516 : 00;
  3517 : 00;
  3518 : 00;
  3519 : E0;
  351A : 00;
  351B : 00;
  351C : 00;
  351D : 00;
  351E : 00;
  351F : 00;
  3520 : 00;
  3521 : 00;
  3522 : 00;
  3523 : 00;
  3524 : E0;
  3525 : 00;
  3526 : E0;
  3527 : 00;
  3528 : E0;
  3529 : 00;
  352A : 00;
  352B : 00;
  352C : 00;
  352D : 00;
  352E : 00;
  352F : 00;
  3530 : 00;
  3531 : 00;
  3532 : 00;
  3533 : 00;
  3534 : 00;
  3535 : E0;
  3536 : E0;
  3537 : E0;
  3538 : 00;
  3539 : 00;
  353A : 00;
  353B : 00;
  353C : 00;
  353D : 00;
  353E : 00;
  353F : 00;
  3540 : 00;
  3541 : 00;
  3542 : E0;
  3543 : E0;
  3544 : E0;
  3545 : E0;
  3546 : B4;
  3547 : E0;
  3548 : E0;
  3549 : E0;
  354A : E0;
  354B : 00;
  354C : 00;
  354D : 00;
  354E : 00;
  354F : 00;
  3550 : 00;
  3551 : 00;
  3552 : 00;
  3553 : 00;
  3554 : 00;
  3555 : E0;
  3556 : E0;
  3557 : E0;
  3558 : 00;
  3559 : 00;
  355A : 00;
  355B : 00;
  355C : 00;
  355D : 00;
  355E : 00;
  355F : 00;
  3560 : 00;
  3561 : 00;
  3562 : 00;
  3563 : 00;
  3564 : E0;
  3565 : 3C;
  3566 : E0;
  3567 : 00;
  3568 : E0;
  3569 : 00;
  356A : 00;
  356B : 00;
  356C : 00;
  356D : 00;
  356E : 00;
  356F : 00;
  3570 : 00;
  3571 : 00;
  3572 : 00;
  3573 : E0;
  3574 : 00;
  3575 : 3C;
  3576 : 3C;
  3577 : 00;
  3578 : 00;
  3579 : E0;
  357A : 00;
  357B : 00;
  357C : 00;
  357D : 00;
  357E : 00;
  357F : 00;
  3580 : 00;
  3581 : 00;
  3582 : 00;
  3583 : 00;
  3584 : 00;
  3585 : 3C;
  3586 : 3C;
  3587 : 00;
  3588 : 00;
  3589 : 00;
  358A : 00;
  358B : 00;
  358C : 00;
  358D : 00;
  358E : 00;
  358F : 00;
  3590 : 00;
  3591 : 00;
  3592 : 00;
  3593 : 00;
  3594 : 00;
  3595 : 00;
  3596 : 3C;
  3597 : 3C;
  3598 : 00;
  3599 : 00;
  359A : 00;
  359B : 00;
  359C : 00;
  359D : 00;
  359E : 00;
  359F : 00;
  35A0 : 00;
  35A1 : 00;
  35A2 : 00;
  35A3 : 00;
  35A4 : 00;
  35A5 : 00;
  35A6 : 3C;
  35A7 : 3C;
  35A8 : 00;
  35A9 : 00;
  35AA : 00;
  35AB : 00;
  35AC : 00;
  35AD : 00;
  35AE : 00;
  35AF : 00;
  35B0 : 00;
  35B1 : 00;
  35B2 : 00;
  35B3 : 00;
  35B4 : 00;
  35B5 : 00;
  35B6 : 00;
  35B7 : 3C;
  35B8 : 3C;
  35B9 : 00;
  35BA : 00;
  35BB : 00;
  35BC : 00;
  35BD : 00;
  35BE : 00;
  35BF : 00;
  35C0 : 00;
  35C1 : 00;
  35C2 : 00;
  35C3 : 00;
  35C4 : 00;
  35C5 : 00;
  35C6 : 00;
  35C7 : 3C;
  35C8 : 3C;
  35C9 : 00;
  35CA : 00;
  35CB : 00;
  35CC : 00;
  35CD : 00;
  35CE : 00;
  35CF : 00;
  35D0 : 00;
  35D1 : 00;
  35D2 : 00;
  35D3 : 00;
  35D4 : 00;
  35D5 : 00;
  35D6 : 00;
  35D7 : 00;
  35D8 : 3C;
  35D9 : 3C;
  35DA : 00;
  35DB : 00;
  35DC : 00;
  35DD : 00;
  35DE : 00;
  35DF : 00;
  35E0 : 00;
  35E1 : 00;
  35E2 : 00;
  35E3 : 00;
  35E4 : 00;
  35E5 : 00;
  35E6 : 00;
  35E7 : 00;
  35E8 : 3C;
  35E9 : 3C;
  35EA : 00;
  35EB : 00;
  35EC : 00;
  35ED : 00;
  35EE : 00;
  35EF : 00;
  35F0 : 00;
  35F1 : 00;
  35F2 : 00;
  35F3 : 00;
  35F4 : 00;
  35F5 : 00;
  35F6 : 00;
  35F7 : 00;
  35F8 : 00;
  35F9 : 00;
  35FA : 00;
  35FB : 00;
  35FC : 00;
  35FD : 00;
  35FE : 00;
  35FF : 00;
  3600 : 00;
  3601 : 00;
  3602 : 00;
  3603 : 00;
  3604 : 00;
  3605 : 00;
  3606 : 00;
  3607 : 00;
  3608 : 00;
  3609 : 00;
  360A : 00;
  360B : 00;
  360C : 00;
  360D : 00;
  360E : 00;
  360F : 00;
  3610 : 00;
  3611 : 00;
  3612 : 00;
  3613 : 00;
  3614 : 00;
  3615 : 00;
  3616 : 00;
  3617 : 00;
  3618 : 00;
  3619 : 00;
  361A : 00;
  361B : 00;
  361C : 00;
  361D : 00;
  361E : 00;
  361F : 00;
  3620 : 00;
  3621 : 00;
  3622 : 00;
  3623 : 00;
  3624 : 01;
  3625 : 01;
  3626 : 01;
  3627 : 01;
  3628 : 01;
  3629 : 01;
  362A : 01;
  362B : 00;
  362C : 00;
  362D : 00;
  362E : 00;
  362F : 00;
  3630 : 00;
  3631 : 00;
  3632 : 00;
  3633 : 01;
  3634 : FF;
  3635 : FF;
  3636 : FF;
  3637 : FF;
  3638 : FF;
  3639 : FF;
  363A : 00;
  363B : 01;
  363C : 00;
  363D : 00;
  363E : 00;
  363F : 00;
  3640 : 00;
  3641 : 00;
  3642 : 01;
  3643 : FF;
  3644 : 88;
  3645 : 88;
  3646 : 88;
  3647 : 88;
  3648 : 88;
  3649 : 88;
  364A : 88;
  364B : FF;
  364C : 01;
  364D : 00;
  364E : 00;
  364F : 00;
  3650 : 00;
  3651 : 00;
  3652 : 01;
  3653 : 01;
  3654 : 88;
  3655 : 88;
  3656 : 88;
  3657 : 88;
  3658 : 88;
  3659 : 88;
  365A : 88;
  365B : 01;
  365C : 01;
  365D : 00;
  365E : 00;
  365F : 00;
  3660 : 00;
  3661 : 00;
  3662 : 01;
  3663 : FF;
  3664 : 01;
  3665 : 01;
  3666 : 01;
  3667 : 01;
  3668 : 01;
  3669 : 01;
  366A : 01;
  366B : FF;
  366C : 01;
  366D : 00;
  366E : 00;
  366F : 00;
  3670 : 00;
  3671 : 00;
  3672 : 01;
  3673 : FF;
  3674 : FF;
  3675 : FF;
  3676 : FF;
  3677 : FF;
  3678 : FF;
  3679 : FF;
  367A : FF;
  367B : FF;
  367C : 01;
  367D : 00;
  367E : 00;
  367F : 00;
  3680 : 00;
  3681 : 00;
  3682 : 00;
  3683 : 01;
  3684 : FF;
  3685 : FF;
  3686 : FF;
  3687 : FF;
  3688 : FF;
  3689 : FF;
  368A : FF;
  368B : 01;
  368C : 00;
  368D : 00;
  368E : 00;
  368F : 00;
  3690 : 00;
  3691 : 00;
  3692 : 00;
  3693 : 01;
  3694 : FF;
  3695 : FF;
  3696 : FF;
  3697 : FF;
  3698 : FF;
  3699 : FF;
  369A : FF;
  369B : 01;
  369C : 00;
  369D : 00;
  369E : 00;
  369F : 00;
  36A0 : 00;
  36A1 : 00;
  36A2 : 00;
  36A3 : 00;
  36A4 : 01;
  36A5 : 01;
  36A6 : FF;
  36A7 : FF;
  36A8 : FF;
  36A9 : 01;
  36AA : 01;
  36AB : 00;
  36AC : 00;
  36AD : 00;
  36AE : 00;
  36AF : 00;
  36B0 : 00;
  36B1 : 00;
  36B2 : 00;
  36B3 : 00;
  36B4 : 00;
  36B5 : 00;
  36B6 : 01;
  36B7 : 01;
  36B8 : 01;
  36B9 : 00;
  36BA : 00;
  36BB : 00;
  36BC : 00;
  36BD : 00;
  36BE : 00;
  36BF : 00;
  36C0 : 00;
  36C1 : 00;
  36C2 : 00;
  36C3 : 00;
  36C4 : 00;
  36C5 : 00;
  36C6 : 00;
  36C7 : 00;
  36C8 : 00;
  36C9 : 00;
  36CA : 00;
  36CB : 00;
  36CC : 00;
  36CD : 00;
  36CE : 00;
  36CF : 00;
  36D0 : 00;
  36D1 : 00;
  36D2 : 00;
  36D3 : 00;
  36D4 : 00;
  36D5 : 00;
  36D6 : 00;
  36D7 : 00;
  36D8 : 00;
  36D9 : 00;
  36DA : 00;
  36DB : 00;
  36DC : 00;
  36DD : 00;
  36DE : 00;
  36DF : 00;
  36E0 : 00;
  36E1 : 00;
  36E2 : 00;
  36E3 : 00;
  36E4 : 00;
  36E5 : 00;
  36E6 : 00;
  36E7 : 00;
  36E8 : 00;
  36E9 : 00;
  36EA : 00;
  36EB : 00;
  36EC : 00;
  36ED : 00;
  36EE : 00;
  36EF : 00;
  36F0 : 00;
  36F1 : 00;
  36F2 : 00;
  36F3 : 00;
  36F4 : 00;
  36F5 : 00;
  36F6 : 00;
  36F7 : 00;
  36F8 : 00;
  36F9 : 00;
  36FA : 00;
  36FB : 00;
  36FC : 00;
  36FD : 00;
  36FE : 00;
  36FF : 00;
  3700 : 00;
  3701 : 00;
  3702 : 00;
  3703 : 00;
  3704 : 00;
  3705 : 00;
  3706 : 00;
  3707 : 00;
  3708 : 00;
  3709 : 00;
  370A : 00;
  370B : 00;
  370C : 00;
  370D : 00;
  370E : 00;
  370F : 00;
  3710 : 00;
  3711 : 00;
  3712 : 00;
  3713 : E0;
  3714 : 00;
  3715 : 00;
  3716 : 00;
  3717 : 00;
  3718 : 00;
  3719 : E0;
  371A : 00;
  371B : 00;
  371C : 00;
  371D : 00;
  371E : 00;
  371F : 00;
  3720 : 00;
  3721 : 00;
  3722 : 00;
  3723 : 00;
  3724 : E0;
  3725 : 00;
  3726 : E0;
  3727 : 00;
  3728 : E0;
  3729 : 00;
  372A : 00;
  372B : 00;
  372C : 00;
  372D : 00;
  372E : 00;
  372F : 00;
  3730 : 00;
  3731 : 00;
  3732 : 00;
  3733 : 00;
  3734 : 00;
  3735 : E0;
  3736 : E0;
  3737 : E0;
  3738 : 00;
  3739 : 00;
  373A : 00;
  373B : 00;
  373C : 00;
  373D : 00;
  373E : 00;
  373F : 00;
  3740 : 00;
  3741 : 00;
  3742 : E0;
  3743 : E0;
  3744 : E0;
  3745 : E0;
  3746 : B4;
  3747 : E0;
  3748 : E0;
  3749 : E0;
  374A : E0;
  374B : 00;
  374C : 00;
  374D : 00;
  374E : 00;
  374F : 00;
  3750 : 00;
  3751 : 00;
  3752 : 00;
  3753 : 00;
  3754 : 00;
  3755 : E0;
  3756 : E0;
  3757 : E0;
  3758 : 00;
  3759 : 00;
  375A : 00;
  375B : 00;
  375C : 00;
  375D : 00;
  375E : 00;
  375F : 00;
  3760 : 00;
  3761 : 00;
  3762 : 00;
  3763 : 00;
  3764 : E0;
  3765 : 3C;
  3766 : E0;
  3767 : 00;
  3768 : E0;
  3769 : 00;
  376A : 00;
  376B : 00;
  376C : 00;
  376D : 00;
  376E : 00;
  376F : 00;
  3770 : 00;
  3771 : 00;
  3772 : 00;
  3773 : E0;
  3774 : 00;
  3775 : 3C;
  3776 : 3C;
  3777 : 00;
  3778 : 00;
  3779 : E0;
  377A : 00;
  377B : 00;
  377C : 00;
  377D : 00;
  377E : 00;
  377F : 00;
  3780 : 00;
  3781 : 00;
  3782 : 00;
  3783 : 00;
  3784 : 00;
  3785 : 3C;
  3786 : 3C;
  3787 : 00;
  3788 : 00;
  3789 : 00;
  378A : 00;
  378B : 00;
  378C : 00;
  378D : 00;
  378E : 00;
  378F : 00;
  3790 : 00;
  3791 : 00;
  3792 : 00;
  3793 : 00;
  3794 : 00;
  3795 : 00;
  3796 : 3C;
  3797 : 3C;
  3798 : 00;
  3799 : 00;
  379A : 00;
  379B : 00;
  379C : 00;
  379D : 00;
  379E : 00;
  379F : 00;
  37A0 : 00;
  37A1 : 00;
  37A2 : 00;
  37A3 : 00;
  37A4 : 00;
  37A5 : 00;
  37A6 : 3C;
  37A7 : 3C;
  37A8 : 00;
  37A9 : 00;
  37AA : 00;
  37AB : 00;
  37AC : 00;
  37AD : 00;
  37AE : 00;
  37AF : 00;
  37B0 : 00;
  37B1 : 00;
  37B2 : 00;
  37B3 : 00;
  37B4 : 00;
  37B5 : 00;
  37B6 : 00;
  37B7 : 3C;
  37B8 : 3C;
  37B9 : 00;
  37BA : 00;
  37BB : 00;
  37BC : 00;
  37BD : 00;
  37BE : 00;
  37BF : 00;
  37C0 : 00;
  37C1 : 00;
  37C2 : 00;
  37C3 : 00;
  37C4 : 00;
  37C5 : 00;
  37C6 : 00;
  37C7 : 3C;
  37C8 : 3C;
  37C9 : 00;
  37CA : 00;
  37CB : 00;
  37CC : 00;
  37CD : 00;
  37CE : 00;
  37CF : 00;
  37D0 : 00;
  37D1 : 00;
  37D2 : 00;
  37D3 : 00;
  37D4 : 00;
  37D5 : 00;
  37D6 : 00;
  37D7 : 00;
  37D8 : 3C;
  37D9 : 3C;
  37DA : 00;
  37DB : 00;
  37DC : 00;
  37DD : 00;
  37DE : 00;
  37DF : 00;
  37E0 : 00;
  37E1 : 00;
  37E2 : 00;
  37E3 : 00;
  37E4 : 00;
  37E5 : 00;
  37E6 : 00;
  37E7 : 00;
  37E8 : 3C;
  37E9 : 3C;
  37EA : 00;
  37EB : 00;
  37EC : 00;
  37ED : 00;
  37EE : 00;
  37EF : 00;
  37F0 : 00;
  37F1 : 00;
  37F2 : 00;
  37F3 : 00;
  37F4 : 00;
  37F5 : 00;
  37F6 : 00;
  37F7 : 00;
  37F8 : 00;
  37F9 : 00;
  37FA : 00;
  37FB : 00;
  37FC : 00;
  37FD : 00;
  37FE : 00;
  37FF : 00;
  3800 : 00;
  3801 : 00;
  3802 : 00;
  3803 : 00;
  3804 : 00;
  3805 : 00;
  3806 : 00;
  3807 : 00;
  3808 : 00;
  3809 : 00;
  380A : 00;
  380B : 00;
  380C : 00;
  380D : 00;
  380E : 00;
  380F : 00;
  3810 : 00;
  3811 : 00;
  3812 : 00;
  3813 : 00;
  3814 : 00;
  3815 : 00;
  3816 : 00;
  3817 : 00;
  3818 : 00;
  3819 : 00;
  381A : 00;
  381B : 00;
  381C : 00;
  381D : 00;
  381E : 00;
  381F : 00;
  3820 : 00;
  3821 : 00;
  3822 : 00;
  3823 : 00;
  3824 : 01;
  3825 : 01;
  3826 : 01;
  3827 : 01;
  3828 : 01;
  3829 : 01;
  382A : 01;
  382B : 00;
  382C : 00;
  382D : 00;
  382E : 00;
  382F : 00;
  3830 : 00;
  3831 : 00;
  3832 : 00;
  3833 : 01;
  3834 : FF;
  3835 : FF;
  3836 : FF;
  3837 : FF;
  3838 : FF;
  3839 : FF;
  383A : 00;
  383B : 01;
  383C : 00;
  383D : 00;
  383E : 00;
  383F : 00;
  3840 : 00;
  3841 : 00;
  3842 : 01;
  3843 : FF;
  3844 : 88;
  3845 : 88;
  3846 : 88;
  3847 : 88;
  3848 : 88;
  3849 : 88;
  384A : 88;
  384B : FF;
  384C : 01;
  384D : 00;
  384E : 00;
  384F : 00;
  3850 : 00;
  3851 : 00;
  3852 : 01;
  3853 : 01;
  3854 : 88;
  3855 : 88;
  3856 : 88;
  3857 : 88;
  3858 : 88;
  3859 : 88;
  385A : 88;
  385B : 01;
  385C : 01;
  385D : 00;
  385E : 00;
  385F : 00;
  3860 : 00;
  3861 : 00;
  3862 : 01;
  3863 : FF;
  3864 : 01;
  3865 : 01;
  3866 : 01;
  3867 : 01;
  3868 : 01;
  3869 : 01;
  386A : 01;
  386B : FF;
  386C : 01;
  386D : 00;
  386E : 00;
  386F : 00;
  3870 : 00;
  3871 : 00;
  3872 : 01;
  3873 : FF;
  3874 : FF;
  3875 : FF;
  3876 : FF;
  3877 : FF;
  3878 : FF;
  3879 : FF;
  387A : FF;
  387B : FF;
  387C : 01;
  387D : 00;
  387E : 00;
  387F : 00;
  3880 : 00;
  3881 : 00;
  3882 : 00;
  3883 : 01;
  3884 : FF;
  3885 : FF;
  3886 : FF;
  3887 : FF;
  3888 : FF;
  3889 : FF;
  388A : FF;
  388B : 01;
  388C : 00;
  388D : 00;
  388E : 00;
  388F : 00;
  3890 : 00;
  3891 : 00;
  3892 : 00;
  3893 : 01;
  3894 : FF;
  3895 : FF;
  3896 : FF;
  3897 : FF;
  3898 : FF;
  3899 : FF;
  389A : FF;
  389B : 01;
  389C : 00;
  389D : 00;
  389E : 00;
  389F : 00;
  38A0 : 00;
  38A1 : 00;
  38A2 : 00;
  38A3 : 00;
  38A4 : 01;
  38A5 : 01;
  38A6 : FF;
  38A7 : FF;
  38A8 : FF;
  38A9 : 01;
  38AA : 01;
  38AB : 00;
  38AC : 00;
  38AD : 00;
  38AE : 00;
  38AF : 00;
  38B0 : 00;
  38B1 : 00;
  38B2 : 00;
  38B3 : 00;
  38B4 : 00;
  38B5 : 00;
  38B6 : 01;
  38B7 : 01;
  38B8 : 01;
  38B9 : 00;
  38BA : 00;
  38BB : 00;
  38BC : 00;
  38BD : 00;
  38BE : 00;
  38BF : 00;
  38C0 : 00;
  38C1 : 00;
  38C2 : 00;
  38C3 : 00;
  38C4 : 00;
  38C5 : 00;
  38C6 : 00;
  38C7 : 00;
  38C8 : 00;
  38C9 : 00;
  38CA : 00;
  38CB : 00;
  38CC : 00;
  38CD : 00;
  38CE : 00;
  38CF : 00;
  38D0 : 00;
  38D1 : 00;
  38D2 : 00;
  38D3 : 00;
  38D4 : 00;
  38D5 : 00;
  38D6 : 00;
  38D7 : 00;
  38D8 : 00;
  38D9 : 00;
  38DA : 00;
  38DB : 00;
  38DC : 00;
  38DD : 00;
  38DE : 00;
  38DF : 00;
  38E0 : 00;
  38E1 : 00;
  38E2 : 00;
  38E3 : 00;
  38E4 : 00;
  38E5 : 00;
  38E6 : 00;
  38E7 : 00;
  38E8 : 00;
  38E9 : 00;
  38EA : 00;
  38EB : 00;
  38EC : 00;
  38ED : 00;
  38EE : 00;
  38EF : 00;
  38F0 : 00;
  38F1 : 00;
  38F2 : 00;
  38F3 : 00;
  38F4 : 00;
  38F5 : 00;
  38F6 : 00;
  38F7 : 00;
  38F8 : 00;
  38F9 : 00;
  38FA : 00;
  38FB : 00;
  38FC : 00;
  38FD : 00;
  38FE : 00;
  38FF : 00;
  3900 : 00;
  3901 : 00;
  3902 : 00;
  3903 : 00;
  3904 : 00;
  3905 : 00;
  3906 : 00;
  3907 : 00;
  3908 : 00;
  3909 : 00;
  390A : 00;
  390B : 00;
  390C : 00;
  390D : 00;
  390E : 00;
  390F : 00;
  3910 : 00;
  3911 : 00;
  3912 : 00;
  3913 : E0;
  3914 : 00;
  3915 : 00;
  3916 : 00;
  3917 : 00;
  3918 : 00;
  3919 : E0;
  391A : 00;
  391B : 00;
  391C : 00;
  391D : 00;
  391E : 00;
  391F : 00;
  3920 : 00;
  3921 : 00;
  3922 : 00;
  3923 : 00;
  3924 : E0;
  3925 : 00;
  3926 : E0;
  3927 : 00;
  3928 : E0;
  3929 : 00;
  392A : 00;
  392B : 00;
  392C : 00;
  392D : 00;
  392E : 00;
  392F : 00;
  3930 : 00;
  3931 : 00;
  3932 : 00;
  3933 : 00;
  3934 : 00;
  3935 : E0;
  3936 : E0;
  3937 : E0;
  3938 : 00;
  3939 : 00;
  393A : 00;
  393B : 00;
  393C : 00;
  393D : 00;
  393E : 00;
  393F : 00;
  3940 : 00;
  3941 : 00;
  3942 : E0;
  3943 : E0;
  3944 : E0;
  3945 : E0;
  3946 : B4;
  3947 : E0;
  3948 : E0;
  3949 : E0;
  394A : E0;
  394B : 00;
  394C : 00;
  394D : 00;
  394E : 00;
  394F : 00;
  3950 : 00;
  3951 : 00;
  3952 : 00;
  3953 : 00;
  3954 : 00;
  3955 : E0;
  3956 : E0;
  3957 : E0;
  3958 : 00;
  3959 : 00;
  395A : 00;
  395B : 00;
  395C : 00;
  395D : 00;
  395E : 00;
  395F : 00;
  3960 : 00;
  3961 : 00;
  3962 : 00;
  3963 : 00;
  3964 : E0;
  3965 : 3C;
  3966 : E0;
  3967 : 00;
  3968 : E0;
  3969 : 00;
  396A : 00;
  396B : 00;
  396C : 00;
  396D : 00;
  396E : 00;
  396F : 00;
  3970 : 00;
  3971 : 00;
  3972 : 00;
  3973 : E0;
  3974 : 00;
  3975 : 3C;
  3976 : 3C;
  3977 : 00;
  3978 : 00;
  3979 : E0;
  397A : 00;
  397B : 00;
  397C : 00;
  397D : 00;
  397E : 00;
  397F : 00;
  3980 : 00;
  3981 : 00;
  3982 : 00;
  3983 : 00;
  3984 : 00;
  3985 : 3C;
  3986 : 3C;
  3987 : 00;
  3988 : 00;
  3989 : 00;
  398A : 00;
  398B : 00;
  398C : 00;
  398D : 00;
  398E : 00;
  398F : 00;
  3990 : 00;
  3991 : 00;
  3992 : 00;
  3993 : 00;
  3994 : 00;
  3995 : 00;
  3996 : 3C;
  3997 : 3C;
  3998 : 00;
  3999 : 00;
  399A : 00;
  399B : 00;
  399C : 00;
  399D : 00;
  399E : 00;
  399F : 00;
  39A0 : 00;
  39A1 : 00;
  39A2 : 00;
  39A3 : 00;
  39A4 : 00;
  39A5 : 00;
  39A6 : 3C;
  39A7 : 3C;
  39A8 : 00;
  39A9 : 00;
  39AA : 00;
  39AB : 00;
  39AC : 00;
  39AD : 00;
  39AE : 00;
  39AF : 00;
  39B0 : 00;
  39B1 : 00;
  39B2 : 00;
  39B3 : 00;
  39B4 : 00;
  39B5 : 00;
  39B6 : 00;
  39B7 : 3C;
  39B8 : 3C;
  39B9 : 00;
  39BA : 00;
  39BB : 00;
  39BC : 00;
  39BD : 00;
  39BE : 00;
  39BF : 00;
  39C0 : 00;
  39C1 : 00;
  39C2 : 00;
  39C3 : 00;
  39C4 : 00;
  39C5 : 00;
  39C6 : 00;
  39C7 : 3C;
  39C8 : 3C;
  39C9 : 00;
  39CA : 00;
  39CB : 00;
  39CC : 00;
  39CD : 00;
  39CE : 00;
  39CF : 00;
  39D0 : 00;
  39D1 : 00;
  39D2 : 00;
  39D3 : 00;
  39D4 : 00;
  39D5 : 00;
  39D6 : 00;
  39D7 : 00;
  39D8 : 3C;
  39D9 : 3C;
  39DA : 00;
  39DB : 00;
  39DC : 00;
  39DD : 00;
  39DE : 00;
  39DF : 00;
  39E0 : 00;
  39E1 : 00;
  39E2 : 00;
  39E3 : 00;
  39E4 : 00;
  39E5 : 00;
  39E6 : 00;
  39E7 : 00;
  39E8 : 3C;
  39E9 : 3C;
  39EA : 00;
  39EB : 00;
  39EC : 00;
  39ED : 00;
  39EE : 00;
  39EF : 00;
  39F0 : 00;
  39F1 : 00;
  39F2 : 00;
  39F3 : 00;
  39F4 : 00;
  39F5 : 00;
  39F6 : 00;
  39F7 : 00;
  39F8 : 00;
  39F9 : 00;
  39FA : 00;
  39FB : 00;
  39FC : 00;
  39FD : 00;
  39FE : 00;
  39FF : 00;
  3A00 : 00;
  3A01 : 00;
  3A02 : 00;
  3A03 : 00;
  3A04 : 00;
  3A05 : 00;
  3A06 : 00;
  3A07 : 00;
  3A08 : 00;
  3A09 : 00;
  3A0A : 00;
  3A0B : 00;
  3A0C : 00;
  3A0D : 00;
  3A0E : 00;
  3A0F : 00;
  3A10 : 00;
  3A11 : 00;
  3A12 : 00;
  3A13 : 00;
  3A14 : 00;
  3A15 : 00;
  3A16 : 00;
  3A17 : 00;
  3A18 : 00;
  3A19 : 00;
  3A1A : 00;
  3A1B : 00;
  3A1C : 00;
  3A1D : 00;
  3A1E : 00;
  3A1F : 00;
  3A20 : 00;
  3A21 : 00;
  3A22 : 00;
  3A23 : 00;
  3A24 : 01;
  3A25 : 01;
  3A26 : 01;
  3A27 : 01;
  3A28 : 01;
  3A29 : 01;
  3A2A : 01;
  3A2B : 00;
  3A2C : 00;
  3A2D : 00;
  3A2E : 00;
  3A2F : 00;
  3A30 : 00;
  3A31 : 00;
  3A32 : 00;
  3A33 : 01;
  3A34 : FF;
  3A35 : FF;
  3A36 : FF;
  3A37 : FF;
  3A38 : FF;
  3A39 : FF;
  3A3A : 00;
  3A3B : 01;
  3A3C : 00;
  3A3D : 00;
  3A3E : 00;
  3A3F : 00;
  3A40 : 00;
  3A41 : 00;
  3A42 : 01;
  3A43 : FF;
  3A44 : 88;
  3A45 : 88;
  3A46 : 88;
  3A47 : 88;
  3A48 : 88;
  3A49 : 88;
  3A4A : 88;
  3A4B : FF;
  3A4C : 01;
  3A4D : 00;
  3A4E : 00;
  3A4F : 00;
  3A50 : 00;
  3A51 : 00;
  3A52 : 01;
  3A53 : 01;
  3A54 : 88;
  3A55 : 88;
  3A56 : 88;
  3A57 : 88;
  3A58 : 88;
  3A59 : 88;
  3A5A : 88;
  3A5B : 01;
  3A5C : 01;
  3A5D : 00;
  3A5E : 00;
  3A5F : 00;
  3A60 : 00;
  3A61 : 00;
  3A62 : 01;
  3A63 : FF;
  3A64 : 01;
  3A65 : 01;
  3A66 : 01;
  3A67 : 01;
  3A68 : 01;
  3A69 : 01;
  3A6A : 01;
  3A6B : FF;
  3A6C : 01;
  3A6D : 00;
  3A6E : 00;
  3A6F : 00;
  3A70 : 00;
  3A71 : 00;
  3A72 : 01;
  3A73 : FF;
  3A74 : FF;
  3A75 : FF;
  3A76 : FF;
  3A77 : FF;
  3A78 : FF;
  3A79 : FF;
  3A7A : FF;
  3A7B : FF;
  3A7C : 01;
  3A7D : 00;
  3A7E : 00;
  3A7F : 00;
  3A80 : 00;
  3A81 : 00;
  3A82 : 00;
  3A83 : 01;
  3A84 : FF;
  3A85 : FF;
  3A86 : FF;
  3A87 : FF;
  3A88 : FF;
  3A89 : FF;
  3A8A : FF;
  3A8B : 01;
  3A8C : 00;
  3A8D : 00;
  3A8E : 00;
  3A8F : 00;
  3A90 : 00;
  3A91 : 00;
  3A92 : 00;
  3A93 : 01;
  3A94 : FF;
  3A95 : FF;
  3A96 : FF;
  3A97 : FF;
  3A98 : FF;
  3A99 : FF;
  3A9A : FF;
  3A9B : 01;
  3A9C : 00;
  3A9D : 00;
  3A9E : 00;
  3A9F : 00;
  3AA0 : 00;
  3AA1 : 00;
  3AA2 : 00;
  3AA3 : 00;
  3AA4 : 01;
  3AA5 : 01;
  3AA6 : FF;
  3AA7 : FF;
  3AA8 : FF;
  3AA9 : 01;
  3AAA : 01;
  3AAB : 00;
  3AAC : 00;
  3AAD : 00;
  3AAE : 00;
  3AAF : 00;
  3AB0 : 00;
  3AB1 : 00;
  3AB2 : 00;
  3AB3 : 00;
  3AB4 : 00;
  3AB5 : 00;
  3AB6 : 01;
  3AB7 : 01;
  3AB8 : 01;
  3AB9 : 00;
  3ABA : 00;
  3ABB : 00;
  3ABC : 00;
  3ABD : 00;
  3ABE : 00;
  3ABF : 00;
  3AC0 : 00;
  3AC1 : 00;
  3AC2 : 00;
  3AC3 : 00;
  3AC4 : 00;
  3AC5 : 00;
  3AC6 : 00;
  3AC7 : 00;
  3AC8 : 00;
  3AC9 : 00;
  3ACA : 00;
  3ACB : 00;
  3ACC : 00;
  3ACD : 00;
  3ACE : 00;
  3ACF : 00;
  3AD0 : 00;
  3AD1 : 00;
  3AD2 : 00;
  3AD3 : 00;
  3AD4 : 00;
  3AD5 : 00;
  3AD6 : 00;
  3AD7 : 00;
  3AD8 : 00;
  3AD9 : 00;
  3ADA : 00;
  3ADB : 00;
  3ADC : 00;
  3ADD : 00;
  3ADE : 00;
  3ADF : 00;
  3AE0 : 00;
  3AE1 : 00;
  3AE2 : 00;
  3AE3 : 00;
  3AE4 : 00;
  3AE5 : 00;
  3AE6 : 00;
  3AE7 : 00;
  3AE8 : 00;
  3AE9 : 00;
  3AEA : 00;
  3AEB : 00;
  3AEC : 00;
  3AED : 00;
  3AEE : 00;
  3AEF : 00;
  3AF0 : 00;
  3AF1 : 00;
  3AF2 : 00;
  3AF3 : 00;
  3AF4 : 00;
  3AF5 : 00;
  3AF6 : 00;
  3AF7 : 00;
  3AF8 : 00;
  3AF9 : 00;
  3AFA : 00;
  3AFB : 00;
  3AFC : 00;
  3AFD : 00;
  3AFE : 00;
  3AFF : 00;
  3B00 : 00;
  3B01 : 00;
  3B02 : 00;
  3B03 : 00;
  3B04 : 00;
  3B05 : 00;
  3B06 : 00;
  3B07 : 00;
  3B08 : 00;
  3B09 : 00;
  3B0A : 00;
  3B0B : 00;
  3B0C : 00;
  3B0D : 00;
  3B0E : 00;
  3B0F : 00;
  3B10 : 00;
  3B11 : 00;
  3B12 : 00;
  3B13 : E0;
  3B14 : 00;
  3B15 : 00;
  3B16 : 00;
  3B17 : 00;
  3B18 : 00;
  3B19 : E0;
  3B1A : 00;
  3B1B : 00;
  3B1C : 00;
  3B1D : 00;
  3B1E : 00;
  3B1F : 00;
  3B20 : 00;
  3B21 : 00;
  3B22 : 00;
  3B23 : 00;
  3B24 : E0;
  3B25 : 00;
  3B26 : E0;
  3B27 : 00;
  3B28 : E0;
  3B29 : 00;
  3B2A : 00;
  3B2B : 00;
  3B2C : 00;
  3B2D : 00;
  3B2E : 00;
  3B2F : 00;
  3B30 : 00;
  3B31 : 00;
  3B32 : 00;
  3B33 : 00;
  3B34 : 00;
  3B35 : E0;
  3B36 : E0;
  3B37 : E0;
  3B38 : 00;
  3B39 : 00;
  3B3A : 00;
  3B3B : 00;
  3B3C : 00;
  3B3D : 00;
  3B3E : 00;
  3B3F : 00;
  3B40 : 00;
  3B41 : 00;
  3B42 : E0;
  3B43 : E0;
  3B44 : E0;
  3B45 : E0;
  3B46 : B4;
  3B47 : E0;
  3B48 : E0;
  3B49 : E0;
  3B4A : E0;
  3B4B : 00;
  3B4C : 00;
  3B4D : 00;
  3B4E : 00;
  3B4F : 00;
  3B50 : 00;
  3B51 : 00;
  3B52 : 00;
  3B53 : 00;
  3B54 : 00;
  3B55 : E0;
  3B56 : E0;
  3B57 : E0;
  3B58 : 00;
  3B59 : 00;
  3B5A : 00;
  3B5B : 00;
  3B5C : 00;
  3B5D : 00;
  3B5E : 00;
  3B5F : 00;
  3B60 : 00;
  3B61 : 00;
  3B62 : 00;
  3B63 : 00;
  3B64 : E0;
  3B65 : 3C;
  3B66 : E0;
  3B67 : 00;
  3B68 : E0;
  3B69 : 00;
  3B6A : 00;
  3B6B : 00;
  3B6C : 00;
  3B6D : 00;
  3B6E : 00;
  3B6F : 00;
  3B70 : 00;
  3B71 : 00;
  3B72 : 00;
  3B73 : E0;
  3B74 : 00;
  3B75 : 3C;
  3B76 : 3C;
  3B77 : 00;
  3B78 : 00;
  3B79 : E0;
  3B7A : 00;
  3B7B : 00;
  3B7C : 00;
  3B7D : 00;
  3B7E : 00;
  3B7F : 00;
  3B80 : 00;
  3B81 : 00;
  3B82 : 00;
  3B83 : 00;
  3B84 : 00;
  3B85 : 3C;
  3B86 : 3C;
  3B87 : 00;
  3B88 : 00;
  3B89 : 00;
  3B8A : 00;
  3B8B : 00;
  3B8C : 00;
  3B8D : 00;
  3B8E : 00;
  3B8F : 00;
  3B90 : 00;
  3B91 : 00;
  3B92 : 00;
  3B93 : 00;
  3B94 : 00;
  3B95 : 00;
  3B96 : 3C;
  3B97 : 3C;
  3B98 : 00;
  3B99 : 00;
  3B9A : 00;
  3B9B : 00;
  3B9C : 00;
  3B9D : 00;
  3B9E : 00;
  3B9F : 00;
  3BA0 : 00;
  3BA1 : 00;
  3BA2 : 00;
  3BA3 : 00;
  3BA4 : 00;
  3BA5 : 00;
  3BA6 : 3C;
  3BA7 : 3C;
  3BA8 : 00;
  3BA9 : 00;
  3BAA : 00;
  3BAB : 00;
  3BAC : 00;
  3BAD : 00;
  3BAE : 00;
  3BAF : 00;
  3BB0 : 00;
  3BB1 : 00;
  3BB2 : 00;
  3BB3 : 00;
  3BB4 : 00;
  3BB5 : 00;
  3BB6 : 00;
  3BB7 : 3C;
  3BB8 : 3C;
  3BB9 : 00;
  3BBA : 00;
  3BBB : 00;
  3BBC : 00;
  3BBD : 00;
  3BBE : 00;
  3BBF : 00;
  3BC0 : 00;
  3BC1 : 00;
  3BC2 : 00;
  3BC3 : 00;
  3BC4 : 00;
  3BC5 : 00;
  3BC6 : 00;
  3BC7 : 3C;
  3BC8 : 3C;
  3BC9 : 00;
  3BCA : 00;
  3BCB : 00;
  3BCC : 00;
  3BCD : 00;
  3BCE : 00;
  3BCF : 00;
  3BD0 : 00;
  3BD1 : 00;
  3BD2 : 00;
  3BD3 : 00;
  3BD4 : 00;
  3BD5 : 00;
  3BD6 : 00;
  3BD7 : 00;
  3BD8 : 3C;
  3BD9 : 3C;
  3BDA : 00;
  3BDB : 00;
  3BDC : 00;
  3BDD : 00;
  3BDE : 00;
  3BDF : 00;
  3BE0 : 00;
  3BE1 : 00;
  3BE2 : 00;
  3BE3 : 00;
  3BE4 : 00;
  3BE5 : 00;
  3BE6 : 00;
  3BE7 : 00;
  3BE8 : 3C;
  3BE9 : 3C;
  3BEA : 00;
  3BEB : 00;
  3BEC : 00;
  3BED : 00;
  3BEE : 00;
  3BEF : 00;
  3BF0 : 00;
  3BF1 : 00;
  3BF2 : 00;
  3BF3 : 00;
  3BF4 : 00;
  3BF5 : 00;
  3BF6 : 00;
  3BF7 : 00;
  3BF8 : 00;
  3BF9 : 00;
  3BFA : 00;
  3BFB : 00;
  3BFC : 00;
  3BFD : 00;
  3BFE : 00;
  3BFF : 00;
  3C00 : 00;
  3C01 : 00;
  3C02 : 00;
  3C03 : 00;
  3C04 : 00;
  3C05 : 00;
  3C06 : 00;
  3C07 : 00;
  3C08 : 00;
  3C09 : 00;
  3C0A : 00;
  3C0B : 00;
  3C0C : 00;
  3C0D : 00;
  3C0E : 00;
  3C0F : 00;
  3C10 : 00;
  3C11 : 00;
  3C12 : 00;
  3C13 : 00;
  3C14 : 00;
  3C15 : 00;
  3C16 : 00;
  3C17 : 00;
  3C18 : 00;
  3C19 : 00;
  3C1A : 00;
  3C1B : 00;
  3C1C : 00;
  3C1D : 00;
  3C1E : 00;
  3C1F : 00;
  3C20 : 00;
  3C21 : 00;
  3C22 : 00;
  3C23 : 00;
  3C24 : 01;
  3C25 : 01;
  3C26 : 01;
  3C27 : 01;
  3C28 : 01;
  3C29 : 01;
  3C2A : 01;
  3C2B : 00;
  3C2C : 00;
  3C2D : 00;
  3C2E : 00;
  3C2F : 00;
  3C30 : 00;
  3C31 : 00;
  3C32 : 00;
  3C33 : 01;
  3C34 : FF;
  3C35 : FF;
  3C36 : FF;
  3C37 : FF;
  3C38 : FF;
  3C39 : FF;
  3C3A : 00;
  3C3B : 01;
  3C3C : 00;
  3C3D : 00;
  3C3E : 00;
  3C3F : 00;
  3C40 : 00;
  3C41 : 00;
  3C42 : 01;
  3C43 : FF;
  3C44 : 88;
  3C45 : 88;
  3C46 : 88;
  3C47 : 88;
  3C48 : 88;
  3C49 : 88;
  3C4A : 88;
  3C4B : FF;
  3C4C : 01;
  3C4D : 00;
  3C4E : 00;
  3C4F : 00;
  3C50 : 00;
  3C51 : 00;
  3C52 : 01;
  3C53 : 01;
  3C54 : 88;
  3C55 : 88;
  3C56 : 88;
  3C57 : 88;
  3C58 : 88;
  3C59 : 88;
  3C5A : 88;
  3C5B : 01;
  3C5C : 01;
  3C5D : 00;
  3C5E : 00;
  3C5F : 00;
  3C60 : 00;
  3C61 : 00;
  3C62 : 01;
  3C63 : FF;
  3C64 : 01;
  3C65 : 01;
  3C66 : 01;
  3C67 : 01;
  3C68 : 01;
  3C69 : 01;
  3C6A : 01;
  3C6B : FF;
  3C6C : 01;
  3C6D : 00;
  3C6E : 00;
  3C6F : 00;
  3C70 : 00;
  3C71 : 00;
  3C72 : 01;
  3C73 : FF;
  3C74 : FF;
  3C75 : FF;
  3C76 : FF;
  3C77 : FF;
  3C78 : FF;
  3C79 : FF;
  3C7A : FF;
  3C7B : FF;
  3C7C : 01;
  3C7D : 00;
  3C7E : 00;
  3C7F : 00;
  3C80 : 00;
  3C81 : 00;
  3C82 : 00;
  3C83 : 01;
  3C84 : FF;
  3C85 : FF;
  3C86 : FF;
  3C87 : FF;
  3C88 : FF;
  3C89 : FF;
  3C8A : FF;
  3C8B : 01;
  3C8C : 00;
  3C8D : 00;
  3C8E : 00;
  3C8F : 00;
  3C90 : 00;
  3C91 : 00;
  3C92 : 00;
  3C93 : 01;
  3C94 : FF;
  3C95 : FF;
  3C96 : FF;
  3C97 : FF;
  3C98 : FF;
  3C99 : FF;
  3C9A : FF;
  3C9B : 01;
  3C9C : 00;
  3C9D : 00;
  3C9E : 00;
  3C9F : 00;
  3CA0 : 00;
  3CA1 : 00;
  3CA2 : 00;
  3CA3 : 00;
  3CA4 : 01;
  3CA5 : 01;
  3CA6 : FF;
  3CA7 : FF;
  3CA8 : FF;
  3CA9 : 01;
  3CAA : 01;
  3CAB : 00;
  3CAC : 00;
  3CAD : 00;
  3CAE : 00;
  3CAF : 00;
  3CB0 : 00;
  3CB1 : 00;
  3CB2 : 00;
  3CB3 : 00;
  3CB4 : 00;
  3CB5 : 00;
  3CB6 : 01;
  3CB7 : 01;
  3CB8 : 01;
  3CB9 : 00;
  3CBA : 00;
  3CBB : 00;
  3CBC : 00;
  3CBD : 00;
  3CBE : 00;
  3CBF : 00;
  3CC0 : 00;
  3CC1 : 00;
  3CC2 : 00;
  3CC3 : 00;
  3CC4 : 00;
  3CC5 : 00;
  3CC6 : 00;
  3CC7 : 00;
  3CC8 : 00;
  3CC9 : 00;
  3CCA : 00;
  3CCB : 00;
  3CCC : 00;
  3CCD : 00;
  3CCE : 00;
  3CCF : 00;
  3CD0 : 00;
  3CD1 : 00;
  3CD2 : 00;
  3CD3 : 00;
  3CD4 : 00;
  3CD5 : 00;
  3CD6 : 00;
  3CD7 : 00;
  3CD8 : 00;
  3CD9 : 00;
  3CDA : 00;
  3CDB : 00;
  3CDC : 00;
  3CDD : 00;
  3CDE : 00;
  3CDF : 00;
  3CE0 : 00;
  3CE1 : 00;
  3CE2 : 00;
  3CE3 : 00;
  3CE4 : 00;
  3CE5 : 00;
  3CE6 : 00;
  3CE7 : 00;
  3CE8 : 00;
  3CE9 : 00;
  3CEA : 00;
  3CEB : 00;
  3CEC : 00;
  3CED : 00;
  3CEE : 00;
  3CEF : 00;
  3CF0 : 00;
  3CF1 : 00;
  3CF2 : 00;
  3CF3 : 00;
  3CF4 : 00;
  3CF5 : 00;
  3CF6 : 00;
  3CF7 : 00;
  3CF8 : 00;
  3CF9 : 00;
  3CFA : 00;
  3CFB : 00;
  3CFC : 00;
  3CFD : 00;
  3CFE : 00;
  3CFF : 00;
  3D00 : 00;
  3D01 : 00;
  3D02 : 00;
  3D03 : 00;
  3D04 : 00;
  3D05 : 00;
  3D06 : 00;
  3D07 : 00;
  3D08 : 00;
  3D09 : 00;
  3D0A : 00;
  3D0B : 00;
  3D0C : 00;
  3D0D : 00;
  3D0E : 00;
  3D0F : 00;
  3D10 : 00;
  3D11 : 00;
  3D12 : 00;
  3D13 : E0;
  3D14 : 00;
  3D15 : 00;
  3D16 : 00;
  3D17 : 00;
  3D18 : 00;
  3D19 : E0;
  3D1A : 00;
  3D1B : 00;
  3D1C : 00;
  3D1D : 00;
  3D1E : 00;
  3D1F : 00;
  3D20 : 00;
  3D21 : 00;
  3D22 : 00;
  3D23 : 00;
  3D24 : E0;
  3D25 : 00;
  3D26 : E0;
  3D27 : 00;
  3D28 : E0;
  3D29 : 00;
  3D2A : 00;
  3D2B : 00;
  3D2C : 00;
  3D2D : 00;
  3D2E : 00;
  3D2F : 00;
  3D30 : 00;
  3D31 : 00;
  3D32 : 00;
  3D33 : 00;
  3D34 : 00;
  3D35 : E0;
  3D36 : E0;
  3D37 : E0;
  3D38 : 00;
  3D39 : 00;
  3D3A : 00;
  3D3B : 00;
  3D3C : 00;
  3D3D : 00;
  3D3E : 00;
  3D3F : 00;
  3D40 : 00;
  3D41 : 00;
  3D42 : E0;
  3D43 : E0;
  3D44 : E0;
  3D45 : E0;
  3D46 : B4;
  3D47 : E0;
  3D48 : E0;
  3D49 : E0;
  3D4A : E0;
  3D4B : 00;
  3D4C : 00;
  3D4D : 00;
  3D4E : 00;
  3D4F : 00;
  3D50 : 00;
  3D51 : 00;
  3D52 : 00;
  3D53 : 00;
  3D54 : 00;
  3D55 : E0;
  3D56 : E0;
  3D57 : E0;
  3D58 : 00;
  3D59 : 00;
  3D5A : 00;
  3D5B : 00;
  3D5C : 00;
  3D5D : 00;
  3D5E : 00;
  3D5F : 00;
  3D60 : 00;
  3D61 : 00;
  3D62 : 00;
  3D63 : 00;
  3D64 : E0;
  3D65 : 3C;
  3D66 : E0;
  3D67 : 00;
  3D68 : E0;
  3D69 : 00;
  3D6A : 00;
  3D6B : 00;
  3D6C : 00;
  3D6D : 00;
  3D6E : 00;
  3D6F : 00;
  3D70 : 00;
  3D71 : 00;
  3D72 : 00;
  3D73 : E0;
  3D74 : 00;
  3D75 : 3C;
  3D76 : 3C;
  3D77 : 00;
  3D78 : 00;
  3D79 : E0;
  3D7A : 00;
  3D7B : 00;
  3D7C : 00;
  3D7D : 00;
  3D7E : 00;
  3D7F : 00;
  3D80 : 00;
  3D81 : 00;
  3D82 : 00;
  3D83 : 00;
  3D84 : 00;
  3D85 : 3C;
  3D86 : 3C;
  3D87 : 00;
  3D88 : 00;
  3D89 : 00;
  3D8A : 00;
  3D8B : 00;
  3D8C : 00;
  3D8D : 00;
  3D8E : 00;
  3D8F : 00;
  3D90 : 00;
  3D91 : 00;
  3D92 : 00;
  3D93 : 00;
  3D94 : 00;
  3D95 : 00;
  3D96 : 3C;
  3D97 : 3C;
  3D98 : 00;
  3D99 : 00;
  3D9A : 00;
  3D9B : 00;
  3D9C : 00;
  3D9D : 00;
  3D9E : 00;
  3D9F : 00;
  3DA0 : 00;
  3DA1 : 00;
  3DA2 : 00;
  3DA3 : 00;
  3DA4 : 00;
  3DA5 : 00;
  3DA6 : 3C;
  3DA7 : 3C;
  3DA8 : 00;
  3DA9 : 00;
  3DAA : 00;
  3DAB : 00;
  3DAC : 00;
  3DAD : 00;
  3DAE : 00;
  3DAF : 00;
  3DB0 : 00;
  3DB1 : 00;
  3DB2 : 00;
  3DB3 : 00;
  3DB4 : 00;
  3DB5 : 00;
  3DB6 : 00;
  3DB7 : 3C;
  3DB8 : 3C;
  3DB9 : 00;
  3DBA : 00;
  3DBB : 00;
  3DBC : 00;
  3DBD : 00;
  3DBE : 00;
  3DBF : 00;
  3DC0 : 00;
  3DC1 : 00;
  3DC2 : 00;
  3DC3 : 00;
  3DC4 : 00;
  3DC5 : 00;
  3DC6 : 00;
  3DC7 : 3C;
  3DC8 : 3C;
  3DC9 : 00;
  3DCA : 00;
  3DCB : 00;
  3DCC : 00;
  3DCD : 00;
  3DCE : 00;
  3DCF : 00;
  3DD0 : 00;
  3DD1 : 00;
  3DD2 : 00;
  3DD3 : 00;
  3DD4 : 00;
  3DD5 : 00;
  3DD6 : 00;
  3DD7 : 00;
  3DD8 : 3C;
  3DD9 : 3C;
  3DDA : 00;
  3DDB : 00;
  3DDC : 00;
  3DDD : 00;
  3DDE : 00;
  3DDF : 00;
  3DE0 : 00;
  3DE1 : 00;
  3DE2 : 00;
  3DE3 : 00;
  3DE4 : 00;
  3DE5 : 00;
  3DE6 : 00;
  3DE7 : 00;
  3DE8 : 3C;
  3DE9 : 3C;
  3DEA : 00;
  3DEB : 00;
  3DEC : 00;
  3DED : 00;
  3DEE : 00;
  3DEF : 00;
  3DF0 : 00;
  3DF1 : 00;
  3DF2 : 00;
  3DF3 : 00;
  3DF4 : 00;
  3DF5 : 00;
  3DF6 : 00;
  3DF7 : 00;
  3DF8 : 00;
  3DF9 : 00;
  3DFA : 00;
  3DFB : 00;
  3DFC : 00;
  3DFD : 00;
  3DFE : 00;
  3DFF : 00;
  3E00 : 00;
  3E01 : 00;
  3E02 : 00;
  3E03 : 00;
  3E04 : 00;
  3E05 : 00;
  3E06 : 00;
  3E07 : 00;
  3E08 : 00;
  3E09 : 00;
  3E0A : 00;
  3E0B : 00;
  3E0C : 00;
  3E0D : 00;
  3E0E : 00;
  3E0F : 00;
  3E10 : 00;
  3E11 : 00;
  3E12 : 00;
  3E13 : 00;
  3E14 : 00;
  3E15 : 00;
  3E16 : 00;
  3E17 : 00;
  3E18 : 00;
  3E19 : 00;
  3E1A : 00;
  3E1B : 00;
  3E1C : 00;
  3E1D : 00;
  3E1E : 00;
  3E1F : 00;
  3E20 : 00;
  3E21 : 00;
  3E22 : 00;
  3E23 : 00;
  3E24 : 01;
  3E25 : 01;
  3E26 : 01;
  3E27 : 01;
  3E28 : 01;
  3E29 : 01;
  3E2A : 01;
  3E2B : 00;
  3E2C : 00;
  3E2D : 00;
  3E2E : 00;
  3E2F : 00;
  3E30 : 00;
  3E31 : 00;
  3E32 : 00;
  3E33 : 01;
  3E34 : FF;
  3E35 : FF;
  3E36 : FF;
  3E37 : FF;
  3E38 : FF;
  3E39 : FF;
  3E3A : 00;
  3E3B : 01;
  3E3C : 00;
  3E3D : 00;
  3E3E : 00;
  3E3F : 00;
  3E40 : 00;
  3E41 : 00;
  3E42 : 01;
  3E43 : FF;
  3E44 : 88;
  3E45 : 88;
  3E46 : 88;
  3E47 : 88;
  3E48 : 88;
  3E49 : 88;
  3E4A : 88;
  3E4B : FF;
  3E4C : 01;
  3E4D : 00;
  3E4E : 00;
  3E4F : 00;
  3E50 : 00;
  3E51 : 00;
  3E52 : 01;
  3E53 : 01;
  3E54 : 88;
  3E55 : 88;
  3E56 : 88;
  3E57 : 88;
  3E58 : 88;
  3E59 : 88;
  3E5A : 88;
  3E5B : 01;
  3E5C : 01;
  3E5D : 00;
  3E5E : 00;
  3E5F : 00;
  3E60 : 00;
  3E61 : 00;
  3E62 : 01;
  3E63 : FF;
  3E64 : 01;
  3E65 : 01;
  3E66 : 01;
  3E67 : 01;
  3E68 : 01;
  3E69 : 01;
  3E6A : 01;
  3E6B : FF;
  3E6C : 01;
  3E6D : 00;
  3E6E : 00;
  3E6F : 00;
  3E70 : 00;
  3E71 : 00;
  3E72 : 01;
  3E73 : FF;
  3E74 : FF;
  3E75 : FF;
  3E76 : FF;
  3E77 : FF;
  3E78 : FF;
  3E79 : FF;
  3E7A : FF;
  3E7B : FF;
  3E7C : 01;
  3E7D : 00;
  3E7E : 00;
  3E7F : 00;
  3E80 : 00;
  3E81 : 00;
  3E82 : 00;
  3E83 : 01;
  3E84 : FF;
  3E85 : FF;
  3E86 : FF;
  3E87 : FF;
  3E88 : FF;
  3E89 : FF;
  3E8A : FF;
  3E8B : 01;
  3E8C : 00;
  3E8D : 00;
  3E8E : 00;
  3E8F : 00;
  3E90 : 00;
  3E91 : 00;
  3E92 : 00;
  3E93 : 01;
  3E94 : FF;
  3E95 : FF;
  3E96 : FF;
  3E97 : FF;
  3E98 : FF;
  3E99 : FF;
  3E9A : FF;
  3E9B : 01;
  3E9C : 00;
  3E9D : 00;
  3E9E : 00;
  3E9F : 00;
  3EA0 : 00;
  3EA1 : 00;
  3EA2 : 00;
  3EA3 : 00;
  3EA4 : 01;
  3EA5 : 01;
  3EA6 : FF;
  3EA7 : FF;
  3EA8 : FF;
  3EA9 : 01;
  3EAA : 01;
  3EAB : 00;
  3EAC : 00;
  3EAD : 00;
  3EAE : 00;
  3EAF : 00;
  3EB0 : 00;
  3EB1 : 00;
  3EB2 : 00;
  3EB3 : 00;
  3EB4 : 00;
  3EB5 : 00;
  3EB6 : 01;
  3EB7 : 01;
  3EB8 : 01;
  3EB9 : 00;
  3EBA : 00;
  3EBB : 00;
  3EBC : 00;
  3EBD : 00;
  3EBE : 00;
  3EBF : 00;
  3EC0 : 00;
  3EC1 : 00;
  3EC2 : 00;
  3EC3 : 00;
  3EC4 : 00;
  3EC5 : 00;
  3EC6 : 00;
  3EC7 : 00;
  3EC8 : 00;
  3EC9 : 00;
  3ECA : 00;
  3ECB : 00;
  3ECC : 00;
  3ECD : 00;
  3ECE : 00;
  3ECF : 00;
  3ED0 : 00;
  3ED1 : 00;
  3ED2 : 00;
  3ED3 : 00;
  3ED4 : 00;
  3ED5 : 00;
  3ED6 : 00;
  3ED7 : 00;
  3ED8 : 00;
  3ED9 : 00;
  3EDA : 00;
  3EDB : 00;
  3EDC : 00;
  3EDD : 00;
  3EDE : 00;
  3EDF : 00;
  3EE0 : 00;
  3EE1 : 00;
  3EE2 : 00;
  3EE3 : 00;
  3EE4 : 00;
  3EE5 : 00;
  3EE6 : 00;
  3EE7 : 00;
  3EE8 : 00;
  3EE9 : 00;
  3EEA : 00;
  3EEB : 00;
  3EEC : 00;
  3EED : 00;
  3EEE : 00;
  3EEF : 00;
  3EF0 : 00;
  3EF1 : 00;
  3EF2 : 00;
  3EF3 : 00;
  3EF4 : 00;
  3EF5 : 00;
  3EF6 : 00;
  3EF7 : 00;
  3EF8 : 00;
  3EF9 : 00;
  3EFA : 00;
  3EFB : 00;
  3EFC : 00;
  3EFD : 00;
  3EFE : 00;
  3EFF : 00;
  3F00 : 00;
  3F01 : 00;
  3F02 : 00;
  3F03 : 00;
  3F04 : 00;
  3F05 : 00;
  3F06 : 00;
  3F07 : 00;
  3F08 : 00;
  3F09 : 00;
  3F0A : 00;
  3F0B : 00;
  3F0C : 00;
  3F0D : 00;
  3F0E : 00;
  3F0F : 00;
  3F10 : 00;
  3F11 : 00;
  3F12 : 00;
  3F13 : E0;
  3F14 : 00;
  3F15 : 00;
  3F16 : 00;
  3F17 : 00;
  3F18 : 00;
  3F19 : E0;
  3F1A : 00;
  3F1B : 00;
  3F1C : 00;
  3F1D : 00;
  3F1E : 00;
  3F1F : 00;
  3F20 : 00;
  3F21 : 00;
  3F22 : 00;
  3F23 : 00;
  3F24 : E0;
  3F25 : 00;
  3F26 : E0;
  3F27 : 00;
  3F28 : E0;
  3F29 : 00;
  3F2A : 00;
  3F2B : 00;
  3F2C : 00;
  3F2D : 00;
  3F2E : 00;
  3F2F : 00;
  3F30 : 00;
  3F31 : 00;
  3F32 : 00;
  3F33 : 00;
  3F34 : 00;
  3F35 : E0;
  3F36 : E0;
  3F37 : E0;
  3F38 : 00;
  3F39 : 00;
  3F3A : 00;
  3F3B : 00;
  3F3C : 00;
  3F3D : 00;
  3F3E : 00;
  3F3F : 00;
  3F40 : 00;
  3F41 : 00;
  3F42 : E0;
  3F43 : E0;
  3F44 : E0;
  3F45 : E0;
  3F46 : B4;
  3F47 : E0;
  3F48 : E0;
  3F49 : E0;
  3F4A : E0;
  3F4B : 00;
  3F4C : 00;
  3F4D : 00;
  3F4E : 00;
  3F4F : 00;
  3F50 : 00;
  3F51 : 00;
  3F52 : 00;
  3F53 : 00;
  3F54 : 00;
  3F55 : E0;
  3F56 : E0;
  3F57 : E0;
  3F58 : 00;
  3F59 : 00;
  3F5A : 00;
  3F5B : 00;
  3F5C : 00;
  3F5D : 00;
  3F5E : 00;
  3F5F : 00;
  3F60 : 00;
  3F61 : 00;
  3F62 : 00;
  3F63 : 00;
  3F64 : E0;
  3F65 : 3C;
  3F66 : E0;
  3F67 : 00;
  3F68 : E0;
  3F69 : 00;
  3F6A : 00;
  3F6B : 00;
  3F6C : 00;
  3F6D : 00;
  3F6E : 00;
  3F6F : 00;
  3F70 : 00;
  3F71 : 00;
  3F72 : 00;
  3F73 : E0;
  3F74 : 00;
  3F75 : 3C;
  3F76 : 3C;
  3F77 : 00;
  3F78 : 00;
  3F79 : E0;
  3F7A : 00;
  3F7B : 00;
  3F7C : 00;
  3F7D : 00;
  3F7E : 00;
  3F7F : 00;
  3F80 : 00;
  3F81 : 00;
  3F82 : 00;
  3F83 : 00;
  3F84 : 00;
  3F85 : 3C;
  3F86 : 3C;
  3F87 : 00;
  3F88 : 00;
  3F89 : 00;
  3F8A : 00;
  3F8B : 00;
  3F8C : 00;
  3F8D : 00;
  3F8E : 00;
  3F8F : 00;
  3F90 : 00;
  3F91 : 00;
  3F92 : 00;
  3F93 : 00;
  3F94 : 00;
  3F95 : 00;
  3F96 : 3C;
  3F97 : 3C;
  3F98 : 00;
  3F99 : 00;
  3F9A : 00;
  3F9B : 00;
  3F9C : 00;
  3F9D : 00;
  3F9E : 00;
  3F9F : 00;
  3FA0 : 00;
  3FA1 : 00;
  3FA2 : 00;
  3FA3 : 00;
  3FA4 : 00;
  3FA5 : 00;
  3FA6 : 3C;
  3FA7 : 3C;
  3FA8 : 00;
  3FA9 : 00;
  3FAA : 00;
  3FAB : 00;
  3FAC : 00;
  3FAD : 00;
  3FAE : 00;
  3FAF : 00;
  3FB0 : 00;
  3FB1 : 00;
  3FB2 : 00;
  3FB3 : 00;
  3FB4 : 00;
  3FB5 : 00;
  3FB6 : 00;
  3FB7 : 3C;
  3FB8 : 3C;
  3FB9 : 00;
  3FBA : 00;
  3FBB : 00;
  3FBC : 00;
  3FBD : 00;
  3FBE : 00;
  3FBF : 00;
  3FC0 : 00;
  3FC1 : 00;
  3FC2 : 00;
  3FC3 : 00;
  3FC4 : 00;
  3FC5 : 00;
  3FC6 : 00;
  3FC7 : 3C;
  3FC8 : 3C;
  3FC9 : 00;
  3FCA : 00;
  3FCB : 00;
  3FCC : 00;
  3FCD : 00;
  3FCE : 00;
  3FCF : 00;
  3FD0 : 00;
  3FD1 : 00;
  3FD2 : 00;
  3FD3 : 00;
  3FD4 : 00;
  3FD5 : 00;
  3FD6 : 00;
  3FD7 : 00;
  3FD8 : 3C;
  3FD9 : 3C;
  3FDA : 00;
  3FDB : 00;
  3FDC : 00;
  3FDD : 00;
  3FDE : 00;
  3FDF : 00;
  3FE0 : 00;
  3FE1 : 00;
  3FE2 : 00;
  3FE3 : 00;
  3FE4 : 00;
  3FE5 : 00;
  3FE6 : 00;
  3FE7 : 00;
  3FE8 : 3C;
  3FE9 : 3C;
  3FEA : 00;
  3FEB : 00;
  3FEC : 00;
  3FED : 00;
  3FEE : 00;
  3FEF : 00;
  3FF0 : 00;
  3FF1 : 00;
  3FF2 : 00;
  3FF3 : 00;
  3FF4 : 00;
  3FF5 : 00;
  3FF6 : 00;
  3FF7 : 00;
  3FF8 : 00;
  3FF9 : 00;
  3FFA : 00;
  3FFB : 00;
  3FFC : 00;
  3FFD : 00;
  3FFE : 00;
  3FFF : 00;
END;
