Analysis & Synthesis report for CoprocessadorGrafico
Mon Aug 31 17:11:41 2026
Quartus Prime Version 25.1std.0 Build 1129 10/21/2025 SC Lite Edition


---------------------
; Table of Contents ;
---------------------
  1. Legal Notice
  2. Analysis & Synthesis Summary
  3. Analysis & Synthesis Settings
  4. Parallel Compilation
  5. Analysis & Synthesis Source Files Read
  6. Analysis & Synthesis Resource Usage Summary
  7. Analysis & Synthesis Resource Utilization by Entity
  8. Analysis & Synthesis RAM Summary
  9. Analysis & Synthesis IP Cores Summary
 10. State Machine - |DE1_SOC_golden_top|resolucao_logica:comb_5|vga_driver:comb_40|v_state
 11. State Machine - |DE1_SOC_golden_top|resolucao_logica:comb_5|vga_driver:comb_40|h_state
 12. Registers Removed During Synthesis
 13. General Register Statistics
 14. Multiplexer Restructuring Statistics (Restructuring Performed)
 15. Source assignments for resolucao_logica:comb_5|RAMVIDEO:comb_39|altsyncram:altsyncram_component|altsyncram_9f22:auto_generated
 16. Parameter Settings for User Entity Instance: CLOCK_100MGH:comb_4|CLOCK_100MGH_0002:clock_100mgh_inst|altera_pll:altera_pll_i
 17. Parameter Settings for User Entity Instance: resolucao_logica:comb_5|RAMVIDEO:comb_39|altsyncram:altsyncram_component
 18. Parameter Settings for User Entity Instance: resolucao_logica:comb_5|vga_driver:comb_40
 19. Parameter Settings for Inferred Entity Instance: motorBack_Ground:comb_3|contadorVid:comb_49297|lpm_divide:Div0
 20. Parameter Settings for Inferred Entity Instance: motorBack_Ground:comb_3|contadorVid:comb_49297|lpm_divide:Mod0
 21. altsyncram Parameter Settings by Entity Instance
 22. Port Connectivity Checks: "resolucao_logica:comb_5|vga_driver:comb_40"
 23. Port Connectivity Checks: "resolucao_logica:comb_5"
 24. Port Connectivity Checks: "CLOCK_100MGH:comb_4"
 25. Port Connectivity Checks: "motorBack_Ground:comb_3|contadorVid:comb_49297"
 26. Port Connectivity Checks: "motorBack_Ground:comb_3"
 27. Post-Synthesis Netlist Statistics for Top Partition
 28. Elapsed Time Per Partition
 29. Analysis & Synthesis Messages



----------------
; Legal Notice ;
----------------
Copyright (C) 2025  Altera Corporation. All rights reserved.
Your use of Altera Corporation's design tools, logic functions 
and other software and tools, and any partner logic 
functions, and any output files from any of the foregoing 
(including device programming or simulation files), and any 
associated documentation or information are expressly subject 
to the terms and conditions of the Altera Program License 
Subscription Agreement, the Altera Quartus Prime License Agreement,
the Altera IP License Agreement, or other applicable license
agreement, including, without limitation, that your use is for
the sole purpose of programming logic devices manufactured by
Altera and sold by Altera or its authorized distributors.  Please
refer to the Altera Software License Subscription Agreements 
on the Quartus Prime software download page.



+-----------------------------------------------------------------------------------+
; Analysis & Synthesis Summary                                                      ;
+---------------------------------+-------------------------------------------------+
; Analysis & Synthesis Status     ; Successful - Mon Aug 31 17:11:41 2026           ;
; Quartus Prime Version           ; 25.1std.0 Build 1129 10/21/2025 SC Lite Edition ;
; Revision Name                   ; CoprocessadorGrafico                            ;
; Top-level Entity Name           ; DE1_SOC_golden_top                              ;
; Family                          ; Cyclone V                                       ;
; Logic utilization (in ALMs)     ; N/A                                             ;
; Total registers                 ; 131                                             ;
; Total pins                      ; 241                                             ;
; Total virtual pins              ; 0                                               ;
; Total block memory bits         ; 614,400                                         ;
; Total DSP Blocks                ; 0                                               ;
; Total HSSI RX PCSs              ; 0                                               ;
; Total HSSI PMA RX Deserializers ; 0                                               ;
; Total HSSI TX PCSs              ; 0                                               ;
; Total HSSI PMA TX Serializers   ; 0                                               ;
; Total PLLs                      ; 1                                               ;
; Total DLLs                      ; 0                                               ;
+---------------------------------+-------------------------------------------------+


+-----------------------------------------------------------------------------------------------------------------------------+
; Analysis & Synthesis Settings                                                                                               ;
+---------------------------------------------------------------------------------+--------------------+----------------------+
; Option                                                                          ; Setting            ; Default Value        ;
+---------------------------------------------------------------------------------+--------------------+----------------------+
; Device                                                                          ; 5CSEMA5F31C6       ;                      ;
; Top-level entity name                                                           ; DE1_SOC_golden_top ; CoprocessadorGrafico ;
; Family name                                                                     ; Cyclone V          ; Cyclone V            ;
; Use smart compilation                                                           ; Off                ; Off                  ;
; Enable parallel Assembler and Timing Analyzer during compilation                ; On                 ; On                   ;
; Enable compact report table                                                     ; Off                ; Off                  ;
; Restructure Multiplexers                                                        ; Auto               ; Auto                 ;
; MLAB Add Timing Constraints For Mixed-Port Feed-Through Mode Setting Don't Care ; Off                ; Off                  ;
; Create Debugging Nodes for IP Cores                                             ; Off                ; Off                  ;
; Preserve fewer node names                                                       ; On                 ; On                   ;
; Intel FPGA IP Evaluation Mode                                                   ; Enable             ; Enable               ;
; Verilog Version                                                                 ; Verilog_2001       ; Verilog_2001         ;
; VHDL Version                                                                    ; VHDL_1993          ; VHDL_1993            ;
; State Machine Processing                                                        ; Auto               ; Auto                 ;
; Safe State Machine                                                              ; Off                ; Off                  ;
; Extract Verilog State Machines                                                  ; On                 ; On                   ;
; Extract VHDL State Machines                                                     ; On                 ; On                   ;
; Ignore Verilog initial constructs                                               ; Off                ; Off                  ;
; Iteration limit for constant Verilog loops                                      ; 5000               ; 5000                 ;
; Iteration limit for non-constant Verilog loops                                  ; 250                ; 250                  ;
; Add Pass-Through Logic to Inferred RAMs                                         ; On                 ; On                   ;
; Infer RAMs from Raw Logic                                                       ; On                 ; On                   ;
; Parallel Synthesis                                                              ; On                 ; On                   ;
; DSP Block Balancing                                                             ; Auto               ; Auto                 ;
; NOT Gate Push-Back                                                              ; On                 ; On                   ;
; Power-Up Don't Care                                                             ; On                 ; On                   ;
; Remove Redundant Logic Cells                                                    ; Off                ; Off                  ;
; Remove Duplicate Registers                                                      ; On                 ; On                   ;
; Ignore CARRY Buffers                                                            ; Off                ; Off                  ;
; Ignore CASCADE Buffers                                                          ; Off                ; Off                  ;
; Ignore GLOBAL Buffers                                                           ; Off                ; Off                  ;
; Ignore ROW GLOBAL Buffers                                                       ; Off                ; Off                  ;
; Ignore LCELL Buffers                                                            ; Off                ; Off                  ;
; Ignore SOFT Buffers                                                             ; On                 ; On                   ;
; Limit AHDL Integers to 32 Bits                                                  ; Off                ; Off                  ;
; Optimization Technique                                                          ; Balanced           ; Balanced             ;
; Carry Chain Length                                                              ; 70                 ; 70                   ;
; Auto Carry Chains                                                               ; On                 ; On                   ;
; Auto Open-Drain Pins                                                            ; On                 ; On                   ;
; Perform WYSIWYG Primitive Resynthesis                                           ; Off                ; Off                  ;
; Auto ROM Replacement                                                            ; On                 ; On                   ;
; Auto RAM Replacement                                                            ; On                 ; On                   ;
; Auto DSP Block Replacement                                                      ; On                 ; On                   ;
; Auto Shift Register Replacement                                                 ; Auto               ; Auto                 ;
; Allow Shift Register Merging across Hierarchies                                 ; Auto               ; Auto                 ;
; Auto Clock Enable Replacement                                                   ; On                 ; On                   ;
; Strict RAM Replacement                                                          ; Off                ; Off                  ;
; Allow Synchronous Control Signals                                               ; On                 ; On                   ;
; Force Use of Synchronous Clear Signals                                          ; Off                ; Off                  ;
; Auto Resource Sharing                                                           ; Off                ; Off                  ;
; Allow Any RAM Size For Recognition                                              ; Off                ; Off                  ;
; Allow Any ROM Size For Recognition                                              ; Off                ; Off                  ;
; Allow Any Shift Register Size For Recognition                                   ; Off                ; Off                  ;
; Use LogicLock Constraints during Resource Balancing                             ; On                 ; On                   ;
; Ignore translate_off and synthesis_off directives                               ; Off                ; Off                  ;
; Timing-Driven Synthesis                                                         ; On                 ; On                   ;
; Report Parameter Settings                                                       ; On                 ; On                   ;
; Report Source Assignments                                                       ; On                 ; On                   ;
; Report Connectivity Checks                                                      ; On                 ; On                   ;
; Ignore Maximum Fan-Out Assignments                                              ; Off                ; Off                  ;
; Synchronization Register Chain Length                                           ; 3                  ; 3                    ;
; Power Optimization During Synthesis                                             ; Normal compilation ; Normal compilation   ;
; HDL message level                                                               ; Level2             ; Level2               ;
; Suppress Register Optimization Related Messages                                 ; Off                ; Off                  ;
; Number of Removed Registers Reported in Synthesis Report                        ; 5000               ; 5000                 ;
; Number of Swept Nodes Reported in Synthesis Report                              ; 5000               ; 5000                 ;
; Number of Inverted Registers Reported in Synthesis Report                       ; 100                ; 100                  ;
; Clock MUX Protection                                                            ; On                 ; On                   ;
; Auto Gated Clock Conversion                                                     ; Off                ; Off                  ;
; Block Design Naming                                                             ; Auto               ; Auto                 ;
; SDC constraint protection                                                       ; Off                ; Off                  ;
; Synthesis Effort                                                                ; Auto               ; Auto                 ;
; Shift Register Replacement - Allow Asynchronous Clear Signal                    ; On                 ; On                   ;
; Pre-Mapping Resynthesis Optimization                                            ; Off                ; Off                  ;
; Analysis & Synthesis Message Level                                              ; Medium             ; Medium               ;
; Disable Register Merging Across Hierarchies                                     ; Auto               ; Auto                 ;
; Resource Aware Inference For Block RAM                                          ; On                 ; On                   ;
; Automatic Parallel Synthesis                                                    ; On                 ; On                   ;
; Partial Reconfiguration Bitstream ID                                            ; Off                ; Off                  ;
+---------------------------------------------------------------------------------+--------------------+----------------------+


+------------------------------------------+
; Parallel Compilation                     ;
+----------------------------+-------------+
; Processors                 ; Number      ;
+----------------------------+-------------+
; Number detected on machine ; 20          ;
; Maximum allowed            ; 14          ;
;                            ;             ;
; Average used               ; 1.00        ;
; Maximum used               ; 14          ;
;                            ;             ;
; Usage by Processor         ; % Time Used ;
;     Processor 1            ; 100.0%      ;
;     Processor 2            ;   0.0%      ;
;     Processor 3            ;   0.0%      ;
;     Processor 4            ;   0.0%      ;
;     Processor 5            ;   0.0%      ;
;     Processor 6            ;   0.0%      ;
;     Processor 7            ;   0.0%      ;
;     Processor 8            ;   0.0%      ;
;     Processor 9            ;   0.0%      ;
;     Processor 10           ;   0.0%      ;
;     Processor 11           ;   0.0%      ;
;     Processors 12-14       ;   0.0%      ;
+----------------------------+-------------+


+----------------------------------------------------------------------------------------------------------------------------------------------------------------------------------------------------------------------------+
; Analysis & Synthesis Source Files Read                                                                                                                                                                                     ;
+----------------------------------+-----------------+----------------------------------------+---------------------------------------------------------------------------------------------------------------+--------------+
; File Name with User-Entered Path ; Used in Netlist ; File Type                              ; File Name with Absolute Path                                                                                  ; Library      ;
+----------------------------------+-----------------+----------------------------------------+---------------------------------------------------------------------------------------------------------------+--------------+
; motorPol.v                       ; yes             ; User Verilog HDL File                  ; /home/aluno/Downloads/PROJETO_NOVO_at-20260831T184838Z-1-001/PROJETO_NOVO_at/motorPol.v                       ;              ;
; CLOCK_100MGH.v                   ; yes             ; User Wizard-Generated File             ; /home/aluno/Downloads/PROJETO_NOVO_at-20260831T184838Z-1-001/PROJETO_NOVO_at/CLOCK_100MGH.v                   ; CLOCK_100MGH ;
; CLOCK_100MGH/CLOCK_100MGH_0002.v ; yes             ; User Verilog HDL File                  ; /home/aluno/Downloads/PROJETO_NOVO_at-20260831T184838Z-1-001/PROJETO_NOVO_at/CLOCK_100MGH/CLOCK_100MGH_0002.v ; CLOCK_100MGH ;
; vga_driver.v                     ; yes             ; User Verilog HDL File                  ; /home/aluno/Downloads/PROJETO_NOVO_at-20260831T184838Z-1-001/PROJETO_NOVO_at/vga_driver.v                     ;              ;
; resolucao_logica.v               ; yes             ; User Verilog HDL File                  ; /home/aluno/Downloads/PROJETO_NOVO_at-20260831T184838Z-1-001/PROJETO_NOVO_at/resolucao_logica.v               ;              ;
; DE1_SOC_golden_top.v             ; yes             ; User Verilog HDL File                  ; /home/aluno/Downloads/PROJETO_NOVO_at-20260831T184838Z-1-001/PROJETO_NOVO_at/DE1_SOC_golden_top.v             ;              ;
; RAMVIDEO.v                       ; yes             ; User Wizard-Generated File             ; /home/aluno/Downloads/PROJETO_NOVO_at-20260831T184838Z-1-001/PROJETO_NOVO_at/RAMVIDEO.v                       ;              ;
; contadorVid.v                    ; yes             ; User Verilog HDL File                  ; /home/aluno/Downloads/PROJETO_NOVO_at-20260831T184838Z-1-001/PROJETO_NOVO_at/contadorVid.v                    ;              ;
; output_files/motorBack_Ground.v  ; yes             ; User Verilog HDL File                  ; /home/aluno/Downloads/PROJETO_NOVO_at-20260831T184838Z-1-001/PROJETO_NOVO_at/output_files/motorBack_Ground.v  ;              ;
; altera_pll.v                     ; yes             ; Megafunction                           ; /opt/intelFPGA_lite/25.1/quartus/libraries/megafunctions/altera_pll.v                                         ;              ;
; altsyncram.tdf                   ; yes             ; Megafunction                           ; /opt/intelFPGA_lite/25.1/quartus/libraries/megafunctions/altsyncram.tdf                                       ;              ;
; stratix_ram_block.inc            ; yes             ; Megafunction                           ; /opt/intelFPGA_lite/25.1/quartus/libraries/megafunctions/stratix_ram_block.inc                                ;              ;
; lpm_mux.inc                      ; yes             ; Megafunction                           ; /opt/intelFPGA_lite/25.1/quartus/libraries/megafunctions/lpm_mux.inc                                          ;              ;
; lpm_decode.inc                   ; yes             ; Megafunction                           ; /opt/intelFPGA_lite/25.1/quartus/libraries/megafunctions/lpm_decode.inc                                       ;              ;
; aglobal251.inc                   ; yes             ; Megafunction                           ; /opt/intelFPGA_lite/25.1/quartus/libraries/megafunctions/aglobal251.inc                                       ;              ;
; a_rdenreg.inc                    ; yes             ; Megafunction                           ; /opt/intelFPGA_lite/25.1/quartus/libraries/megafunctions/a_rdenreg.inc                                        ;              ;
; altrom.inc                       ; yes             ; Megafunction                           ; /opt/intelFPGA_lite/25.1/quartus/libraries/megafunctions/altrom.inc                                           ;              ;
; altram.inc                       ; yes             ; Megafunction                           ; /opt/intelFPGA_lite/25.1/quartus/libraries/megafunctions/altram.inc                                           ;              ;
; altdpram.inc                     ; yes             ; Megafunction                           ; /opt/intelFPGA_lite/25.1/quartus/libraries/megafunctions/altdpram.inc                                         ;              ;
; db/altsyncram_9f22.tdf           ; yes             ; Auto-Generated Megafunction            ; /home/aluno/Downloads/PROJETO_NOVO_at-20260831T184838Z-1-001/PROJETO_NOVO_at/db/altsyncram_9f22.tdf           ;              ;
; memory_76800.mif                 ; yes             ; Auto-Found Memory Initialization File  ; /home/aluno/Downloads/PROJETO_NOVO_at-20260831T184838Z-1-001/PROJETO_NOVO_at/memory_76800.mif                 ;              ;
; db/decode_nma.tdf                ; yes             ; Auto-Generated Megafunction            ; /home/aluno/Downloads/PROJETO_NOVO_at-20260831T184838Z-1-001/PROJETO_NOVO_at/db/decode_nma.tdf                ;              ;
; db/decode_g2a.tdf                ; yes             ; Auto-Generated Megafunction            ; /home/aluno/Downloads/PROJETO_NOVO_at-20260831T184838Z-1-001/PROJETO_NOVO_at/db/decode_g2a.tdf                ;              ;
; db/mux_7hb.tdf                   ; yes             ; Auto-Generated Megafunction            ; /home/aluno/Downloads/PROJETO_NOVO_at-20260831T184838Z-1-001/PROJETO_NOVO_at/db/mux_7hb.tdf                   ;              ;
; lpm_divide.tdf                   ; yes             ; Megafunction                           ; /opt/intelFPGA_lite/25.1/quartus/libraries/megafunctions/lpm_divide.tdf                                       ;              ;
; abs_divider.inc                  ; yes             ; Megafunction                           ; /opt/intelFPGA_lite/25.1/quartus/libraries/megafunctions/abs_divider.inc                                      ;              ;
; sign_div_unsign.inc              ; yes             ; Megafunction                           ; /opt/intelFPGA_lite/25.1/quartus/libraries/megafunctions/sign_div_unsign.inc                                  ;              ;
; db/lpm_divide_qbm.tdf            ; yes             ; Auto-Generated Megafunction            ; /home/aluno/Downloads/PROJETO_NOVO_at-20260831T184838Z-1-001/PROJETO_NOVO_at/db/lpm_divide_qbm.tdf            ;              ;
; db/sign_div_unsign_0mh.tdf       ; yes             ; Auto-Generated Megafunction            ; /home/aluno/Downloads/PROJETO_NOVO_at-20260831T184838Z-1-001/PROJETO_NOVO_at/db/sign_div_unsign_0mh.tdf       ;              ;
; db/alt_u_div_60f.tdf             ; yes             ; Auto-Generated Megafunction            ; /home/aluno/Downloads/PROJETO_NOVO_at-20260831T184838Z-1-001/PROJETO_NOVO_at/db/alt_u_div_60f.tdf             ;              ;
; db/lpm_divide_t3m.tdf            ; yes             ; Auto-Generated Megafunction            ; /home/aluno/Downloads/PROJETO_NOVO_at-20260831T184838Z-1-001/PROJETO_NOVO_at/db/lpm_divide_t3m.tdf            ;              ;
+----------------------------------+-----------------+----------------------------------------+---------------------------------------------------------------------------------------------------------------+--------------+


+----------------------------------------------------------------------------------------------------------------------------------------------+
; Analysis & Synthesis Resource Usage Summary                                                                                                  ;
+---------------------------------------------+------------------------------------------------------------------------------------------------+
; Resource                                    ; Usage                                                                                          ;
+---------------------------------------------+------------------------------------------------------------------------------------------------+
; Estimate of Logic utilization (ALMs needed) ; 346                                                                                            ;
;                                             ;                                                                                                ;
; Combinational ALUT usage for logic          ; 605                                                                                            ;
;     -- 7 input functions                    ; 18                                                                                             ;
;     -- 6 input functions                    ; 68                                                                                             ;
;     -- 5 input functions                    ; 14                                                                                             ;
;     -- 4 input functions                    ; 99                                                                                             ;
;     -- <=3 input functions                  ; 406                                                                                            ;
;                                             ;                                                                                                ;
; Dedicated logic registers                   ; 131                                                                                            ;
;                                             ;                                                                                                ;
; I/O pins                                    ; 241                                                                                            ;
; Total MLAB memory bits                      ; 0                                                                                              ;
; Total block memory bits                     ; 614400                                                                                         ;
;                                             ;                                                                                                ;
; Total DSP Blocks                            ; 0                                                                                              ;
;                                             ;                                                                                                ;
; Total PLLs                                  ; 1                                                                                              ;
;     -- PLLs                                 ; 1                                                                                              ;
;                                             ;                                                                                                ;
; Maximum fan-out node                        ; CLOCK_100MGH:comb_4|CLOCK_100MGH_0002:clock_100mgh_inst|altera_pll:altera_pll_i|outclk_wire[0] ;
; Maximum fan-out                             ; 92                                                                                             ;
; Total fan-out                               ; 5189                                                                                           ;
; Average fan-out                             ; 3.72                                                                                           ;
+---------------------------------------------+------------------------------------------------------------------------------------------------+


+-----------------------------------------------------------------------------------------------------------------------------------------------------------------------------------------------------------------------------------------------------------------------------------------------------------------------------------------------------------------+
; Analysis & Synthesis Resource Utilization by Entity                                                                                                                                                                                                                                                                                                             ;
+----------------------------------------------+---------------------+---------------------------+-------------------+------------+------+--------------+--------------------------------------------------------------------------------------------------------------------------------------------------------------------+---------------------+--------------+
; Compilation Hierarchy Node                   ; Combinational ALUTs ; Dedicated Logic Registers ; Block Memory Bits ; DSP Blocks ; Pins ; Virtual Pins ; Full Hierarchy Name                                                                                                                                                ; Entity Name         ; Library Name ;
+----------------------------------------------+---------------------+---------------------------+-------------------+------------+------+--------------+--------------------------------------------------------------------------------------------------------------------------------------------------------------------+---------------------+--------------+
; |DE1_SOC_golden_top                          ; 605 (1)             ; 131 (0)                   ; 614400            ; 0          ; 241  ; 0            ; |DE1_SOC_golden_top                                                                                                                                                ; DE1_SOC_golden_top  ; work         ;
;    |CLOCK_100MGH:comb_4|                     ; 0 (0)               ; 0 (0)                     ; 0                 ; 0          ; 0    ; 0            ; |DE1_SOC_golden_top|CLOCK_100MGH:comb_4                                                                                                                            ; CLOCK_100MGH        ; CLOCK_100MGH ;
;       |CLOCK_100MGH_0002:clock_100mgh_inst|  ; 0 (0)               ; 0 (0)                     ; 0                 ; 0          ; 0    ; 0            ; |DE1_SOC_golden_top|CLOCK_100MGH:comb_4|CLOCK_100MGH_0002:clock_100mgh_inst                                                                                        ; CLOCK_100MGH_0002   ; CLOCK_100MGH ;
;          |altera_pll:altera_pll_i|           ; 0 (0)               ; 0 (0)                     ; 0                 ; 0          ; 0    ; 0            ; |DE1_SOC_golden_top|CLOCK_100MGH:comb_4|CLOCK_100MGH_0002:clock_100mgh_inst|altera_pll:altera_pll_i                                                                ; altera_pll          ; work         ;
;    |motorBack_Ground:comb_3|                 ; 474 (129)           ; 81 (64)                   ; 0                 ; 0          ; 0    ; 0            ; |DE1_SOC_golden_top|motorBack_Ground:comb_3                                                                                                                        ; motorBack_Ground    ; work         ;
;       |contadorVid:comb_49297|               ; 345 (18)            ; 17 (17)                   ; 0                 ; 0          ; 0    ; 0            ; |DE1_SOC_golden_top|motorBack_Ground:comb_3|contadorVid:comb_49297                                                                                                 ; contadorVid         ; work         ;
;          |lpm_divide:Div0|                   ; 124 (0)             ; 0 (0)                     ; 0                 ; 0          ; 0    ; 0            ; |DE1_SOC_golden_top|motorBack_Ground:comb_3|contadorVid:comb_49297|lpm_divide:Div0                                                                                 ; lpm_divide          ; work         ;
;             |lpm_divide_qbm:auto_generated|  ; 124 (0)             ; 0 (0)                     ; 0                 ; 0          ; 0    ; 0            ; |DE1_SOC_golden_top|motorBack_Ground:comb_3|contadorVid:comb_49297|lpm_divide:Div0|lpm_divide_qbm:auto_generated                                                   ; lpm_divide_qbm      ; work         ;
;                |sign_div_unsign_0mh:divider| ; 124 (0)             ; 0 (0)                     ; 0                 ; 0          ; 0    ; 0            ; |DE1_SOC_golden_top|motorBack_Ground:comb_3|contadorVid:comb_49297|lpm_divide:Div0|lpm_divide_qbm:auto_generated|sign_div_unsign_0mh:divider                       ; sign_div_unsign_0mh ; work         ;
;                   |alt_u_div_60f:divider|    ; 124 (124)           ; 0 (0)                     ; 0                 ; 0          ; 0    ; 0            ; |DE1_SOC_golden_top|motorBack_Ground:comb_3|contadorVid:comb_49297|lpm_divide:Div0|lpm_divide_qbm:auto_generated|sign_div_unsign_0mh:divider|alt_u_div_60f:divider ; alt_u_div_60f       ; work         ;
;          |lpm_divide:Mod0|                   ; 203 (0)             ; 0 (0)                     ; 0                 ; 0          ; 0    ; 0            ; |DE1_SOC_golden_top|motorBack_Ground:comb_3|contadorVid:comb_49297|lpm_divide:Mod0                                                                                 ; lpm_divide          ; work         ;
;             |lpm_divide_t3m:auto_generated|  ; 203 (0)             ; 0 (0)                     ; 0                 ; 0          ; 0    ; 0            ; |DE1_SOC_golden_top|motorBack_Ground:comb_3|contadorVid:comb_49297|lpm_divide:Mod0|lpm_divide_t3m:auto_generated                                                   ; lpm_divide_t3m      ; work         ;
;                |sign_div_unsign_0mh:divider| ; 203 (0)             ; 0 (0)                     ; 0                 ; 0          ; 0    ; 0            ; |DE1_SOC_golden_top|motorBack_Ground:comb_3|contadorVid:comb_49297|lpm_divide:Mod0|lpm_divide_t3m:auto_generated|sign_div_unsign_0mh:divider                       ; sign_div_unsign_0mh ; work         ;
;                   |alt_u_div_60f:divider|    ; 203 (203)           ; 0 (0)                     ; 0                 ; 0          ; 0    ; 0            ; |DE1_SOC_golden_top|motorBack_Ground:comb_3|contadorVid:comb_49297|lpm_divide:Mod0|lpm_divide_t3m:auto_generated|sign_div_unsign_0mh:divider|alt_u_div_60f:divider ; alt_u_div_60f       ; work         ;
;    |resolucao_logica:comb_5|                 ; 130 (20)            ; 50 (3)                    ; 614400            ; 0          ; 0    ; 0            ; |DE1_SOC_golden_top|resolucao_logica:comb_5                                                                                                                        ; resolucao_logica    ; work         ;
;       |RAMVIDEO:comb_39|                     ; 20 (0)              ; 8 (0)                     ; 614400            ; 0          ; 0    ; 0            ; |DE1_SOC_golden_top|resolucao_logica:comb_5|RAMVIDEO:comb_39                                                                                                       ; RAMVIDEO            ; work         ;
;          |altsyncram:altsyncram_component|   ; 20 (0)              ; 8 (0)                     ; 614400            ; 0          ; 0    ; 0            ; |DE1_SOC_golden_top|resolucao_logica:comb_5|RAMVIDEO:comb_39|altsyncram:altsyncram_component                                                                       ; altsyncram          ; work         ;
;             |altsyncram_9f22:auto_generated| ; 20 (0)              ; 8 (8)                     ; 614400            ; 0          ; 0    ; 0            ; |DE1_SOC_golden_top|resolucao_logica:comb_5|RAMVIDEO:comb_39|altsyncram:altsyncram_component|altsyncram_9f22:auto_generated                                        ; altsyncram_9f22     ; work         ;
;                |decode_g2a:rden_decode_b|    ; 10 (10)             ; 0 (0)                     ; 0                 ; 0          ; 0    ; 0            ; |DE1_SOC_golden_top|resolucao_logica:comb_5|RAMVIDEO:comb_39|altsyncram:altsyncram_component|altsyncram_9f22:auto_generated|decode_g2a:rden_decode_b               ; decode_g2a          ; work         ;
;                |decode_nma:decode2|          ; 10 (10)             ; 0 (0)                     ; 0                 ; 0          ; 0    ; 0            ; |DE1_SOC_golden_top|resolucao_logica:comb_5|RAMVIDEO:comb_39|altsyncram:altsyncram_component|altsyncram_9f22:auto_generated|decode_nma:decode2                     ; decode_nma          ; work         ;
;       |vga_driver:comb_40|                   ; 90 (90)             ; 39 (39)                   ; 0                 ; 0          ; 0    ; 0            ; |DE1_SOC_golden_top|resolucao_logica:comb_5|vga_driver:comb_40                                                                                                     ; vga_driver          ; work         ;
+----------------------------------------------+---------------------+---------------------------+-------------------+------------+------+--------------+--------------------------------------------------------------------------------------------------------------------------------------------------------------------+---------------------+--------------+
Note: For table entries with two numbers listed, the numbers in parentheses indicate the number of resources of the given type used by the specific entity alone. The numbers listed outside of parentheses indicate the total resources of the given type used by the specific entity and all of its sub-entities in the hierarchy.


+-----------------------------------------------------------------------------------------------------------------------------------------------------------------------------------------------------------------------------------------------+
; Analysis & Synthesis RAM Summary                                                                                                                                                                                                              ;
+--------------------------------------------------------------------------------------------------------------------+------------+------------------+--------------+--------------+--------------+--------------+--------+---------------------+
; Name                                                                                                               ; Type       ; Mode             ; Port A Depth ; Port A Width ; Port B Depth ; Port B Width ; Size   ; MIF                 ;
+--------------------------------------------------------------------------------------------------------------------+------------+------------------+--------------+--------------+--------------+--------------+--------+---------------------+
; resolucao_logica:comb_5|RAMVIDEO:comb_39|altsyncram:altsyncram_component|altsyncram_9f22:auto_generated|ALTSYNCRAM ; M10K block ; Simple Dual Port ; 76800        ; 8            ; 76800        ; 8            ; 614400 ; ../memory_76800.mif ;
+--------------------------------------------------------------------------------------------------------------------+------------+------------------+--------------+--------------+--------------+--------------+--------+---------------------+


+------------------------------------------------------------------------------------------------------------------------------------------------+
; Analysis & Synthesis IP Cores Summary                                                                                                          ;
+--------+--------------+---------+--------------+--------------+--------------------------------------------------------------+-----------------+
; Vendor ; IP Core Name ; Version ; Release Date ; License Type ; Entity Instance                                              ; IP Include File ;
+--------+--------------+---------+--------------+--------------+--------------------------------------------------------------+-----------------+
; Altera ; RAM: 2-PORT  ; 25.1    ; N/A          ; N/A          ; |DE1_SOC_golden_top|resolucao_logica:comb_5|RAMVIDEO:comb_39 ; RAMVIDEO.v      ;
+--------+--------------+---------+--------------+--------------+--------------------------------------------------------------+-----------------+


Encoding Type:  One-Hot
+------------------------------------------------------------------------------------------------------------------------+
; State Machine - |DE1_SOC_golden_top|resolucao_logica:comb_5|vga_driver:comb_40|v_state                                 ;
+------------------------+----------------------+-----------------------+-----------------------+------------------------+
; Name                   ; v_state.V_BACK_STATE ; v_state.V_PULSE_STATE ; v_state.V_FRONT_STATE ; v_state.V_ACTIVE_STATE ;
+------------------------+----------------------+-----------------------+-----------------------+------------------------+
; v_state.V_ACTIVE_STATE ; 0                    ; 0                     ; 0                     ; 0                      ;
; v_state.V_FRONT_STATE  ; 0                    ; 0                     ; 1                     ; 1                      ;
; v_state.V_PULSE_STATE  ; 0                    ; 1                     ; 0                     ; 1                      ;
; v_state.V_BACK_STATE   ; 1                    ; 0                     ; 0                     ; 1                      ;
+------------------------+----------------------+-----------------------+-----------------------+------------------------+


Encoding Type:  One-Hot
+------------------------------------------------------------------------------------------------------------------------+
; State Machine - |DE1_SOC_golden_top|resolucao_logica:comb_5|vga_driver:comb_40|h_state                                 ;
+------------------------+----------------------+-----------------------+-----------------------+------------------------+
; Name                   ; h_state.H_BACK_STATE ; h_state.H_PULSE_STATE ; h_state.H_FRONT_STATE ; h_state.H_ACTIVE_STATE ;
+------------------------+----------------------+-----------------------+-----------------------+------------------------+
; h_state.H_ACTIVE_STATE ; 0                    ; 0                     ; 0                     ; 0                      ;
; h_state.H_FRONT_STATE  ; 0                    ; 0                     ; 1                     ; 1                      ;
; h_state.H_PULSE_STATE  ; 0                    ; 1                     ; 0                     ; 1                      ;
; h_state.H_BACK_STATE   ; 1                    ; 0                     ; 0                     ; 1                      ;
+------------------------+----------------------+-----------------------+-----------------------+------------------------+


+----------------------------------------------------------------------------------------------------------+
; Registers Removed During Synthesis                                                                       ;
+------------------------------------------------------------+---------------------------------------------+
; Register name                                              ; Reason for Removal                          ;
+------------------------------------------------------------+---------------------------------------------+
; resolucao_logica:comb_5|vga_driver:comb_40|red_reg[0]      ; Stuck at GND due to stuck port data_in      ;
; resolucao_logica:comb_5|vga_driver:comb_40|green_reg[0..4] ; Stuck at GND due to stuck port data_in      ;
; resolucao_logica:comb_5|vga_driver:comb_40|blue_reg[0..5]  ; Stuck at GND due to stuck port data_in      ;
; resolucao_logica:comb_5|vga_driver:comb_40|red_reg[1..4]   ; Stuck at GND due to stuck port data_in      ;
; motorBack_Ground:comb_3|tileMap[1199][0]                   ; Stuck at GND due to stuck port data_in      ;
; motorBack_Ground:comb_3|tileMap[0][6]                      ; Stuck at GND due to stuck port data_in      ;
; motorBack_Ground:comb_3|tileMap[0][4]                      ; Stuck at GND due to stuck port data_in      ;
; motorBack_Ground:comb_3|tileMap[0][1]                      ; Stuck at GND due to stuck port data_in      ;
; motorBack_Ground:comb_3|tileMap[0][0]                      ; Stuck at GND due to stuck port data_in      ;
; motorBack_Ground:comb_3|tileMap[1][6]                      ; Stuck at GND due to stuck port data_in      ;
; motorBack_Ground:comb_3|tileMap[1][4]                      ; Stuck at GND due to stuck port data_in      ;
; motorBack_Ground:comb_3|tileMap[1][1]                      ; Stuck at GND due to stuck port data_in      ;
; motorBack_Ground:comb_3|tileMap[1][0]                      ; Stuck at GND due to stuck port data_in      ;
; motorBack_Ground:comb_3|tileMap[2][6]                      ; Stuck at GND due to stuck port data_in      ;
; motorBack_Ground:comb_3|tileMap[2][4]                      ; Stuck at GND due to stuck port data_in      ;
; motorBack_Ground:comb_3|tileMap[2][1]                      ; Stuck at GND due to stuck port data_in      ;
; motorBack_Ground:comb_3|tileMap[2][0]                      ; Stuck at GND due to stuck port data_in      ;
; motorBack_Ground:comb_3|tileMap[3][6]                      ; Stuck at GND due to stuck port data_in      ;
; motorBack_Ground:comb_3|tileMap[3][4]                      ; Stuck at GND due to stuck port data_in      ;
; motorBack_Ground:comb_3|tileMap[3][1]                      ; Stuck at GND due to stuck port data_in      ;
; motorBack_Ground:comb_3|tileMap[3][0]                      ; Stuck at GND due to stuck port data_in      ;
; motorBack_Ground:comb_3|tileMap[4][6]                      ; Stuck at GND due to stuck port data_in      ;
; motorBack_Ground:comb_3|tileMap[4][4]                      ; Stuck at GND due to stuck port data_in      ;
; motorBack_Ground:comb_3|tileMap[4][1]                      ; Stuck at GND due to stuck port data_in      ;
; motorBack_Ground:comb_3|tileMap[4][0]                      ; Stuck at GND due to stuck port data_in      ;
; motorBack_Ground:comb_3|tileMap[5][6]                      ; Stuck at GND due to stuck port data_in      ;
; motorBack_Ground:comb_3|tileMap[5][4]                      ; Stuck at GND due to stuck port data_in      ;
; motorBack_Ground:comb_3|tileMap[5][1]                      ; Stuck at GND due to stuck port data_in      ;
; motorBack_Ground:comb_3|tileMap[5][0]                      ; Stuck at GND due to stuck port data_in      ;
; motorBack_Ground:comb_3|tileMap[6][6]                      ; Stuck at GND due to stuck port data_in      ;
; motorBack_Ground:comb_3|tileMap[6][4]                      ; Stuck at GND due to stuck port data_in      ;
; motorBack_Ground:comb_3|tileMap[6][1]                      ; Stuck at GND due to stuck port data_in      ;
; motorBack_Ground:comb_3|tileMap[6][0]                      ; Stuck at GND due to stuck port data_in      ;
; motorBack_Ground:comb_3|tileMap[7][6]                      ; Stuck at GND due to stuck port data_in      ;
; motorBack_Ground:comb_3|tileMap[7][4]                      ; Stuck at GND due to stuck port data_in      ;
; motorBack_Ground:comb_3|tileMap[7][1]                      ; Stuck at GND due to stuck port data_in      ;
; motorBack_Ground:comb_3|tileMap[7][0]                      ; Stuck at GND due to stuck port data_in      ;
; motorBack_Ground:comb_3|tileMap[8][6]                      ; Stuck at GND due to stuck port data_in      ;
; motorBack_Ground:comb_3|tileMap[8][4]                      ; Stuck at GND due to stuck port data_in      ;
; motorBack_Ground:comb_3|tileMap[8][1]                      ; Stuck at GND due to stuck port data_in      ;
; motorBack_Ground:comb_3|tileMap[8][0]                      ; Stuck at GND due to stuck port data_in      ;
; motorBack_Ground:comb_3|tileMap[9][6]                      ; Stuck at GND due to stuck port data_in      ;
; motorBack_Ground:comb_3|tileMap[9][4]                      ; Stuck at GND due to stuck port data_in      ;
; motorBack_Ground:comb_3|tileMap[9][1]                      ; Stuck at GND due to stuck port data_in      ;
; motorBack_Ground:comb_3|tileMap[9][0]                      ; Stuck at GND due to stuck port data_in      ;
; motorBack_Ground:comb_3|tileMap[10][6]                     ; Stuck at GND due to stuck port data_in      ;
; motorBack_Ground:comb_3|tileMap[10][4]                     ; Stuck at GND due to stuck port data_in      ;
; motorBack_Ground:comb_3|tileMap[10][1]                     ; Stuck at GND due to stuck port data_in      ;
; motorBack_Ground:comb_3|tileMap[10][0]                     ; Stuck at GND due to stuck port data_in      ;
; motorBack_Ground:comb_3|tileMap[11][6]                     ; Stuck at GND due to stuck port data_in      ;
; motorBack_Ground:comb_3|tileMap[11][4]                     ; Stuck at GND due to stuck port data_in      ;
; motorBack_Ground:comb_3|tileMap[11][1]                     ; Stuck at GND due to stuck port data_in      ;
; motorBack_Ground:comb_3|tileMap[11][0]                     ; Stuck at GND due to stuck port data_in      ;
; motorBack_Ground:comb_3|tileMap[12][6]                     ; Stuck at GND due to stuck port data_in      ;
; motorBack_Ground:comb_3|tileMap[12][4]                     ; Stuck at GND due to stuck port data_in      ;
; motorBack_Ground:comb_3|tileMap[12][1]                     ; Stuck at GND due to stuck port data_in      ;
; motorBack_Ground:comb_3|tileMap[12][0]                     ; Stuck at GND due to stuck port data_in      ;
; motorBack_Ground:comb_3|tileMap[13][6]                     ; Stuck at GND due to stuck port data_in      ;
; motorBack_Ground:comb_3|tileMap[13][4]                     ; Stuck at GND due to stuck port data_in      ;
; motorBack_Ground:comb_3|tileMap[13][1]                     ; Stuck at GND due to stuck port data_in      ;
; motorBack_Ground:comb_3|tileMap[13][0]                     ; Stuck at GND due to stuck port data_in      ;
; motorBack_Ground:comb_3|tileMap[14][6]                     ; Stuck at GND due to stuck port data_in      ;
; motorBack_Ground:comb_3|tileMap[14][4]                     ; Stuck at GND due to stuck port data_in      ;
; motorBack_Ground:comb_3|tileMap[14][1]                     ; Stuck at GND due to stuck port data_in      ;
; motorBack_Ground:comb_3|tileMap[14][0]                     ; Stuck at GND due to stuck port data_in      ;
; motorBack_Ground:comb_3|tileMap[15][6]                     ; Stuck at GND due to stuck port data_in      ;
; motorBack_Ground:comb_3|tileMap[15][4]                     ; Stuck at GND due to stuck port data_in      ;
; motorBack_Ground:comb_3|tileMap[15][1]                     ; Stuck at GND due to stuck port data_in      ;
; motorBack_Ground:comb_3|tileMap[15][0]                     ; Stuck at GND due to stuck port data_in      ;
; motorBack_Ground:comb_3|tileMap[16][6]                     ; Stuck at GND due to stuck port data_in      ;
; motorBack_Ground:comb_3|tileMap[16][4]                     ; Stuck at GND due to stuck port data_in      ;
; motorBack_Ground:comb_3|tileMap[16][1]                     ; Stuck at GND due to stuck port data_in      ;
; motorBack_Ground:comb_3|tileMap[16][0]                     ; Stuck at GND due to stuck port data_in      ;
; motorBack_Ground:comb_3|tileMap[17][6]                     ; Stuck at GND due to stuck port data_in      ;
; motorBack_Ground:comb_3|tileMap[17][4]                     ; Stuck at GND due to stuck port data_in      ;
; motorBack_Ground:comb_3|tileMap[17][1]                     ; Stuck at GND due to stuck port data_in      ;
; motorBack_Ground:comb_3|tileMap[17][0]                     ; Stuck at GND due to stuck port data_in      ;
; motorBack_Ground:comb_3|tileMap[18][6]                     ; Stuck at GND due to stuck port data_in      ;
; motorBack_Ground:comb_3|tileMap[18][4]                     ; Stuck at GND due to stuck port data_in      ;
; motorBack_Ground:comb_3|tileMap[18][1]                     ; Stuck at GND due to stuck port data_in      ;
; motorBack_Ground:comb_3|tileMap[18][0]                     ; Stuck at GND due to stuck port data_in      ;
; motorBack_Ground:comb_3|tileMap[19][6]                     ; Stuck at GND due to stuck port data_in      ;
; motorBack_Ground:comb_3|tileMap[19][4]                     ; Stuck at GND due to stuck port data_in      ;
; motorBack_Ground:comb_3|tileMap[19][1]                     ; Stuck at GND due to stuck port data_in      ;
; motorBack_Ground:comb_3|tileMap[19][0]                     ; Stuck at GND due to stuck port data_in      ;
; motorBack_Ground:comb_3|tileMap[20][6]                     ; Stuck at GND due to stuck port data_in      ;
; motorBack_Ground:comb_3|tileMap[20][4]                     ; Stuck at GND due to stuck port data_in      ;
; motorBack_Ground:comb_3|tileMap[20][1]                     ; Stuck at GND due to stuck port data_in      ;
; motorBack_Ground:comb_3|tileMap[20][0]                     ; Stuck at GND due to stuck port data_in      ;
; motorBack_Ground:comb_3|tileMap[21][6]                     ; Stuck at GND due to stuck port data_in      ;
; motorBack_Ground:comb_3|tileMap[21][4]                     ; Stuck at GND due to stuck port data_in      ;
; motorBack_Ground:comb_3|tileMap[21][1]                     ; Stuck at GND due to stuck port data_in      ;
; motorBack_Ground:comb_3|tileMap[21][0]                     ; Stuck at GND due to stuck port data_in      ;
; motorBack_Ground:comb_3|tileMap[22][6]                     ; Stuck at GND due to stuck port data_in      ;
; motorBack_Ground:comb_3|tileMap[22][4]                     ; Stuck at GND due to stuck port data_in      ;
; motorBack_Ground:comb_3|tileMap[22][1]                     ; Stuck at GND due to stuck port data_in      ;
; motorBack_Ground:comb_3|tileMap[22][0]                     ; Stuck at GND due to stuck port data_in      ;
; motorBack_Ground:comb_3|tileMap[23][6]                     ; Stuck at GND due to stuck port data_in      ;
; motorBack_Ground:comb_3|tileMap[23][4]                     ; Stuck at GND due to stuck port data_in      ;
; motorBack_Ground:comb_3|tileMap[23][1]                     ; Stuck at GND due to stuck port data_in      ;
; motorBack_Ground:comb_3|tileMap[23][0]                     ; Stuck at GND due to stuck port data_in      ;
; motorBack_Ground:comb_3|tileMap[24][6]                     ; Stuck at GND due to stuck port data_in      ;
; motorBack_Ground:comb_3|tileMap[24][4]                     ; Stuck at GND due to stuck port data_in      ;
; motorBack_Ground:comb_3|tileMap[24][1]                     ; Stuck at GND due to stuck port data_in      ;
; motorBack_Ground:comb_3|tileMap[24][0]                     ; Stuck at GND due to stuck port data_in      ;
; motorBack_Ground:comb_3|tileMap[25][6]                     ; Stuck at GND due to stuck port data_in      ;
; motorBack_Ground:comb_3|tileMap[25][4]                     ; Stuck at GND due to stuck port data_in      ;
; motorBack_Ground:comb_3|tileMap[25][1]                     ; Stuck at GND due to stuck port data_in      ;
; motorBack_Ground:comb_3|tileMap[25][0]                     ; Stuck at GND due to stuck port data_in      ;
; motorBack_Ground:comb_3|tileMap[26][6]                     ; Stuck at GND due to stuck port data_in      ;
; motorBack_Ground:comb_3|tileMap[26][4]                     ; Stuck at GND due to stuck port data_in      ;
; motorBack_Ground:comb_3|tileMap[26][1]                     ; Stuck at GND due to stuck port data_in      ;
; motorBack_Ground:comb_3|tileMap[26][0]                     ; Stuck at GND due to stuck port data_in      ;
; motorBack_Ground:comb_3|tileMap[27][6]                     ; Stuck at GND due to stuck port data_in      ;
; motorBack_Ground:comb_3|tileMap[27][4]                     ; Stuck at GND due to stuck port data_in      ;
; motorBack_Ground:comb_3|tileMap[27][1]                     ; Stuck at GND due to stuck port data_in      ;
; motorBack_Ground:comb_3|tileMap[27][0]                     ; Stuck at GND due to stuck port data_in      ;
; motorBack_Ground:comb_3|tileMap[28][6]                     ; Stuck at GND due to stuck port data_in      ;
; motorBack_Ground:comb_3|tileMap[28][4]                     ; Stuck at GND due to stuck port data_in      ;
; motorBack_Ground:comb_3|tileMap[28][1]                     ; Stuck at GND due to stuck port data_in      ;
; motorBack_Ground:comb_3|tileMap[28][0]                     ; Stuck at GND due to stuck port data_in      ;
; motorBack_Ground:comb_3|tileMap[29][6]                     ; Stuck at GND due to stuck port data_in      ;
; motorBack_Ground:comb_3|tileMap[29][4]                     ; Stuck at GND due to stuck port data_in      ;
; motorBack_Ground:comb_3|tileMap[29][1]                     ; Stuck at GND due to stuck port data_in      ;
; motorBack_Ground:comb_3|tileMap[29][0]                     ; Stuck at GND due to stuck port data_in      ;
; motorBack_Ground:comb_3|tileMap[30][6]                     ; Stuck at GND due to stuck port data_in      ;
; motorBack_Ground:comb_3|tileMap[30][4]                     ; Stuck at GND due to stuck port data_in      ;
; motorBack_Ground:comb_3|tileMap[30][1]                     ; Stuck at GND due to stuck port data_in      ;
; motorBack_Ground:comb_3|tileMap[30][0]                     ; Stuck at GND due to stuck port data_in      ;
; motorBack_Ground:comb_3|tileMap[31][6]                     ; Stuck at GND due to stuck port data_in      ;
; motorBack_Ground:comb_3|tileMap[31][4]                     ; Stuck at GND due to stuck port data_in      ;
; motorBack_Ground:comb_3|tileMap[31][1]                     ; Stuck at GND due to stuck port data_in      ;
; motorBack_Ground:comb_3|tileMap[31][0]                     ; Stuck at GND due to stuck port data_in      ;
; motorBack_Ground:comb_3|tileMap[32][6]                     ; Stuck at GND due to stuck port data_in      ;
; motorBack_Ground:comb_3|tileMap[32][4]                     ; Stuck at GND due to stuck port data_in      ;
; motorBack_Ground:comb_3|tileMap[32][1]                     ; Stuck at GND due to stuck port data_in      ;
; motorBack_Ground:comb_3|tileMap[32][0]                     ; Stuck at GND due to stuck port data_in      ;
; motorBack_Ground:comb_3|tileMap[33][6]                     ; Stuck at GND due to stuck port data_in      ;
; motorBack_Ground:comb_3|tileMap[33][4]                     ; Stuck at GND due to stuck port data_in      ;
; motorBack_Ground:comb_3|tileMap[33][1]                     ; Stuck at GND due to stuck port data_in      ;
; motorBack_Ground:comb_3|tileMap[33][0]                     ; Stuck at GND due to stuck port data_in      ;
; motorBack_Ground:comb_3|tileMap[34][6]                     ; Stuck at GND due to stuck port data_in      ;
; motorBack_Ground:comb_3|tileMap[34][4]                     ; Stuck at GND due to stuck port data_in      ;
; motorBack_Ground:comb_3|tileMap[34][1]                     ; Stuck at GND due to stuck port data_in      ;
; motorBack_Ground:comb_3|tileMap[34][0]                     ; Stuck at GND due to stuck port data_in      ;
; motorBack_Ground:comb_3|tileMap[35][6]                     ; Stuck at GND due to stuck port data_in      ;
; motorBack_Ground:comb_3|tileMap[35][4]                     ; Stuck at GND due to stuck port data_in      ;
; motorBack_Ground:comb_3|tileMap[35][1]                     ; Stuck at GND due to stuck port data_in      ;
; motorBack_Ground:comb_3|tileMap[35][0]                     ; Stuck at GND due to stuck port data_in      ;
; motorBack_Ground:comb_3|tileMap[36][6]                     ; Stuck at GND due to stuck port data_in      ;
; motorBack_Ground:comb_3|tileMap[36][4]                     ; Stuck at GND due to stuck port data_in      ;
; motorBack_Ground:comb_3|tileMap[36][1]                     ; Stuck at GND due to stuck port data_in      ;
; motorBack_Ground:comb_3|tileMap[36][0]                     ; Stuck at GND due to stuck port data_in      ;
; motorBack_Ground:comb_3|tileMap[37][6]                     ; Stuck at GND due to stuck port data_in      ;
; motorBack_Ground:comb_3|tileMap[37][4]                     ; Stuck at GND due to stuck port data_in      ;
; motorBack_Ground:comb_3|tileMap[37][1]                     ; Stuck at GND due to stuck port data_in      ;
; motorBack_Ground:comb_3|tileMap[37][0]                     ; Stuck at GND due to stuck port data_in      ;
; motorBack_Ground:comb_3|tileMap[38][6]                     ; Stuck at GND due to stuck port data_in      ;
; motorBack_Ground:comb_3|tileMap[38][4]                     ; Stuck at GND due to stuck port data_in      ;
; motorBack_Ground:comb_3|tileMap[38][1]                     ; Stuck at GND due to stuck port data_in      ;
; motorBack_Ground:comb_3|tileMap[38][0]                     ; Stuck at GND due to stuck port data_in      ;
; motorBack_Ground:comb_3|tileMap[39][6]                     ; Stuck at GND due to stuck port data_in      ;
; motorBack_Ground:comb_3|tileMap[39][4]                     ; Stuck at GND due to stuck port data_in      ;
; motorBack_Ground:comb_3|tileMap[39][1]                     ; Stuck at GND due to stuck port data_in      ;
; motorBack_Ground:comb_3|tileMap[39][0]                     ; Stuck at GND due to stuck port data_in      ;
; motorBack_Ground:comb_3|tileMap[40][6]                     ; Stuck at GND due to stuck port data_in      ;
; motorBack_Ground:comb_3|tileMap[40][4]                     ; Stuck at GND due to stuck port data_in      ;
; motorBack_Ground:comb_3|tileMap[40][1]                     ; Stuck at GND due to stuck port data_in      ;
; motorBack_Ground:comb_3|tileMap[40][0]                     ; Stuck at GND due to stuck port data_in      ;
; motorBack_Ground:comb_3|tileMap[41][6]                     ; Stuck at GND due to stuck port data_in      ;
; motorBack_Ground:comb_3|tileMap[41][4]                     ; Stuck at GND due to stuck port data_in      ;
; motorBack_Ground:comb_3|tileMap[41][1]                     ; Stuck at GND due to stuck port data_in      ;
; motorBack_Ground:comb_3|tileMap[41][0]                     ; Stuck at GND due to stuck port data_in      ;
; motorBack_Ground:comb_3|tileMap[42][6]                     ; Stuck at GND due to stuck port data_in      ;
; motorBack_Ground:comb_3|tileMap[42][4]                     ; Stuck at GND due to stuck port data_in      ;
; motorBack_Ground:comb_3|tileMap[42][1]                     ; Stuck at GND due to stuck port data_in      ;
; motorBack_Ground:comb_3|tileMap[42][0]                     ; Stuck at GND due to stuck port data_in      ;
; motorBack_Ground:comb_3|tileMap[43][6]                     ; Stuck at GND due to stuck port data_in      ;
; motorBack_Ground:comb_3|tileMap[43][4]                     ; Stuck at GND due to stuck port data_in      ;
; motorBack_Ground:comb_3|tileMap[43][1]                     ; Stuck at GND due to stuck port data_in      ;
; motorBack_Ground:comb_3|tileMap[43][0]                     ; Stuck at GND due to stuck port data_in      ;
; motorBack_Ground:comb_3|tileMap[44][6]                     ; Stuck at GND due to stuck port data_in      ;
; motorBack_Ground:comb_3|tileMap[44][4]                     ; Stuck at GND due to stuck port data_in      ;
; motorBack_Ground:comb_3|tileMap[44][1]                     ; Stuck at GND due to stuck port data_in      ;
; motorBack_Ground:comb_3|tileMap[44][0]                     ; Stuck at GND due to stuck port data_in      ;
; motorBack_Ground:comb_3|tileMap[45][6]                     ; Stuck at GND due to stuck port data_in      ;
; motorBack_Ground:comb_3|tileMap[45][4]                     ; Stuck at GND due to stuck port data_in      ;
; motorBack_Ground:comb_3|tileMap[45][1]                     ; Stuck at GND due to stuck port data_in      ;
; motorBack_Ground:comb_3|tileMap[45][0]                     ; Stuck at GND due to stuck port data_in      ;
; motorBack_Ground:comb_3|tileMap[46][6]                     ; Stuck at GND due to stuck port data_in      ;
; motorBack_Ground:comb_3|tileMap[46][4]                     ; Stuck at GND due to stuck port data_in      ;
; motorBack_Ground:comb_3|tileMap[46][1]                     ; Stuck at GND due to stuck port data_in      ;
; motorBack_Ground:comb_3|tileMap[46][0]                     ; Stuck at GND due to stuck port data_in      ;
; motorBack_Ground:comb_3|tileMap[47][6]                     ; Stuck at GND due to stuck port data_in      ;
; motorBack_Ground:comb_3|tileMap[47][4]                     ; Stuck at GND due to stuck port data_in      ;
; motorBack_Ground:comb_3|tileMap[47][1]                     ; Stuck at GND due to stuck port data_in      ;
; motorBack_Ground:comb_3|tileMap[47][0]                     ; Stuck at GND due to stuck port data_in      ;
; motorBack_Ground:comb_3|tileMap[48][6]                     ; Stuck at GND due to stuck port data_in      ;
; motorBack_Ground:comb_3|tileMap[48][4]                     ; Stuck at GND due to stuck port data_in      ;
; motorBack_Ground:comb_3|tileMap[48][1]                     ; Stuck at GND due to stuck port data_in      ;
; motorBack_Ground:comb_3|tileMap[48][0]                     ; Stuck at GND due to stuck port data_in      ;
; motorBack_Ground:comb_3|tileMap[49][6]                     ; Stuck at GND due to stuck port data_in      ;
; motorBack_Ground:comb_3|tileMap[49][4]                     ; Stuck at GND due to stuck port data_in      ;
; motorBack_Ground:comb_3|tileMap[49][1]                     ; Stuck at GND due to stuck port data_in      ;
; motorBack_Ground:comb_3|tileMap[49][0]                     ; Stuck at GND due to stuck port data_in      ;
; motorBack_Ground:comb_3|tileMap[50][6]                     ; Stuck at GND due to stuck port data_in      ;
; motorBack_Ground:comb_3|tileMap[50][4]                     ; Stuck at GND due to stuck port data_in      ;
; motorBack_Ground:comb_3|tileMap[50][1]                     ; Stuck at GND due to stuck port data_in      ;
; motorBack_Ground:comb_3|tileMap[50][0]                     ; Stuck at GND due to stuck port data_in      ;
; motorBack_Ground:comb_3|tileMap[51][6]                     ; Stuck at GND due to stuck port data_in      ;
; motorBack_Ground:comb_3|tileMap[51][4]                     ; Stuck at GND due to stuck port data_in      ;
; motorBack_Ground:comb_3|tileMap[51][1]                     ; Stuck at GND due to stuck port data_in      ;
; motorBack_Ground:comb_3|tileMap[51][0]                     ; Stuck at GND due to stuck port data_in      ;
; motorBack_Ground:comb_3|tileMap[52][6]                     ; Stuck at GND due to stuck port data_in      ;
; motorBack_Ground:comb_3|tileMap[52][4]                     ; Stuck at GND due to stuck port data_in      ;
; motorBack_Ground:comb_3|tileMap[52][1]                     ; Stuck at GND due to stuck port data_in      ;
; motorBack_Ground:comb_3|tileMap[52][0]                     ; Stuck at GND due to stuck port data_in      ;
; motorBack_Ground:comb_3|tileMap[53][6]                     ; Stuck at GND due to stuck port data_in      ;
; motorBack_Ground:comb_3|tileMap[53][4]                     ; Stuck at GND due to stuck port data_in      ;
; motorBack_Ground:comb_3|tileMap[53][1]                     ; Stuck at GND due to stuck port data_in      ;
; motorBack_Ground:comb_3|tileMap[53][0]                     ; Stuck at GND due to stuck port data_in      ;
; motorBack_Ground:comb_3|tileMap[54][6]                     ; Stuck at GND due to stuck port data_in      ;
; motorBack_Ground:comb_3|tileMap[54][4]                     ; Stuck at GND due to stuck port data_in      ;
; motorBack_Ground:comb_3|tileMap[54][1]                     ; Stuck at GND due to stuck port data_in      ;
; motorBack_Ground:comb_3|tileMap[54][0]                     ; Stuck at GND due to stuck port data_in      ;
; motorBack_Ground:comb_3|tileMap[55][6]                     ; Stuck at GND due to stuck port data_in      ;
; motorBack_Ground:comb_3|tileMap[55][4]                     ; Stuck at GND due to stuck port data_in      ;
; motorBack_Ground:comb_3|tileMap[55][1]                     ; Stuck at GND due to stuck port data_in      ;
; motorBack_Ground:comb_3|tileMap[55][0]                     ; Stuck at GND due to stuck port data_in      ;
; motorBack_Ground:comb_3|tileMap[56][6]                     ; Stuck at GND due to stuck port data_in      ;
; motorBack_Ground:comb_3|tileMap[56][4]                     ; Stuck at GND due to stuck port data_in      ;
; motorBack_Ground:comb_3|tileMap[56][1]                     ; Stuck at GND due to stuck port data_in      ;
; motorBack_Ground:comb_3|tileMap[56][0]                     ; Stuck at GND due to stuck port data_in      ;
; motorBack_Ground:comb_3|tileMap[57][6]                     ; Stuck at GND due to stuck port data_in      ;
; motorBack_Ground:comb_3|tileMap[57][4]                     ; Stuck at GND due to stuck port data_in      ;
; motorBack_Ground:comb_3|tileMap[57][1]                     ; Stuck at GND due to stuck port data_in      ;
; motorBack_Ground:comb_3|tileMap[57][0]                     ; Stuck at GND due to stuck port data_in      ;
; motorBack_Ground:comb_3|tileMap[58][6]                     ; Stuck at GND due to stuck port data_in      ;
; motorBack_Ground:comb_3|tileMap[58][4]                     ; Stuck at GND due to stuck port data_in      ;
; motorBack_Ground:comb_3|tileMap[58][1]                     ; Stuck at GND due to stuck port data_in      ;
; motorBack_Ground:comb_3|tileMap[58][0]                     ; Stuck at GND due to stuck port data_in      ;
; motorBack_Ground:comb_3|tileMap[59][6]                     ; Stuck at GND due to stuck port data_in      ;
; motorBack_Ground:comb_3|tileMap[59][4]                     ; Stuck at GND due to stuck port data_in      ;
; motorBack_Ground:comb_3|tileMap[59][1]                     ; Stuck at GND due to stuck port data_in      ;
; motorBack_Ground:comb_3|tileMap[59][0]                     ; Stuck at GND due to stuck port data_in      ;
; motorBack_Ground:comb_3|tileMap[60][6]                     ; Stuck at GND due to stuck port data_in      ;
; motorBack_Ground:comb_3|tileMap[60][4]                     ; Stuck at GND due to stuck port data_in      ;
; motorBack_Ground:comb_3|tileMap[60][1]                     ; Stuck at GND due to stuck port data_in      ;
; motorBack_Ground:comb_3|tileMap[60][0]                     ; Stuck at GND due to stuck port data_in      ;
; motorBack_Ground:comb_3|tileMap[61][6]                     ; Stuck at GND due to stuck port data_in      ;
; motorBack_Ground:comb_3|tileMap[61][4]                     ; Stuck at GND due to stuck port data_in      ;
; motorBack_Ground:comb_3|tileMap[61][1]                     ; Stuck at GND due to stuck port data_in      ;
; motorBack_Ground:comb_3|tileMap[61][0]                     ; Stuck at GND due to stuck port data_in      ;
; motorBack_Ground:comb_3|tileMap[62][6]                     ; Stuck at GND due to stuck port data_in      ;
; motorBack_Ground:comb_3|tileMap[62][4]                     ; Stuck at GND due to stuck port data_in      ;
; motorBack_Ground:comb_3|tileMap[62][1]                     ; Stuck at GND due to stuck port data_in      ;
; motorBack_Ground:comb_3|tileMap[62][0]                     ; Stuck at GND due to stuck port data_in      ;
; motorBack_Ground:comb_3|tileMap[63][6]                     ; Stuck at GND due to stuck port data_in      ;
; motorBack_Ground:comb_3|tileMap[63][4]                     ; Stuck at GND due to stuck port data_in      ;
; motorBack_Ground:comb_3|tileMap[63][1]                     ; Stuck at GND due to stuck port data_in      ;
; motorBack_Ground:comb_3|tileMap[63][0]                     ; Stuck at GND due to stuck port data_in      ;
; motorBack_Ground:comb_3|tileMap[64][6]                     ; Stuck at GND due to stuck port data_in      ;
; motorBack_Ground:comb_3|tileMap[64][4]                     ; Stuck at GND due to stuck port data_in      ;
; motorBack_Ground:comb_3|tileMap[64][1]                     ; Stuck at GND due to stuck port data_in      ;
; motorBack_Ground:comb_3|tileMap[64][0]                     ; Stuck at GND due to stuck port data_in      ;
; motorBack_Ground:comb_3|tileMap[65][6]                     ; Stuck at GND due to stuck port data_in      ;
; motorBack_Ground:comb_3|tileMap[65][4]                     ; Stuck at GND due to stuck port data_in      ;
; motorBack_Ground:comb_3|tileMap[65][1]                     ; Stuck at GND due to stuck port data_in      ;
; motorBack_Ground:comb_3|tileMap[65][0]                     ; Stuck at GND due to stuck port data_in      ;
; motorBack_Ground:comb_3|tileMap[66][6]                     ; Stuck at GND due to stuck port data_in      ;
; motorBack_Ground:comb_3|tileMap[66][4]                     ; Stuck at GND due to stuck port data_in      ;
; motorBack_Ground:comb_3|tileMap[66][1]                     ; Stuck at GND due to stuck port data_in      ;
; motorBack_Ground:comb_3|tileMap[66][0]                     ; Stuck at GND due to stuck port data_in      ;
; motorBack_Ground:comb_3|tileMap[67][6]                     ; Stuck at GND due to stuck port data_in      ;
; motorBack_Ground:comb_3|tileMap[67][4]                     ; Stuck at GND due to stuck port data_in      ;
; motorBack_Ground:comb_3|tileMap[67][1]                     ; Stuck at GND due to stuck port data_in      ;
; motorBack_Ground:comb_3|tileMap[67][0]                     ; Stuck at GND due to stuck port data_in      ;
; motorBack_Ground:comb_3|tileMap[68][6]                     ; Stuck at GND due to stuck port data_in      ;
; motorBack_Ground:comb_3|tileMap[68][4]                     ; Stuck at GND due to stuck port data_in      ;
; motorBack_Ground:comb_3|tileMap[68][1]                     ; Stuck at GND due to stuck port data_in      ;
; motorBack_Ground:comb_3|tileMap[68][0]                     ; Stuck at GND due to stuck port data_in      ;
; motorBack_Ground:comb_3|tileMap[69][6]                     ; Stuck at GND due to stuck port data_in      ;
; motorBack_Ground:comb_3|tileMap[69][4]                     ; Stuck at GND due to stuck port data_in      ;
; motorBack_Ground:comb_3|tileMap[69][1]                     ; Stuck at GND due to stuck port data_in      ;
; motorBack_Ground:comb_3|tileMap[69][0]                     ; Stuck at GND due to stuck port data_in      ;
; motorBack_Ground:comb_3|tileMap[70][6]                     ; Stuck at GND due to stuck port data_in      ;
; motorBack_Ground:comb_3|tileMap[70][4]                     ; Stuck at GND due to stuck port data_in      ;
; motorBack_Ground:comb_3|tileMap[70][1]                     ; Stuck at GND due to stuck port data_in      ;
; motorBack_Ground:comb_3|tileMap[70][0]                     ; Stuck at GND due to stuck port data_in      ;
; motorBack_Ground:comb_3|tileMap[71][6]                     ; Stuck at GND due to stuck port data_in      ;
; motorBack_Ground:comb_3|tileMap[71][4]                     ; Stuck at GND due to stuck port data_in      ;
; motorBack_Ground:comb_3|tileMap[71][1]                     ; Stuck at GND due to stuck port data_in      ;
; motorBack_Ground:comb_3|tileMap[71][0]                     ; Stuck at GND due to stuck port data_in      ;
; motorBack_Ground:comb_3|tileMap[72][6]                     ; Stuck at GND due to stuck port data_in      ;
; motorBack_Ground:comb_3|tileMap[72][4]                     ; Stuck at GND due to stuck port data_in      ;
; motorBack_Ground:comb_3|tileMap[72][1]                     ; Stuck at GND due to stuck port data_in      ;
; motorBack_Ground:comb_3|tileMap[72][0]                     ; Stuck at GND due to stuck port data_in      ;
; motorBack_Ground:comb_3|tileMap[73][6]                     ; Stuck at GND due to stuck port data_in      ;
; motorBack_Ground:comb_3|tileMap[73][4]                     ; Stuck at GND due to stuck port data_in      ;
; motorBack_Ground:comb_3|tileMap[73][1]                     ; Stuck at GND due to stuck port data_in      ;
; motorBack_Ground:comb_3|tileMap[73][0]                     ; Stuck at GND due to stuck port data_in      ;
; motorBack_Ground:comb_3|tileMap[74][6]                     ; Stuck at GND due to stuck port data_in      ;
; motorBack_Ground:comb_3|tileMap[74][4]                     ; Stuck at GND due to stuck port data_in      ;
; motorBack_Ground:comb_3|tileMap[74][1]                     ; Stuck at GND due to stuck port data_in      ;
; motorBack_Ground:comb_3|tileMap[74][0]                     ; Stuck at GND due to stuck port data_in      ;
; motorBack_Ground:comb_3|tileMap[75][6]                     ; Stuck at GND due to stuck port data_in      ;
; motorBack_Ground:comb_3|tileMap[75][4]                     ; Stuck at GND due to stuck port data_in      ;
; motorBack_Ground:comb_3|tileMap[75][1]                     ; Stuck at GND due to stuck port data_in      ;
; motorBack_Ground:comb_3|tileMap[75][0]                     ; Stuck at GND due to stuck port data_in      ;
; motorBack_Ground:comb_3|tileMap[76][6]                     ; Stuck at GND due to stuck port data_in      ;
; motorBack_Ground:comb_3|tileMap[76][4]                     ; Stuck at GND due to stuck port data_in      ;
; motorBack_Ground:comb_3|tileMap[76][1]                     ; Stuck at GND due to stuck port data_in      ;
; motorBack_Ground:comb_3|tileMap[76][0]                     ; Stuck at GND due to stuck port data_in      ;
; motorBack_Ground:comb_3|tileMap[77][6]                     ; Stuck at GND due to stuck port data_in      ;
; motorBack_Ground:comb_3|tileMap[77][4]                     ; Stuck at GND due to stuck port data_in      ;
; motorBack_Ground:comb_3|tileMap[77][1]                     ; Stuck at GND due to stuck port data_in      ;
; motorBack_Ground:comb_3|tileMap[77][0]                     ; Stuck at GND due to stuck port data_in      ;
; motorBack_Ground:comb_3|tileMap[78][6]                     ; Stuck at GND due to stuck port data_in      ;
; motorBack_Ground:comb_3|tileMap[78][4]                     ; Stuck at GND due to stuck port data_in      ;
; motorBack_Ground:comb_3|tileMap[78][1]                     ; Stuck at GND due to stuck port data_in      ;
; motorBack_Ground:comb_3|tileMap[78][0]                     ; Stuck at GND due to stuck port data_in      ;
; motorBack_Ground:comb_3|tileMap[79][6]                     ; Stuck at GND due to stuck port data_in      ;
; motorBack_Ground:comb_3|tileMap[79][4]                     ; Stuck at GND due to stuck port data_in      ;
; motorBack_Ground:comb_3|tileMap[79][1]                     ; Stuck at GND due to stuck port data_in      ;
; motorBack_Ground:comb_3|tileMap[79][0]                     ; Stuck at GND due to stuck port data_in      ;
; motorBack_Ground:comb_3|tileMap[80][6]                     ; Stuck at GND due to stuck port data_in      ;
; motorBack_Ground:comb_3|tileMap[80][4]                     ; Stuck at GND due to stuck port data_in      ;
; motorBack_Ground:comb_3|tileMap[80][1]                     ; Stuck at GND due to stuck port data_in      ;
; motorBack_Ground:comb_3|tileMap[80][0]                     ; Stuck at GND due to stuck port data_in      ;
; motorBack_Ground:comb_3|tileMap[81][6]                     ; Stuck at GND due to stuck port data_in      ;
; motorBack_Ground:comb_3|tileMap[81][4]                     ; Stuck at GND due to stuck port data_in      ;
; motorBack_Ground:comb_3|tileMap[81][1]                     ; Stuck at GND due to stuck port data_in      ;
; motorBack_Ground:comb_3|tileMap[81][0]                     ; Stuck at GND due to stuck port data_in      ;
; motorBack_Ground:comb_3|tileMap[82][6]                     ; Stuck at GND due to stuck port data_in      ;
; motorBack_Ground:comb_3|tileMap[82][4]                     ; Stuck at GND due to stuck port data_in      ;
; motorBack_Ground:comb_3|tileMap[82][1]                     ; Stuck at GND due to stuck port data_in      ;
; motorBack_Ground:comb_3|tileMap[82][0]                     ; Stuck at GND due to stuck port data_in      ;
; motorBack_Ground:comb_3|tileMap[83][6]                     ; Stuck at GND due to stuck port data_in      ;
; motorBack_Ground:comb_3|tileMap[83][4]                     ; Stuck at GND due to stuck port data_in      ;
; motorBack_Ground:comb_3|tileMap[83][1]                     ; Stuck at GND due to stuck port data_in      ;
; motorBack_Ground:comb_3|tileMap[83][0]                     ; Stuck at GND due to stuck port data_in      ;
; motorBack_Ground:comb_3|tileMap[84][6]                     ; Stuck at GND due to stuck port data_in      ;
; motorBack_Ground:comb_3|tileMap[84][4]                     ; Stuck at GND due to stuck port data_in      ;
; motorBack_Ground:comb_3|tileMap[84][1]                     ; Stuck at GND due to stuck port data_in      ;
; motorBack_Ground:comb_3|tileMap[84][0]                     ; Stuck at GND due to stuck port data_in      ;
; motorBack_Ground:comb_3|tileMap[85][6]                     ; Stuck at GND due to stuck port data_in      ;
; motorBack_Ground:comb_3|tileMap[85][4]                     ; Stuck at GND due to stuck port data_in      ;
; motorBack_Ground:comb_3|tileMap[85][1]                     ; Stuck at GND due to stuck port data_in      ;
; motorBack_Ground:comb_3|tileMap[85][0]                     ; Stuck at GND due to stuck port data_in      ;
; motorBack_Ground:comb_3|tileMap[86][6]                     ; Stuck at GND due to stuck port data_in      ;
; motorBack_Ground:comb_3|tileMap[86][4]                     ; Stuck at GND due to stuck port data_in      ;
; motorBack_Ground:comb_3|tileMap[86][1]                     ; Stuck at GND due to stuck port data_in      ;
; motorBack_Ground:comb_3|tileMap[86][0]                     ; Stuck at GND due to stuck port data_in      ;
; motorBack_Ground:comb_3|tileMap[87][6]                     ; Stuck at GND due to stuck port data_in      ;
; motorBack_Ground:comb_3|tileMap[87][4]                     ; Stuck at GND due to stuck port data_in      ;
; motorBack_Ground:comb_3|tileMap[87][1]                     ; Stuck at GND due to stuck port data_in      ;
; motorBack_Ground:comb_3|tileMap[87][0]                     ; Stuck at GND due to stuck port data_in      ;
; motorBack_Ground:comb_3|tileMap[88][6]                     ; Stuck at GND due to stuck port data_in      ;
; motorBack_Ground:comb_3|tileMap[88][4]                     ; Stuck at GND due to stuck port data_in      ;
; motorBack_Ground:comb_3|tileMap[88][1]                     ; Stuck at GND due to stuck port data_in      ;
; motorBack_Ground:comb_3|tileMap[88][0]                     ; Stuck at GND due to stuck port data_in      ;
; motorBack_Ground:comb_3|tileMap[89][6]                     ; Stuck at GND due to stuck port data_in      ;
; motorBack_Ground:comb_3|tileMap[89][4]                     ; Stuck at GND due to stuck port data_in      ;
; motorBack_Ground:comb_3|tileMap[89][1]                     ; Stuck at GND due to stuck port data_in      ;
; motorBack_Ground:comb_3|tileMap[89][0]                     ; Stuck at GND due to stuck port data_in      ;
; motorBack_Ground:comb_3|tileMap[90][6]                     ; Stuck at GND due to stuck port data_in      ;
; motorBack_Ground:comb_3|tileMap[90][4]                     ; Stuck at GND due to stuck port data_in      ;
; motorBack_Ground:comb_3|tileMap[90][1]                     ; Stuck at GND due to stuck port data_in      ;
; motorBack_Ground:comb_3|tileMap[90][0]                     ; Stuck at GND due to stuck port data_in      ;
; motorBack_Ground:comb_3|tileMap[91][6]                     ; Stuck at GND due to stuck port data_in      ;
; motorBack_Ground:comb_3|tileMap[91][4]                     ; Stuck at GND due to stuck port data_in      ;
; motorBack_Ground:comb_3|tileMap[91][1]                     ; Stuck at GND due to stuck port data_in      ;
; motorBack_Ground:comb_3|tileMap[91][0]                     ; Stuck at GND due to stuck port data_in      ;
; motorBack_Ground:comb_3|tileMap[92][6]                     ; Stuck at GND due to stuck port data_in      ;
; motorBack_Ground:comb_3|tileMap[92][4]                     ; Stuck at GND due to stuck port data_in      ;
; motorBack_Ground:comb_3|tileMap[92][1]                     ; Stuck at GND due to stuck port data_in      ;
; motorBack_Ground:comb_3|tileMap[92][0]                     ; Stuck at GND due to stuck port data_in      ;
; motorBack_Ground:comb_3|tileMap[93][6]                     ; Stuck at GND due to stuck port data_in      ;
; motorBack_Ground:comb_3|tileMap[93][4]                     ; Stuck at GND due to stuck port data_in      ;
; motorBack_Ground:comb_3|tileMap[93][1]                     ; Stuck at GND due to stuck port data_in      ;
; motorBack_Ground:comb_3|tileMap[93][0]                     ; Stuck at GND due to stuck port data_in      ;
; motorBack_Ground:comb_3|tileMap[94][6]                     ; Stuck at GND due to stuck port data_in      ;
; motorBack_Ground:comb_3|tileMap[94][4]                     ; Stuck at GND due to stuck port data_in      ;
; motorBack_Ground:comb_3|tileMap[94][1]                     ; Stuck at GND due to stuck port data_in      ;
; motorBack_Ground:comb_3|tileMap[94][0]                     ; Stuck at GND due to stuck port data_in      ;
; motorBack_Ground:comb_3|tileMap[95][6]                     ; Stuck at GND due to stuck port data_in      ;
; motorBack_Ground:comb_3|tileMap[95][4]                     ; Stuck at GND due to stuck port data_in      ;
; motorBack_Ground:comb_3|tileMap[95][1]                     ; Stuck at GND due to stuck port data_in      ;
; motorBack_Ground:comb_3|tileMap[95][0]                     ; Stuck at GND due to stuck port data_in      ;
; motorBack_Ground:comb_3|tileMap[96][6]                     ; Stuck at GND due to stuck port data_in      ;
; motorBack_Ground:comb_3|tileMap[96][4]                     ; Stuck at GND due to stuck port data_in      ;
; motorBack_Ground:comb_3|tileMap[96][1]                     ; Stuck at GND due to stuck port data_in      ;
; motorBack_Ground:comb_3|tileMap[96][0]                     ; Stuck at GND due to stuck port data_in      ;
; motorBack_Ground:comb_3|tileMap[97][6]                     ; Stuck at GND due to stuck port data_in      ;
; motorBack_Ground:comb_3|tileMap[97][4]                     ; Stuck at GND due to stuck port data_in      ;
; motorBack_Ground:comb_3|tileMap[97][1]                     ; Stuck at GND due to stuck port data_in      ;
; motorBack_Ground:comb_3|tileMap[97][0]                     ; Stuck at GND due to stuck port data_in      ;
; motorBack_Ground:comb_3|tileMap[98][6]                     ; Stuck at GND due to stuck port data_in      ;
; motorBack_Ground:comb_3|tileMap[98][4]                     ; Stuck at GND due to stuck port data_in      ;
; motorBack_Ground:comb_3|tileMap[98][1]                     ; Stuck at GND due to stuck port data_in      ;
; motorBack_Ground:comb_3|tileMap[98][0]                     ; Stuck at GND due to stuck port data_in      ;
; motorBack_Ground:comb_3|tileMap[99][6]                     ; Stuck at GND due to stuck port data_in      ;
; motorBack_Ground:comb_3|tileMap[99][4]                     ; Stuck at GND due to stuck port data_in      ;
; motorBack_Ground:comb_3|tileMap[99][1]                     ; Stuck at GND due to stuck port data_in      ;
; motorBack_Ground:comb_3|tileMap[99][0]                     ; Stuck at GND due to stuck port data_in      ;
; motorBack_Ground:comb_3|tileMap[100][6]                    ; Stuck at GND due to stuck port data_in      ;
; motorBack_Ground:comb_3|tileMap[100][4]                    ; Stuck at GND due to stuck port data_in      ;
; motorBack_Ground:comb_3|tileMap[100][1]                    ; Stuck at GND due to stuck port data_in      ;
; motorBack_Ground:comb_3|tileMap[100][0]                    ; Stuck at GND due to stuck port data_in      ;
; motorBack_Ground:comb_3|tileMap[101][6]                    ; Stuck at GND due to stuck port data_in      ;
; motorBack_Ground:comb_3|tileMap[101][4]                    ; Stuck at GND due to stuck port data_in      ;
; motorBack_Ground:comb_3|tileMap[101][1]                    ; Stuck at GND due to stuck port data_in      ;
; motorBack_Ground:comb_3|tileMap[101][0]                    ; Stuck at GND due to stuck port data_in      ;
; motorBack_Ground:comb_3|tileMap[102][6]                    ; Stuck at GND due to stuck port data_in      ;
; motorBack_Ground:comb_3|tileMap[102][4]                    ; Stuck at GND due to stuck port data_in      ;
; motorBack_Ground:comb_3|tileMap[102][1]                    ; Stuck at GND due to stuck port data_in      ;
; motorBack_Ground:comb_3|tileMap[102][0]                    ; Stuck at GND due to stuck port data_in      ;
; motorBack_Ground:comb_3|tileMap[103][6]                    ; Stuck at GND due to stuck port data_in      ;
; motorBack_Ground:comb_3|tileMap[103][4]                    ; Stuck at GND due to stuck port data_in      ;
; motorBack_Ground:comb_3|tileMap[103][1]                    ; Stuck at GND due to stuck port data_in      ;
; motorBack_Ground:comb_3|tileMap[103][0]                    ; Stuck at GND due to stuck port data_in      ;
; motorBack_Ground:comb_3|tileMap[104][6]                    ; Stuck at GND due to stuck port data_in      ;
; motorBack_Ground:comb_3|tileMap[104][4]                    ; Stuck at GND due to stuck port data_in      ;
; motorBack_Ground:comb_3|tileMap[104][1]                    ; Stuck at GND due to stuck port data_in      ;
; motorBack_Ground:comb_3|tileMap[104][0]                    ; Stuck at GND due to stuck port data_in      ;
; motorBack_Ground:comb_3|tileMap[105][6]                    ; Stuck at GND due to stuck port data_in      ;
; motorBack_Ground:comb_3|tileMap[105][4]                    ; Stuck at GND due to stuck port data_in      ;
; motorBack_Ground:comb_3|tileMap[105][1]                    ; Stuck at GND due to stuck port data_in      ;
; motorBack_Ground:comb_3|tileMap[105][0]                    ; Stuck at GND due to stuck port data_in      ;
; motorBack_Ground:comb_3|tileMap[106][6]                    ; Stuck at GND due to stuck port data_in      ;
; motorBack_Ground:comb_3|tileMap[106][4]                    ; Stuck at GND due to stuck port data_in      ;
; motorBack_Ground:comb_3|tileMap[106][1]                    ; Stuck at GND due to stuck port data_in      ;
; motorBack_Ground:comb_3|tileMap[106][0]                    ; Stuck at GND due to stuck port data_in      ;
; motorBack_Ground:comb_3|tileMap[107][6]                    ; Stuck at GND due to stuck port data_in      ;
; motorBack_Ground:comb_3|tileMap[107][4]                    ; Stuck at GND due to stuck port data_in      ;
; motorBack_Ground:comb_3|tileMap[107][1]                    ; Stuck at GND due to stuck port data_in      ;
; motorBack_Ground:comb_3|tileMap[107][0]                    ; Stuck at GND due to stuck port data_in      ;
; motorBack_Ground:comb_3|tileMap[108][6]                    ; Stuck at GND due to stuck port data_in      ;
; motorBack_Ground:comb_3|tileMap[108][4]                    ; Stuck at GND due to stuck port data_in      ;
; motorBack_Ground:comb_3|tileMap[108][1]                    ; Stuck at GND due to stuck port data_in      ;
; motorBack_Ground:comb_3|tileMap[108][0]                    ; Stuck at GND due to stuck port data_in      ;
; motorBack_Ground:comb_3|tileMap[109][6]                    ; Stuck at GND due to stuck port data_in      ;
; motorBack_Ground:comb_3|tileMap[109][4]                    ; Stuck at GND due to stuck port data_in      ;
; motorBack_Ground:comb_3|tileMap[109][1]                    ; Stuck at GND due to stuck port data_in      ;
; motorBack_Ground:comb_3|tileMap[109][0]                    ; Stuck at GND due to stuck port data_in      ;
; motorBack_Ground:comb_3|tileMap[110][6]                    ; Stuck at GND due to stuck port data_in      ;
; motorBack_Ground:comb_3|tileMap[110][4]                    ; Stuck at GND due to stuck port data_in      ;
; motorBack_Ground:comb_3|tileMap[110][1]                    ; Stuck at GND due to stuck port data_in      ;
; motorBack_Ground:comb_3|tileMap[110][0]                    ; Stuck at GND due to stuck port data_in      ;
; motorBack_Ground:comb_3|tileMap[111][6]                    ; Stuck at GND due to stuck port data_in      ;
; motorBack_Ground:comb_3|tileMap[111][4]                    ; Stuck at GND due to stuck port data_in      ;
; motorBack_Ground:comb_3|tileMap[111][1]                    ; Stuck at GND due to stuck port data_in      ;
; motorBack_Ground:comb_3|tileMap[111][0]                    ; Stuck at GND due to stuck port data_in      ;
; motorBack_Ground:comb_3|tileMap[112][6]                    ; Stuck at GND due to stuck port data_in      ;
; motorBack_Ground:comb_3|tileMap[112][4]                    ; Stuck at GND due to stuck port data_in      ;
; motorBack_Ground:comb_3|tileMap[112][1]                    ; Stuck at GND due to stuck port data_in      ;
; motorBack_Ground:comb_3|tileMap[112][0]                    ; Stuck at GND due to stuck port data_in      ;
; motorBack_Ground:comb_3|tileMap[113][6]                    ; Stuck at GND due to stuck port data_in      ;
; motorBack_Ground:comb_3|tileMap[113][4]                    ; Stuck at GND due to stuck port data_in      ;
; motorBack_Ground:comb_3|tileMap[113][1]                    ; Stuck at GND due to stuck port data_in      ;
; motorBack_Ground:comb_3|tileMap[113][0]                    ; Stuck at GND due to stuck port data_in      ;
; motorBack_Ground:comb_3|tileMap[114][6]                    ; Stuck at GND due to stuck port data_in      ;
; motorBack_Ground:comb_3|tileMap[114][4]                    ; Stuck at GND due to stuck port data_in      ;
; motorBack_Ground:comb_3|tileMap[114][1]                    ; Stuck at GND due to stuck port data_in      ;
; motorBack_Ground:comb_3|tileMap[114][0]                    ; Stuck at GND due to stuck port data_in      ;
; motorBack_Ground:comb_3|tileMap[115][6]                    ; Stuck at GND due to stuck port data_in      ;
; motorBack_Ground:comb_3|tileMap[115][4]                    ; Stuck at GND due to stuck port data_in      ;
; motorBack_Ground:comb_3|tileMap[115][1]                    ; Stuck at GND due to stuck port data_in      ;
; motorBack_Ground:comb_3|tileMap[115][0]                    ; Stuck at GND due to stuck port data_in      ;
; motorBack_Ground:comb_3|tileMap[116][6]                    ; Stuck at GND due to stuck port data_in      ;
; motorBack_Ground:comb_3|tileMap[116][4]                    ; Stuck at GND due to stuck port data_in      ;
; motorBack_Ground:comb_3|tileMap[116][1]                    ; Stuck at GND due to stuck port data_in      ;
; motorBack_Ground:comb_3|tileMap[116][0]                    ; Stuck at GND due to stuck port data_in      ;
; motorBack_Ground:comb_3|tileMap[117][6]                    ; Stuck at GND due to stuck port data_in      ;
; motorBack_Ground:comb_3|tileMap[117][4]                    ; Stuck at GND due to stuck port data_in      ;
; motorBack_Ground:comb_3|tileMap[117][1]                    ; Stuck at GND due to stuck port data_in      ;
; motorBack_Ground:comb_3|tileMap[117][0]                    ; Stuck at GND due to stuck port data_in      ;
; motorBack_Ground:comb_3|tileMap[118][6]                    ; Stuck at GND due to stuck port data_in      ;
; motorBack_Ground:comb_3|tileMap[118][4]                    ; Stuck at GND due to stuck port data_in      ;
; motorBack_Ground:comb_3|tileMap[118][1]                    ; Stuck at GND due to stuck port data_in      ;
; motorBack_Ground:comb_3|tileMap[118][0]                    ; Stuck at GND due to stuck port data_in      ;
; motorBack_Ground:comb_3|tileMap[119][6]                    ; Stuck at GND due to stuck port data_in      ;
; motorBack_Ground:comb_3|tileMap[119][4]                    ; Stuck at GND due to stuck port data_in      ;
; motorBack_Ground:comb_3|tileMap[119][1]                    ; Stuck at GND due to stuck port data_in      ;
; motorBack_Ground:comb_3|tileMap[119][0]                    ; Stuck at GND due to stuck port data_in      ;
; motorBack_Ground:comb_3|tileMap[120][6]                    ; Stuck at GND due to stuck port data_in      ;
; motorBack_Ground:comb_3|tileMap[120][4]                    ; Stuck at GND due to stuck port data_in      ;
; motorBack_Ground:comb_3|tileMap[120][1]                    ; Stuck at GND due to stuck port data_in      ;
; motorBack_Ground:comb_3|tileMap[120][0]                    ; Stuck at GND due to stuck port data_in      ;
; motorBack_Ground:comb_3|tileMap[121][6]                    ; Stuck at GND due to stuck port data_in      ;
; motorBack_Ground:comb_3|tileMap[121][4]                    ; Stuck at GND due to stuck port data_in      ;
; motorBack_Ground:comb_3|tileMap[121][1]                    ; Stuck at GND due to stuck port data_in      ;
; motorBack_Ground:comb_3|tileMap[121][0]                    ; Stuck at GND due to stuck port data_in      ;
; motorBack_Ground:comb_3|tileMap[122][6]                    ; Stuck at GND due to stuck port data_in      ;
; motorBack_Ground:comb_3|tileMap[122][4]                    ; Stuck at GND due to stuck port data_in      ;
; motorBack_Ground:comb_3|tileMap[122][1]                    ; Stuck at GND due to stuck port data_in      ;
; motorBack_Ground:comb_3|tileMap[122][0]                    ; Stuck at GND due to stuck port data_in      ;
; motorBack_Ground:comb_3|tileMap[123][6]                    ; Stuck at GND due to stuck port data_in      ;
; motorBack_Ground:comb_3|tileMap[123][4]                    ; Stuck at GND due to stuck port data_in      ;
; motorBack_Ground:comb_3|tileMap[123][1]                    ; Stuck at GND due to stuck port data_in      ;
; motorBack_Ground:comb_3|tileMap[123][0]                    ; Stuck at GND due to stuck port data_in      ;
; motorBack_Ground:comb_3|tileMap[124][6]                    ; Stuck at GND due to stuck port data_in      ;
; motorBack_Ground:comb_3|tileMap[124][4]                    ; Stuck at GND due to stuck port data_in      ;
; motorBack_Ground:comb_3|tileMap[124][1]                    ; Stuck at GND due to stuck port data_in      ;
; motorBack_Ground:comb_3|tileMap[124][0]                    ; Stuck at GND due to stuck port data_in      ;
; motorBack_Ground:comb_3|tileMap[125][6]                    ; Stuck at GND due to stuck port data_in      ;
; motorBack_Ground:comb_3|tileMap[125][4]                    ; Stuck at GND due to stuck port data_in      ;
; motorBack_Ground:comb_3|tileMap[125][1]                    ; Stuck at GND due to stuck port data_in      ;
; motorBack_Ground:comb_3|tileMap[125][0]                    ; Stuck at GND due to stuck port data_in      ;
; motorBack_Ground:comb_3|tileMap[126][6]                    ; Stuck at GND due to stuck port data_in      ;
; motorBack_Ground:comb_3|tileMap[126][4]                    ; Stuck at GND due to stuck port data_in      ;
; motorBack_Ground:comb_3|tileMap[126][1]                    ; Stuck at GND due to stuck port data_in      ;
; motorBack_Ground:comb_3|tileMap[126][0]                    ; Stuck at GND due to stuck port data_in      ;
; motorBack_Ground:comb_3|tileMap[127][6]                    ; Stuck at GND due to stuck port data_in      ;
; motorBack_Ground:comb_3|tileMap[127][4]                    ; Stuck at GND due to stuck port data_in      ;
; motorBack_Ground:comb_3|tileMap[127][1]                    ; Stuck at GND due to stuck port data_in      ;
; motorBack_Ground:comb_3|tileMap[127][0]                    ; Stuck at GND due to stuck port data_in      ;
; motorBack_Ground:comb_3|tileMap[128][6]                    ; Stuck at GND due to stuck port data_in      ;
; motorBack_Ground:comb_3|tileMap[128][4]                    ; Stuck at GND due to stuck port data_in      ;
; motorBack_Ground:comb_3|tileMap[128][1]                    ; Stuck at GND due to stuck port data_in      ;
; motorBack_Ground:comb_3|tileMap[128][0]                    ; Stuck at GND due to stuck port data_in      ;
; motorBack_Ground:comb_3|tileMap[129][6]                    ; Stuck at GND due to stuck port data_in      ;
; motorBack_Ground:comb_3|tileMap[129][4]                    ; Stuck at GND due to stuck port data_in      ;
; motorBack_Ground:comb_3|tileMap[129][1]                    ; Stuck at GND due to stuck port data_in      ;
; motorBack_Ground:comb_3|tileMap[129][0]                    ; Stuck at GND due to stuck port data_in      ;
; motorBack_Ground:comb_3|tileMap[130][6]                    ; Stuck at GND due to stuck port data_in      ;
; motorBack_Ground:comb_3|tileMap[130][4]                    ; Stuck at GND due to stuck port data_in      ;
; motorBack_Ground:comb_3|tileMap[130][1]                    ; Stuck at GND due to stuck port data_in      ;
; motorBack_Ground:comb_3|tileMap[130][0]                    ; Stuck at GND due to stuck port data_in      ;
; motorBack_Ground:comb_3|tileMap[131][6]                    ; Stuck at GND due to stuck port data_in      ;
; motorBack_Ground:comb_3|tileMap[131][4]                    ; Stuck at GND due to stuck port data_in      ;
; motorBack_Ground:comb_3|tileMap[131][1]                    ; Stuck at GND due to stuck port data_in      ;
; motorBack_Ground:comb_3|tileMap[131][0]                    ; Stuck at GND due to stuck port data_in      ;
; motorBack_Ground:comb_3|tileMap[132][6]                    ; Stuck at GND due to stuck port data_in      ;
; motorBack_Ground:comb_3|tileMap[132][4]                    ; Stuck at GND due to stuck port data_in      ;
; motorBack_Ground:comb_3|tileMap[132][1]                    ; Stuck at GND due to stuck port data_in      ;
; motorBack_Ground:comb_3|tileMap[132][0]                    ; Stuck at GND due to stuck port data_in      ;
; motorBack_Ground:comb_3|tileMap[133][6]                    ; Stuck at GND due to stuck port data_in      ;
; motorBack_Ground:comb_3|tileMap[133][4]                    ; Stuck at GND due to stuck port data_in      ;
; motorBack_Ground:comb_3|tileMap[133][1]                    ; Stuck at GND due to stuck port data_in      ;
; motorBack_Ground:comb_3|tileMap[133][0]                    ; Stuck at GND due to stuck port data_in      ;
; motorBack_Ground:comb_3|tileMap[134][6]                    ; Stuck at GND due to stuck port data_in      ;
; motorBack_Ground:comb_3|tileMap[134][4]                    ; Stuck at GND due to stuck port data_in      ;
; motorBack_Ground:comb_3|tileMap[134][1]                    ; Stuck at GND due to stuck port data_in      ;
; motorBack_Ground:comb_3|tileMap[134][0]                    ; Stuck at GND due to stuck port data_in      ;
; motorBack_Ground:comb_3|tileMap[135][6]                    ; Stuck at GND due to stuck port data_in      ;
; motorBack_Ground:comb_3|tileMap[135][4]                    ; Stuck at GND due to stuck port data_in      ;
; motorBack_Ground:comb_3|tileMap[135][1]                    ; Stuck at GND due to stuck port data_in      ;
; motorBack_Ground:comb_3|tileMap[135][0]                    ; Stuck at GND due to stuck port data_in      ;
; motorBack_Ground:comb_3|tileMap[136][6]                    ; Stuck at GND due to stuck port data_in      ;
; motorBack_Ground:comb_3|tileMap[136][4]                    ; Stuck at GND due to stuck port data_in      ;
; motorBack_Ground:comb_3|tileMap[136][1]                    ; Stuck at GND due to stuck port data_in      ;
; motorBack_Ground:comb_3|tileMap[136][0]                    ; Stuck at GND due to stuck port data_in      ;
; motorBack_Ground:comb_3|tileMap[137][6]                    ; Stuck at GND due to stuck port data_in      ;
; motorBack_Ground:comb_3|tileMap[137][4]                    ; Stuck at GND due to stuck port data_in      ;
; motorBack_Ground:comb_3|tileMap[137][1]                    ; Stuck at GND due to stuck port data_in      ;
; motorBack_Ground:comb_3|tileMap[137][0]                    ; Stuck at GND due to stuck port data_in      ;
; motorBack_Ground:comb_3|tileMap[138][6]                    ; Stuck at GND due to stuck port data_in      ;
; motorBack_Ground:comb_3|tileMap[138][4]                    ; Stuck at GND due to stuck port data_in      ;
; motorBack_Ground:comb_3|tileMap[138][1]                    ; Stuck at GND due to stuck port data_in      ;
; motorBack_Ground:comb_3|tileMap[138][0]                    ; Stuck at GND due to stuck port data_in      ;
; motorBack_Ground:comb_3|tileMap[139][6]                    ; Stuck at GND due to stuck port data_in      ;
; motorBack_Ground:comb_3|tileMap[139][4]                    ; Stuck at GND due to stuck port data_in      ;
; motorBack_Ground:comb_3|tileMap[139][1]                    ; Stuck at GND due to stuck port data_in      ;
; motorBack_Ground:comb_3|tileMap[139][0]                    ; Stuck at GND due to stuck port data_in      ;
; motorBack_Ground:comb_3|tileMap[140][6]                    ; Stuck at GND due to stuck port data_in      ;
; motorBack_Ground:comb_3|tileMap[140][4]                    ; Stuck at GND due to stuck port data_in      ;
; motorBack_Ground:comb_3|tileMap[140][1]                    ; Stuck at GND due to stuck port data_in      ;
; motorBack_Ground:comb_3|tileMap[140][0]                    ; Stuck at GND due to stuck port data_in      ;
; motorBack_Ground:comb_3|tileMap[141][6]                    ; Stuck at GND due to stuck port data_in      ;
; motorBack_Ground:comb_3|tileMap[141][4]                    ; Stuck at GND due to stuck port data_in      ;
; motorBack_Ground:comb_3|tileMap[141][1]                    ; Stuck at GND due to stuck port data_in      ;
; motorBack_Ground:comb_3|tileMap[141][0]                    ; Stuck at GND due to stuck port data_in      ;
; motorBack_Ground:comb_3|tileMap[142][6]                    ; Stuck at GND due to stuck port data_in      ;
; motorBack_Ground:comb_3|tileMap[142][4]                    ; Stuck at GND due to stuck port data_in      ;
; motorBack_Ground:comb_3|tileMap[142][1]                    ; Stuck at GND due to stuck port data_in      ;
; motorBack_Ground:comb_3|tileMap[142][0]                    ; Stuck at GND due to stuck port data_in      ;
; motorBack_Ground:comb_3|tileMap[143][6]                    ; Stuck at GND due to stuck port data_in      ;
; motorBack_Ground:comb_3|tileMap[143][4]                    ; Stuck at GND due to stuck port data_in      ;
; motorBack_Ground:comb_3|tileMap[143][1]                    ; Stuck at GND due to stuck port data_in      ;
; motorBack_Ground:comb_3|tileMap[143][0]                    ; Stuck at GND due to stuck port data_in      ;
; motorBack_Ground:comb_3|tileMap[144][6]                    ; Stuck at GND due to stuck port data_in      ;
; motorBack_Ground:comb_3|tileMap[144][4]                    ; Stuck at GND due to stuck port data_in      ;
; motorBack_Ground:comb_3|tileMap[144][1]                    ; Stuck at GND due to stuck port data_in      ;
; motorBack_Ground:comb_3|tileMap[144][0]                    ; Stuck at GND due to stuck port data_in      ;
; motorBack_Ground:comb_3|tileMap[145][6]                    ; Stuck at GND due to stuck port data_in      ;
; motorBack_Ground:comb_3|tileMap[145][4]                    ; Stuck at GND due to stuck port data_in      ;
; motorBack_Ground:comb_3|tileMap[145][1]                    ; Stuck at GND due to stuck port data_in      ;
; motorBack_Ground:comb_3|tileMap[145][0]                    ; Stuck at GND due to stuck port data_in      ;
; motorBack_Ground:comb_3|tileMap[146][6]                    ; Stuck at GND due to stuck port data_in      ;
; motorBack_Ground:comb_3|tileMap[146][4]                    ; Stuck at GND due to stuck port data_in      ;
; motorBack_Ground:comb_3|tileMap[146][1]                    ; Stuck at GND due to stuck port data_in      ;
; motorBack_Ground:comb_3|tileMap[146][0]                    ; Stuck at GND due to stuck port data_in      ;
; motorBack_Ground:comb_3|tileMap[147][6]                    ; Stuck at GND due to stuck port data_in      ;
; motorBack_Ground:comb_3|tileMap[147][4]                    ; Stuck at GND due to stuck port data_in      ;
; motorBack_Ground:comb_3|tileMap[147][1]                    ; Stuck at GND due to stuck port data_in      ;
; motorBack_Ground:comb_3|tileMap[147][0]                    ; Stuck at GND due to stuck port data_in      ;
; motorBack_Ground:comb_3|tileMap[148][6]                    ; Stuck at GND due to stuck port data_in      ;
; motorBack_Ground:comb_3|tileMap[148][4]                    ; Stuck at GND due to stuck port data_in      ;
; motorBack_Ground:comb_3|tileMap[148][1]                    ; Stuck at GND due to stuck port data_in      ;
; motorBack_Ground:comb_3|tileMap[148][0]                    ; Stuck at GND due to stuck port data_in      ;
; motorBack_Ground:comb_3|tileMap[149][6]                    ; Stuck at GND due to stuck port data_in      ;
; motorBack_Ground:comb_3|tileMap[149][4]                    ; Stuck at GND due to stuck port data_in      ;
; motorBack_Ground:comb_3|tileMap[149][1]                    ; Stuck at GND due to stuck port data_in      ;
; motorBack_Ground:comb_3|tileMap[149][0]                    ; Stuck at GND due to stuck port data_in      ;
; motorBack_Ground:comb_3|tileMap[150][6]                    ; Stuck at GND due to stuck port data_in      ;
; motorBack_Ground:comb_3|tileMap[150][4]                    ; Stuck at GND due to stuck port data_in      ;
; motorBack_Ground:comb_3|tileMap[150][1]                    ; Stuck at GND due to stuck port data_in      ;
; motorBack_Ground:comb_3|tileMap[150][0]                    ; Stuck at GND due to stuck port data_in      ;
; motorBack_Ground:comb_3|tileMap[151][6]                    ; Stuck at GND due to stuck port data_in      ;
; motorBack_Ground:comb_3|tileMap[151][4]                    ; Stuck at GND due to stuck port data_in      ;
; motorBack_Ground:comb_3|tileMap[151][1]                    ; Stuck at GND due to stuck port data_in      ;
; motorBack_Ground:comb_3|tileMap[151][0]                    ; Stuck at GND due to stuck port data_in      ;
; motorBack_Ground:comb_3|tileMap[152][6]                    ; Stuck at GND due to stuck port data_in      ;
; motorBack_Ground:comb_3|tileMap[152][4]                    ; Stuck at GND due to stuck port data_in      ;
; motorBack_Ground:comb_3|tileMap[152][1]                    ; Stuck at GND due to stuck port data_in      ;
; motorBack_Ground:comb_3|tileMap[152][0]                    ; Stuck at GND due to stuck port data_in      ;
; motorBack_Ground:comb_3|tileMap[153][6]                    ; Stuck at GND due to stuck port data_in      ;
; motorBack_Ground:comb_3|tileMap[153][4]                    ; Stuck at GND due to stuck port data_in      ;
; motorBack_Ground:comb_3|tileMap[153][1]                    ; Stuck at GND due to stuck port data_in      ;
; motorBack_Ground:comb_3|tileMap[153][0]                    ; Stuck at GND due to stuck port data_in      ;
; motorBack_Ground:comb_3|tileMap[154][6]                    ; Stuck at GND due to stuck port data_in      ;
; motorBack_Ground:comb_3|tileMap[154][4]                    ; Stuck at GND due to stuck port data_in      ;
; motorBack_Ground:comb_3|tileMap[154][1]                    ; Stuck at GND due to stuck port data_in      ;
; motorBack_Ground:comb_3|tileMap[154][0]                    ; Stuck at GND due to stuck port data_in      ;
; motorBack_Ground:comb_3|tileMap[155][6]                    ; Stuck at GND due to stuck port data_in      ;
; motorBack_Ground:comb_3|tileMap[155][4]                    ; Stuck at GND due to stuck port data_in      ;
; motorBack_Ground:comb_3|tileMap[155][1]                    ; Stuck at GND due to stuck port data_in      ;
; motorBack_Ground:comb_3|tileMap[155][0]                    ; Stuck at GND due to stuck port data_in      ;
; motorBack_Ground:comb_3|tileMap[156][6]                    ; Stuck at GND due to stuck port data_in      ;
; motorBack_Ground:comb_3|tileMap[156][4]                    ; Stuck at GND due to stuck port data_in      ;
; motorBack_Ground:comb_3|tileMap[156][1]                    ; Stuck at GND due to stuck port data_in      ;
; motorBack_Ground:comb_3|tileMap[156][0]                    ; Stuck at GND due to stuck port data_in      ;
; motorBack_Ground:comb_3|tileMap[157][6]                    ; Stuck at GND due to stuck port data_in      ;
; motorBack_Ground:comb_3|tileMap[157][4]                    ; Stuck at GND due to stuck port data_in      ;
; motorBack_Ground:comb_3|tileMap[157][1]                    ; Stuck at GND due to stuck port data_in      ;
; motorBack_Ground:comb_3|tileMap[157][0]                    ; Stuck at GND due to stuck port data_in      ;
; motorBack_Ground:comb_3|tileMap[158][6]                    ; Stuck at GND due to stuck port data_in      ;
; motorBack_Ground:comb_3|tileMap[158][4]                    ; Stuck at GND due to stuck port data_in      ;
; motorBack_Ground:comb_3|tileMap[158][1]                    ; Stuck at GND due to stuck port data_in      ;
; motorBack_Ground:comb_3|tileMap[158][0]                    ; Stuck at GND due to stuck port data_in      ;
; motorBack_Ground:comb_3|tileMap[159][6]                    ; Stuck at GND due to stuck port data_in      ;
; motorBack_Ground:comb_3|tileMap[159][4]                    ; Stuck at GND due to stuck port data_in      ;
; motorBack_Ground:comb_3|tileMap[159][1]                    ; Stuck at GND due to stuck port data_in      ;
; motorBack_Ground:comb_3|tileMap[159][0]                    ; Stuck at GND due to stuck port data_in      ;
; motorBack_Ground:comb_3|tileMap[160][6]                    ; Stuck at GND due to stuck port data_in      ;
; motorBack_Ground:comb_3|tileMap[160][4]                    ; Stuck at GND due to stuck port data_in      ;
; motorBack_Ground:comb_3|tileMap[160][1]                    ; Stuck at GND due to stuck port data_in      ;
; motorBack_Ground:comb_3|tileMap[160][0]                    ; Stuck at GND due to stuck port data_in      ;
; motorBack_Ground:comb_3|tileMap[161][6]                    ; Stuck at GND due to stuck port data_in      ;
; motorBack_Ground:comb_3|tileMap[161][4]                    ; Stuck at GND due to stuck port data_in      ;
; motorBack_Ground:comb_3|tileMap[161][1]                    ; Stuck at GND due to stuck port data_in      ;
; motorBack_Ground:comb_3|tileMap[161][0]                    ; Stuck at GND due to stuck port data_in      ;
; motorBack_Ground:comb_3|tileMap[162][6]                    ; Stuck at GND due to stuck port data_in      ;
; motorBack_Ground:comb_3|tileMap[162][4]                    ; Stuck at GND due to stuck port data_in      ;
; motorBack_Ground:comb_3|tileMap[162][1]                    ; Stuck at GND due to stuck port data_in      ;
; motorBack_Ground:comb_3|tileMap[162][0]                    ; Stuck at GND due to stuck port data_in      ;
; motorBack_Ground:comb_3|tileMap[163][6]                    ; Stuck at GND due to stuck port data_in      ;
; motorBack_Ground:comb_3|tileMap[163][4]                    ; Stuck at GND due to stuck port data_in      ;
; motorBack_Ground:comb_3|tileMap[163][1]                    ; Stuck at GND due to stuck port data_in      ;
; motorBack_Ground:comb_3|tileMap[163][0]                    ; Stuck at GND due to stuck port data_in      ;
; motorBack_Ground:comb_3|tileMap[164][6]                    ; Stuck at GND due to stuck port data_in      ;
; motorBack_Ground:comb_3|tileMap[164][4]                    ; Stuck at GND due to stuck port data_in      ;
; motorBack_Ground:comb_3|tileMap[164][1]                    ; Stuck at GND due to stuck port data_in      ;
; motorBack_Ground:comb_3|tileMap[164][0]                    ; Stuck at GND due to stuck port data_in      ;
; motorBack_Ground:comb_3|tileMap[165][6]                    ; Stuck at GND due to stuck port data_in      ;
; motorBack_Ground:comb_3|tileMap[165][4]                    ; Stuck at GND due to stuck port data_in      ;
; motorBack_Ground:comb_3|tileMap[165][1]                    ; Stuck at GND due to stuck port data_in      ;
; motorBack_Ground:comb_3|tileMap[165][0]                    ; Stuck at GND due to stuck port data_in      ;
; motorBack_Ground:comb_3|tileMap[166][6]                    ; Stuck at GND due to stuck port data_in      ;
; motorBack_Ground:comb_3|tileMap[166][4]                    ; Stuck at GND due to stuck port data_in      ;
; motorBack_Ground:comb_3|tileMap[166][1]                    ; Stuck at GND due to stuck port data_in      ;
; motorBack_Ground:comb_3|tileMap[166][0]                    ; Stuck at GND due to stuck port data_in      ;
; motorBack_Ground:comb_3|tileMap[167][6]                    ; Stuck at GND due to stuck port data_in      ;
; motorBack_Ground:comb_3|tileMap[167][4]                    ; Stuck at GND due to stuck port data_in      ;
; motorBack_Ground:comb_3|tileMap[167][1]                    ; Stuck at GND due to stuck port data_in      ;
; motorBack_Ground:comb_3|tileMap[167][0]                    ; Stuck at GND due to stuck port data_in      ;
; motorBack_Ground:comb_3|tileMap[168][6]                    ; Stuck at GND due to stuck port data_in      ;
; motorBack_Ground:comb_3|tileMap[168][4]                    ; Stuck at GND due to stuck port data_in      ;
; motorBack_Ground:comb_3|tileMap[168][1]                    ; Stuck at GND due to stuck port data_in      ;
; motorBack_Ground:comb_3|tileMap[168][0]                    ; Stuck at GND due to stuck port data_in      ;
; motorBack_Ground:comb_3|tileMap[169][6]                    ; Stuck at GND due to stuck port data_in      ;
; motorBack_Ground:comb_3|tileMap[169][4]                    ; Stuck at GND due to stuck port data_in      ;
; motorBack_Ground:comb_3|tileMap[169][1]                    ; Stuck at GND due to stuck port data_in      ;
; motorBack_Ground:comb_3|tileMap[169][0]                    ; Stuck at GND due to stuck port data_in      ;
; motorBack_Ground:comb_3|tileMap[170][6]                    ; Stuck at GND due to stuck port data_in      ;
; motorBack_Ground:comb_3|tileMap[170][4]                    ; Stuck at GND due to stuck port data_in      ;
; motorBack_Ground:comb_3|tileMap[170][1]                    ; Stuck at GND due to stuck port data_in      ;
; motorBack_Ground:comb_3|tileMap[170][0]                    ; Stuck at GND due to stuck port data_in      ;
; motorBack_Ground:comb_3|tileMap[171][6]                    ; Stuck at GND due to stuck port data_in      ;
; motorBack_Ground:comb_3|tileMap[171][4]                    ; Stuck at GND due to stuck port data_in      ;
; motorBack_Ground:comb_3|tileMap[171][1]                    ; Stuck at GND due to stuck port data_in      ;
; motorBack_Ground:comb_3|tileMap[171][0]                    ; Stuck at GND due to stuck port data_in      ;
; motorBack_Ground:comb_3|tileMap[172][6]                    ; Stuck at GND due to stuck port data_in      ;
; motorBack_Ground:comb_3|tileMap[172][4]                    ; Stuck at GND due to stuck port data_in      ;
; motorBack_Ground:comb_3|tileMap[172][1]                    ; Stuck at GND due to stuck port data_in      ;
; motorBack_Ground:comb_3|tileMap[172][0]                    ; Stuck at GND due to stuck port data_in      ;
; motorBack_Ground:comb_3|tileMap[173][6]                    ; Stuck at GND due to stuck port data_in      ;
; motorBack_Ground:comb_3|tileMap[173][4]                    ; Stuck at GND due to stuck port data_in      ;
; motorBack_Ground:comb_3|tileMap[173][1]                    ; Stuck at GND due to stuck port data_in      ;
; motorBack_Ground:comb_3|tileMap[173][0]                    ; Stuck at GND due to stuck port data_in      ;
; motorBack_Ground:comb_3|tileMap[174][6]                    ; Stuck at GND due to stuck port data_in      ;
; motorBack_Ground:comb_3|tileMap[174][4]                    ; Stuck at GND due to stuck port data_in      ;
; motorBack_Ground:comb_3|tileMap[174][1]                    ; Stuck at GND due to stuck port data_in      ;
; motorBack_Ground:comb_3|tileMap[174][0]                    ; Stuck at GND due to stuck port data_in      ;
; motorBack_Ground:comb_3|tileMap[175][6]                    ; Stuck at GND due to stuck port data_in      ;
; motorBack_Ground:comb_3|tileMap[175][4]                    ; Stuck at GND due to stuck port data_in      ;
; motorBack_Ground:comb_3|tileMap[175][1]                    ; Stuck at GND due to stuck port data_in      ;
; motorBack_Ground:comb_3|tileMap[175][0]                    ; Stuck at GND due to stuck port data_in      ;
; motorBack_Ground:comb_3|tileMap[176][6]                    ; Stuck at GND due to stuck port data_in      ;
; motorBack_Ground:comb_3|tileMap[176][4]                    ; Stuck at GND due to stuck port data_in      ;
; motorBack_Ground:comb_3|tileMap[176][1]                    ; Stuck at GND due to stuck port data_in      ;
; motorBack_Ground:comb_3|tileMap[176][0]                    ; Stuck at GND due to stuck port data_in      ;
; motorBack_Ground:comb_3|tileMap[177][6]                    ; Stuck at GND due to stuck port data_in      ;
; motorBack_Ground:comb_3|tileMap[177][4]                    ; Stuck at GND due to stuck port data_in      ;
; motorBack_Ground:comb_3|tileMap[177][1]                    ; Stuck at GND due to stuck port data_in      ;
; motorBack_Ground:comb_3|tileMap[177][0]                    ; Stuck at GND due to stuck port data_in      ;
; motorBack_Ground:comb_3|tileMap[178][6]                    ; Stuck at GND due to stuck port data_in      ;
; motorBack_Ground:comb_3|tileMap[178][4]                    ; Stuck at GND due to stuck port data_in      ;
; motorBack_Ground:comb_3|tileMap[178][1]                    ; Stuck at GND due to stuck port data_in      ;
; motorBack_Ground:comb_3|tileMap[178][0]                    ; Stuck at GND due to stuck port data_in      ;
; motorBack_Ground:comb_3|tileMap[179][6]                    ; Stuck at GND due to stuck port data_in      ;
; motorBack_Ground:comb_3|tileMap[179][4]                    ; Stuck at GND due to stuck port data_in      ;
; motorBack_Ground:comb_3|tileMap[179][1]                    ; Stuck at GND due to stuck port data_in      ;
; motorBack_Ground:comb_3|tileMap[179][0]                    ; Stuck at GND due to stuck port data_in      ;
; motorBack_Ground:comb_3|tileMap[180][6]                    ; Stuck at GND due to stuck port data_in      ;
; motorBack_Ground:comb_3|tileMap[180][4]                    ; Stuck at GND due to stuck port data_in      ;
; motorBack_Ground:comb_3|tileMap[180][1]                    ; Stuck at GND due to stuck port data_in      ;
; motorBack_Ground:comb_3|tileMap[180][0]                    ; Stuck at GND due to stuck port data_in      ;
; motorBack_Ground:comb_3|tileMap[181][6]                    ; Stuck at GND due to stuck port data_in      ;
; motorBack_Ground:comb_3|tileMap[181][4]                    ; Stuck at GND due to stuck port data_in      ;
; motorBack_Ground:comb_3|tileMap[181][1]                    ; Stuck at GND due to stuck port data_in      ;
; motorBack_Ground:comb_3|tileMap[181][0]                    ; Stuck at GND due to stuck port data_in      ;
; motorBack_Ground:comb_3|tileMap[182][6]                    ; Stuck at GND due to stuck port data_in      ;
; motorBack_Ground:comb_3|tileMap[182][4]                    ; Stuck at GND due to stuck port data_in      ;
; motorBack_Ground:comb_3|tileMap[182][1]                    ; Stuck at GND due to stuck port data_in      ;
; motorBack_Ground:comb_3|tileMap[182][0]                    ; Stuck at GND due to stuck port data_in      ;
; motorBack_Ground:comb_3|tileMap[183][6]                    ; Stuck at GND due to stuck port data_in      ;
; motorBack_Ground:comb_3|tileMap[183][4]                    ; Stuck at GND due to stuck port data_in      ;
; motorBack_Ground:comb_3|tileMap[183][1]                    ; Stuck at GND due to stuck port data_in      ;
; motorBack_Ground:comb_3|tileMap[183][0]                    ; Stuck at GND due to stuck port data_in      ;
; motorBack_Ground:comb_3|tileMap[184][6]                    ; Stuck at GND due to stuck port data_in      ;
; motorBack_Ground:comb_3|tileMap[184][4]                    ; Stuck at GND due to stuck port data_in      ;
; motorBack_Ground:comb_3|tileMap[184][1]                    ; Stuck at GND due to stuck port data_in      ;
; motorBack_Ground:comb_3|tileMap[184][0]                    ; Stuck at GND due to stuck port data_in      ;
; motorBack_Ground:comb_3|tileMap[185][6]                    ; Stuck at GND due to stuck port data_in      ;
; motorBack_Ground:comb_3|tileMap[185][4]                    ; Stuck at GND due to stuck port data_in      ;
; motorBack_Ground:comb_3|tileMap[185][1]                    ; Stuck at GND due to stuck port data_in      ;
; motorBack_Ground:comb_3|tileMap[185][0]                    ; Stuck at GND due to stuck port data_in      ;
; motorBack_Ground:comb_3|tileMap[186][6]                    ; Stuck at GND due to stuck port data_in      ;
; motorBack_Ground:comb_3|tileMap[186][4]                    ; Stuck at GND due to stuck port data_in      ;
; motorBack_Ground:comb_3|tileMap[186][1]                    ; Stuck at GND due to stuck port data_in      ;
; motorBack_Ground:comb_3|tileMap[186][0]                    ; Stuck at GND due to stuck port data_in      ;
; motorBack_Ground:comb_3|tileMap[187][6]                    ; Stuck at GND due to stuck port data_in      ;
; motorBack_Ground:comb_3|tileMap[187][4]                    ; Stuck at GND due to stuck port data_in      ;
; motorBack_Ground:comb_3|tileMap[187][1]                    ; Stuck at GND due to stuck port data_in      ;
; motorBack_Ground:comb_3|tileMap[187][0]                    ; Stuck at GND due to stuck port data_in      ;
; motorBack_Ground:comb_3|tileMap[188][6]                    ; Stuck at GND due to stuck port data_in      ;
; motorBack_Ground:comb_3|tileMap[188][4]                    ; Stuck at GND due to stuck port data_in      ;
; motorBack_Ground:comb_3|tileMap[188][1]                    ; Stuck at GND due to stuck port data_in      ;
; motorBack_Ground:comb_3|tileMap[188][0]                    ; Stuck at GND due to stuck port data_in      ;
; motorBack_Ground:comb_3|tileMap[189][6]                    ; Stuck at GND due to stuck port data_in      ;
; motorBack_Ground:comb_3|tileMap[189][4]                    ; Stuck at GND due to stuck port data_in      ;
; motorBack_Ground:comb_3|tileMap[189][1]                    ; Stuck at GND due to stuck port data_in      ;
; motorBack_Ground:comb_3|tileMap[189][0]                    ; Stuck at GND due to stuck port data_in      ;
; motorBack_Ground:comb_3|tileMap[190][6]                    ; Stuck at GND due to stuck port data_in      ;
; motorBack_Ground:comb_3|tileMap[190][4]                    ; Stuck at GND due to stuck port data_in      ;
; motorBack_Ground:comb_3|tileMap[190][1]                    ; Stuck at GND due to stuck port data_in      ;
; motorBack_Ground:comb_3|tileMap[190][0]                    ; Stuck at GND due to stuck port data_in      ;
; motorBack_Ground:comb_3|tileMap[191][6]                    ; Stuck at GND due to stuck port data_in      ;
; motorBack_Ground:comb_3|tileMap[191][4]                    ; Stuck at GND due to stuck port data_in      ;
; motorBack_Ground:comb_3|tileMap[191][1]                    ; Stuck at GND due to stuck port data_in      ;
; motorBack_Ground:comb_3|tileMap[191][0]                    ; Stuck at GND due to stuck port data_in      ;
; motorBack_Ground:comb_3|tileMap[192][6]                    ; Stuck at GND due to stuck port data_in      ;
; motorBack_Ground:comb_3|tileMap[192][4]                    ; Stuck at GND due to stuck port data_in      ;
; motorBack_Ground:comb_3|tileMap[192][1]                    ; Stuck at GND due to stuck port data_in      ;
; motorBack_Ground:comb_3|tileMap[192][0]                    ; Stuck at GND due to stuck port data_in      ;
; motorBack_Ground:comb_3|tileMap[193][6]                    ; Stuck at GND due to stuck port data_in      ;
; motorBack_Ground:comb_3|tileMap[193][4]                    ; Stuck at GND due to stuck port data_in      ;
; motorBack_Ground:comb_3|tileMap[193][1]                    ; Stuck at GND due to stuck port data_in      ;
; motorBack_Ground:comb_3|tileMap[193][0]                    ; Stuck at GND due to stuck port data_in      ;
; motorBack_Ground:comb_3|tileMap[194][6]                    ; Stuck at GND due to stuck port data_in      ;
; motorBack_Ground:comb_3|tileMap[194][4]                    ; Stuck at GND due to stuck port data_in      ;
; motorBack_Ground:comb_3|tileMap[194][1]                    ; Stuck at GND due to stuck port data_in      ;
; motorBack_Ground:comb_3|tileMap[194][0]                    ; Stuck at GND due to stuck port data_in      ;
; motorBack_Ground:comb_3|tileMap[195][6]                    ; Stuck at GND due to stuck port data_in      ;
; motorBack_Ground:comb_3|tileMap[195][4]                    ; Stuck at GND due to stuck port data_in      ;
; motorBack_Ground:comb_3|tileMap[195][1]                    ; Stuck at GND due to stuck port data_in      ;
; motorBack_Ground:comb_3|tileMap[195][0]                    ; Stuck at GND due to stuck port data_in      ;
; motorBack_Ground:comb_3|tileMap[196][6]                    ; Stuck at GND due to stuck port data_in      ;
; motorBack_Ground:comb_3|tileMap[196][4]                    ; Stuck at GND due to stuck port data_in      ;
; motorBack_Ground:comb_3|tileMap[196][1]                    ; Stuck at GND due to stuck port data_in      ;
; motorBack_Ground:comb_3|tileMap[196][0]                    ; Stuck at GND due to stuck port data_in      ;
; motorBack_Ground:comb_3|tileMap[197][6]                    ; Stuck at GND due to stuck port data_in      ;
; motorBack_Ground:comb_3|tileMap[197][4]                    ; Stuck at GND due to stuck port data_in      ;
; motorBack_Ground:comb_3|tileMap[197][1]                    ; Stuck at GND due to stuck port data_in      ;
; motorBack_Ground:comb_3|tileMap[197][0]                    ; Stuck at GND due to stuck port data_in      ;
; motorBack_Ground:comb_3|tileMap[198][6]                    ; Stuck at GND due to stuck port data_in      ;
; motorBack_Ground:comb_3|tileMap[198][4]                    ; Stuck at GND due to stuck port data_in      ;
; motorBack_Ground:comb_3|tileMap[198][1]                    ; Stuck at GND due to stuck port data_in      ;
; motorBack_Ground:comb_3|tileMap[198][0]                    ; Stuck at GND due to stuck port data_in      ;
; motorBack_Ground:comb_3|tileMap[199][6]                    ; Stuck at GND due to stuck port data_in      ;
; motorBack_Ground:comb_3|tileMap[199][4]                    ; Stuck at GND due to stuck port data_in      ;
; motorBack_Ground:comb_3|tileMap[199][1]                    ; Stuck at GND due to stuck port data_in      ;
; motorBack_Ground:comb_3|tileMap[199][0]                    ; Stuck at GND due to stuck port data_in      ;
; motorBack_Ground:comb_3|tileMap[200][6]                    ; Stuck at GND due to stuck port data_in      ;
; motorBack_Ground:comb_3|tileMap[200][4]                    ; Stuck at GND due to stuck port data_in      ;
; motorBack_Ground:comb_3|tileMap[200][1]                    ; Stuck at GND due to stuck port data_in      ;
; motorBack_Ground:comb_3|tileMap[200][0]                    ; Stuck at GND due to stuck port data_in      ;
; motorBack_Ground:comb_3|tileMap[201][6]                    ; Stuck at GND due to stuck port data_in      ;
; motorBack_Ground:comb_3|tileMap[201][4]                    ; Stuck at GND due to stuck port data_in      ;
; motorBack_Ground:comb_3|tileMap[201][1]                    ; Stuck at GND due to stuck port data_in      ;
; motorBack_Ground:comb_3|tileMap[201][0]                    ; Stuck at GND due to stuck port data_in      ;
; motorBack_Ground:comb_3|tileMap[202][6]                    ; Stuck at GND due to stuck port data_in      ;
; motorBack_Ground:comb_3|tileMap[202][4]                    ; Stuck at GND due to stuck port data_in      ;
; motorBack_Ground:comb_3|tileMap[202][1]                    ; Stuck at GND due to stuck port data_in      ;
; motorBack_Ground:comb_3|tileMap[202][0]                    ; Stuck at GND due to stuck port data_in      ;
; motorBack_Ground:comb_3|tileMap[203][6]                    ; Stuck at GND due to stuck port data_in      ;
; motorBack_Ground:comb_3|tileMap[203][4]                    ; Stuck at GND due to stuck port data_in      ;
; motorBack_Ground:comb_3|tileMap[203][1]                    ; Stuck at GND due to stuck port data_in      ;
; motorBack_Ground:comb_3|tileMap[203][0]                    ; Stuck at GND due to stuck port data_in      ;
; motorBack_Ground:comb_3|tileMap[204][6]                    ; Stuck at GND due to stuck port data_in      ;
; motorBack_Ground:comb_3|tileMap[204][4]                    ; Stuck at GND due to stuck port data_in      ;
; motorBack_Ground:comb_3|tileMap[204][1]                    ; Stuck at GND due to stuck port data_in      ;
; motorBack_Ground:comb_3|tileMap[204][0]                    ; Stuck at GND due to stuck port data_in      ;
; motorBack_Ground:comb_3|tileMap[205][6]                    ; Stuck at GND due to stuck port data_in      ;
; motorBack_Ground:comb_3|tileMap[205][4]                    ; Stuck at GND due to stuck port data_in      ;
; motorBack_Ground:comb_3|tileMap[205][1]                    ; Stuck at GND due to stuck port data_in      ;
; motorBack_Ground:comb_3|tileMap[205][0]                    ; Stuck at GND due to stuck port data_in      ;
; motorBack_Ground:comb_3|tileMap[206][6]                    ; Stuck at GND due to stuck port data_in      ;
; motorBack_Ground:comb_3|tileMap[206][4]                    ; Stuck at GND due to stuck port data_in      ;
; motorBack_Ground:comb_3|tileMap[206][1]                    ; Stuck at GND due to stuck port data_in      ;
; motorBack_Ground:comb_3|tileMap[206][0]                    ; Stuck at GND due to stuck port data_in      ;
; motorBack_Ground:comb_3|tileMap[207][6]                    ; Stuck at GND due to stuck port data_in      ;
; motorBack_Ground:comb_3|tileMap[207][4]                    ; Stuck at GND due to stuck port data_in      ;
; motorBack_Ground:comb_3|tileMap[207][1]                    ; Stuck at GND due to stuck port data_in      ;
; motorBack_Ground:comb_3|tileMap[207][0]                    ; Stuck at GND due to stuck port data_in      ;
; motorBack_Ground:comb_3|tileMap[208][6]                    ; Stuck at GND due to stuck port data_in      ;
; motorBack_Ground:comb_3|tileMap[208][4]                    ; Stuck at GND due to stuck port data_in      ;
; motorBack_Ground:comb_3|tileMap[208][1]                    ; Stuck at GND due to stuck port data_in      ;
; motorBack_Ground:comb_3|tileMap[208][0]                    ; Stuck at GND due to stuck port data_in      ;
; motorBack_Ground:comb_3|tileMap[209][6]                    ; Stuck at GND due to stuck port data_in      ;
; motorBack_Ground:comb_3|tileMap[209][4]                    ; Stuck at GND due to stuck port data_in      ;
; motorBack_Ground:comb_3|tileMap[209][1]                    ; Stuck at GND due to stuck port data_in      ;
; motorBack_Ground:comb_3|tileMap[209][0]                    ; Stuck at GND due to stuck port data_in      ;
; motorBack_Ground:comb_3|tileMap[210][6]                    ; Stuck at GND due to stuck port data_in      ;
; motorBack_Ground:comb_3|tileMap[210][4]                    ; Stuck at GND due to stuck port data_in      ;
; motorBack_Ground:comb_3|tileMap[210][1]                    ; Stuck at GND due to stuck port data_in      ;
; motorBack_Ground:comb_3|tileMap[210][0]                    ; Stuck at GND due to stuck port data_in      ;
; motorBack_Ground:comb_3|tileMap[211][6]                    ; Stuck at GND due to stuck port data_in      ;
; motorBack_Ground:comb_3|tileMap[211][4]                    ; Stuck at GND due to stuck port data_in      ;
; motorBack_Ground:comb_3|tileMap[211][1]                    ; Stuck at GND due to stuck port data_in      ;
; motorBack_Ground:comb_3|tileMap[211][0]                    ; Stuck at GND due to stuck port data_in      ;
; motorBack_Ground:comb_3|tileMap[212][6]                    ; Stuck at GND due to stuck port data_in      ;
; motorBack_Ground:comb_3|tileMap[212][4]                    ; Stuck at GND due to stuck port data_in      ;
; motorBack_Ground:comb_3|tileMap[212][1]                    ; Stuck at GND due to stuck port data_in      ;
; motorBack_Ground:comb_3|tileMap[212][0]                    ; Stuck at GND due to stuck port data_in      ;
; motorBack_Ground:comb_3|tileMap[213][6]                    ; Stuck at GND due to stuck port data_in      ;
; motorBack_Ground:comb_3|tileMap[213][4]                    ; Stuck at GND due to stuck port data_in      ;
; motorBack_Ground:comb_3|tileMap[213][1]                    ; Stuck at GND due to stuck port data_in      ;
; motorBack_Ground:comb_3|tileMap[213][0]                    ; Stuck at GND due to stuck port data_in      ;
; motorBack_Ground:comb_3|tileMap[214][6]                    ; Stuck at GND due to stuck port data_in      ;
; motorBack_Ground:comb_3|tileMap[214][4]                    ; Stuck at GND due to stuck port data_in      ;
; motorBack_Ground:comb_3|tileMap[214][1]                    ; Stuck at GND due to stuck port data_in      ;
; motorBack_Ground:comb_3|tileMap[214][0]                    ; Stuck at GND due to stuck port data_in      ;
; motorBack_Ground:comb_3|tileMap[215][6]                    ; Stuck at GND due to stuck port data_in      ;
; motorBack_Ground:comb_3|tileMap[215][4]                    ; Stuck at GND due to stuck port data_in      ;
; motorBack_Ground:comb_3|tileMap[215][1]                    ; Stuck at GND due to stuck port data_in      ;
; motorBack_Ground:comb_3|tileMap[215][0]                    ; Stuck at GND due to stuck port data_in      ;
; motorBack_Ground:comb_3|tileMap[216][6]                    ; Stuck at GND due to stuck port data_in      ;
; motorBack_Ground:comb_3|tileMap[216][4]                    ; Stuck at GND due to stuck port data_in      ;
; motorBack_Ground:comb_3|tileMap[216][1]                    ; Stuck at GND due to stuck port data_in      ;
; motorBack_Ground:comb_3|tileMap[216][0]                    ; Stuck at GND due to stuck port data_in      ;
; motorBack_Ground:comb_3|tileMap[217][6]                    ; Stuck at GND due to stuck port data_in      ;
; motorBack_Ground:comb_3|tileMap[217][4]                    ; Stuck at GND due to stuck port data_in      ;
; motorBack_Ground:comb_3|tileMap[217][1]                    ; Stuck at GND due to stuck port data_in      ;
; motorBack_Ground:comb_3|tileMap[217][0]                    ; Stuck at GND due to stuck port data_in      ;
; motorBack_Ground:comb_3|tileMap[218][6]                    ; Stuck at GND due to stuck port data_in      ;
; motorBack_Ground:comb_3|tileMap[218][4]                    ; Stuck at GND due to stuck port data_in      ;
; motorBack_Ground:comb_3|tileMap[218][1]                    ; Stuck at GND due to stuck port data_in      ;
; motorBack_Ground:comb_3|tileMap[218][0]                    ; Stuck at GND due to stuck port data_in      ;
; motorBack_Ground:comb_3|tileMap[219][6]                    ; Stuck at GND due to stuck port data_in      ;
; motorBack_Ground:comb_3|tileMap[219][4]                    ; Stuck at GND due to stuck port data_in      ;
; motorBack_Ground:comb_3|tileMap[219][1]                    ; Stuck at GND due to stuck port data_in      ;
; motorBack_Ground:comb_3|tileMap[219][0]                    ; Stuck at GND due to stuck port data_in      ;
; motorBack_Ground:comb_3|tileMap[220][6]                    ; Stuck at GND due to stuck port data_in      ;
; motorBack_Ground:comb_3|tileMap[220][4]                    ; Stuck at GND due to stuck port data_in      ;
; motorBack_Ground:comb_3|tileMap[220][1]                    ; Stuck at GND due to stuck port data_in      ;
; motorBack_Ground:comb_3|tileMap[220][0]                    ; Stuck at GND due to stuck port data_in      ;
; motorBack_Ground:comb_3|tileMap[221][6]                    ; Stuck at GND due to stuck port data_in      ;
; motorBack_Ground:comb_3|tileMap[221][4]                    ; Stuck at GND due to stuck port data_in      ;
; motorBack_Ground:comb_3|tileMap[221][1]                    ; Stuck at GND due to stuck port data_in      ;
; motorBack_Ground:comb_3|tileMap[221][0]                    ; Stuck at GND due to stuck port data_in      ;
; motorBack_Ground:comb_3|tileMap[222][6]                    ; Stuck at GND due to stuck port data_in      ;
; motorBack_Ground:comb_3|tileMap[222][4]                    ; Stuck at GND due to stuck port data_in      ;
; motorBack_Ground:comb_3|tileMap[222][1]                    ; Stuck at GND due to stuck port data_in      ;
; motorBack_Ground:comb_3|tileMap[222][0]                    ; Stuck at GND due to stuck port data_in      ;
; motorBack_Ground:comb_3|tileMap[223][6]                    ; Stuck at GND due to stuck port data_in      ;
; motorBack_Ground:comb_3|tileMap[223][4]                    ; Stuck at GND due to stuck port data_in      ;
; motorBack_Ground:comb_3|tileMap[223][1]                    ; Stuck at GND due to stuck port data_in      ;
; motorBack_Ground:comb_3|tileMap[223][0]                    ; Stuck at GND due to stuck port data_in      ;
; motorBack_Ground:comb_3|tileMap[224][6]                    ; Stuck at GND due to stuck port data_in      ;
; motorBack_Ground:comb_3|tileMap[224][4]                    ; Stuck at GND due to stuck port data_in      ;
; motorBack_Ground:comb_3|tileMap[224][1]                    ; Stuck at GND due to stuck port data_in      ;
; motorBack_Ground:comb_3|tileMap[224][0]                    ; Stuck at GND due to stuck port data_in      ;
; motorBack_Ground:comb_3|tileMap[225][6]                    ; Stuck at GND due to stuck port data_in      ;
; motorBack_Ground:comb_3|tileMap[225][4]                    ; Stuck at GND due to stuck port data_in      ;
; motorBack_Ground:comb_3|tileMap[225][1]                    ; Stuck at GND due to stuck port data_in      ;
; motorBack_Ground:comb_3|tileMap[225][0]                    ; Stuck at GND due to stuck port data_in      ;
; motorBack_Ground:comb_3|tileMap[226][6]                    ; Stuck at GND due to stuck port data_in      ;
; motorBack_Ground:comb_3|tileMap[226][4]                    ; Stuck at GND due to stuck port data_in      ;
; motorBack_Ground:comb_3|tileMap[226][1]                    ; Stuck at GND due to stuck port data_in      ;
; motorBack_Ground:comb_3|tileMap[226][0]                    ; Stuck at GND due to stuck port data_in      ;
; motorBack_Ground:comb_3|tileMap[227][6]                    ; Stuck at GND due to stuck port data_in      ;
; motorBack_Ground:comb_3|tileMap[227][4]                    ; Stuck at GND due to stuck port data_in      ;
; motorBack_Ground:comb_3|tileMap[227][1]                    ; Stuck at GND due to stuck port data_in      ;
; motorBack_Ground:comb_3|tileMap[227][0]                    ; Stuck at GND due to stuck port data_in      ;
; motorBack_Ground:comb_3|tileMap[228][6]                    ; Stuck at GND due to stuck port data_in      ;
; motorBack_Ground:comb_3|tileMap[228][4]                    ; Stuck at GND due to stuck port data_in      ;
; motorBack_Ground:comb_3|tileMap[228][1]                    ; Stuck at GND due to stuck port data_in      ;
; motorBack_Ground:comb_3|tileMap[228][0]                    ; Stuck at GND due to stuck port data_in      ;
; motorBack_Ground:comb_3|tileMap[229][6]                    ; Stuck at GND due to stuck port data_in      ;
; motorBack_Ground:comb_3|tileMap[229][4]                    ; Stuck at GND due to stuck port data_in      ;
; motorBack_Ground:comb_3|tileMap[229][1]                    ; Stuck at GND due to stuck port data_in      ;
; motorBack_Ground:comb_3|tileMap[229][0]                    ; Stuck at GND due to stuck port data_in      ;
; motorBack_Ground:comb_3|tileMap[230][6]                    ; Stuck at GND due to stuck port data_in      ;
; motorBack_Ground:comb_3|tileMap[230][4]                    ; Stuck at GND due to stuck port data_in      ;
; motorBack_Ground:comb_3|tileMap[230][1]                    ; Stuck at GND due to stuck port data_in      ;
; motorBack_Ground:comb_3|tileMap[230][0]                    ; Stuck at GND due to stuck port data_in      ;
; motorBack_Ground:comb_3|tileMap[231][6]                    ; Stuck at GND due to stuck port data_in      ;
; motorBack_Ground:comb_3|tileMap[231][4]                    ; Stuck at GND due to stuck port data_in      ;
; motorBack_Ground:comb_3|tileMap[231][1]                    ; Stuck at GND due to stuck port data_in      ;
; motorBack_Ground:comb_3|tileMap[231][0]                    ; Stuck at GND due to stuck port data_in      ;
; motorBack_Ground:comb_3|tileMap[232][6]                    ; Stuck at GND due to stuck port data_in      ;
; motorBack_Ground:comb_3|tileMap[232][4]                    ; Stuck at GND due to stuck port data_in      ;
; motorBack_Ground:comb_3|tileMap[232][1]                    ; Stuck at GND due to stuck port data_in      ;
; motorBack_Ground:comb_3|tileMap[232][0]                    ; Stuck at GND due to stuck port data_in      ;
; motorBack_Ground:comb_3|tileMap[233][6]                    ; Stuck at GND due to stuck port data_in      ;
; motorBack_Ground:comb_3|tileMap[233][4]                    ; Stuck at GND due to stuck port data_in      ;
; motorBack_Ground:comb_3|tileMap[233][1]                    ; Stuck at GND due to stuck port data_in      ;
; motorBack_Ground:comb_3|tileMap[233][0]                    ; Stuck at GND due to stuck port data_in      ;
; motorBack_Ground:comb_3|tileMap[234][6]                    ; Stuck at GND due to stuck port data_in      ;
; motorBack_Ground:comb_3|tileMap[234][4]                    ; Stuck at GND due to stuck port data_in      ;
; motorBack_Ground:comb_3|tileMap[234][1]                    ; Stuck at GND due to stuck port data_in      ;
; motorBack_Ground:comb_3|tileMap[234][0]                    ; Stuck at GND due to stuck port data_in      ;
; motorBack_Ground:comb_3|tileMap[235][6]                    ; Stuck at GND due to stuck port data_in      ;
; motorBack_Ground:comb_3|tileMap[235][4]                    ; Stuck at GND due to stuck port data_in      ;
; motorBack_Ground:comb_3|tileMap[235][1]                    ; Stuck at GND due to stuck port data_in      ;
; motorBack_Ground:comb_3|tileMap[235][0]                    ; Stuck at GND due to stuck port data_in      ;
; motorBack_Ground:comb_3|tileMap[236][6]                    ; Stuck at GND due to stuck port data_in      ;
; motorBack_Ground:comb_3|tileMap[236][4]                    ; Stuck at GND due to stuck port data_in      ;
; motorBack_Ground:comb_3|tileMap[236][1]                    ; Stuck at GND due to stuck port data_in      ;
; motorBack_Ground:comb_3|tileMap[236][0]                    ; Stuck at GND due to stuck port data_in      ;
; motorBack_Ground:comb_3|tileMap[237][6]                    ; Stuck at GND due to stuck port data_in      ;
; motorBack_Ground:comb_3|tileMap[237][4]                    ; Stuck at GND due to stuck port data_in      ;
; motorBack_Ground:comb_3|tileMap[237][1]                    ; Stuck at GND due to stuck port data_in      ;
; motorBack_Ground:comb_3|tileMap[237][0]                    ; Stuck at GND due to stuck port data_in      ;
; motorBack_Ground:comb_3|tileMap[238][6]                    ; Stuck at GND due to stuck port data_in      ;
; motorBack_Ground:comb_3|tileMap[238][4]                    ; Stuck at GND due to stuck port data_in      ;
; motorBack_Ground:comb_3|tileMap[238][1]                    ; Stuck at GND due to stuck port data_in      ;
; motorBack_Ground:comb_3|tileMap[238][0]                    ; Stuck at GND due to stuck port data_in      ;
; motorBack_Ground:comb_3|tileMap[239][6]                    ; Stuck at GND due to stuck port data_in      ;
; motorBack_Ground:comb_3|tileMap[239][4]                    ; Stuck at GND due to stuck port data_in      ;
; motorBack_Ground:comb_3|tileMap[239][1]                    ; Stuck at GND due to stuck port data_in      ;
; motorBack_Ground:comb_3|tileMap[239][0]                    ; Stuck at GND due to stuck port data_in      ;
; motorBack_Ground:comb_3|tileMap[240][6]                    ; Stuck at GND due to stuck port data_in      ;
; motorBack_Ground:comb_3|tileMap[240][4]                    ; Stuck at GND due to stuck port data_in      ;
; motorBack_Ground:comb_3|tileMap[240][1]                    ; Stuck at GND due to stuck port data_in      ;
; motorBack_Ground:comb_3|tileMap[240][0]                    ; Stuck at GND due to stuck port data_in      ;
; motorBack_Ground:comb_3|tileMap[241][6]                    ; Stuck at GND due to stuck port data_in      ;
; motorBack_Ground:comb_3|tileMap[241][4]                    ; Stuck at GND due to stuck port data_in      ;
; motorBack_Ground:comb_3|tileMap[241][1]                    ; Stuck at GND due to stuck port data_in      ;
; motorBack_Ground:comb_3|tileMap[241][0]                    ; Stuck at GND due to stuck port data_in      ;
; motorBack_Ground:comb_3|tileMap[242][6]                    ; Stuck at GND due to stuck port data_in      ;
; motorBack_Ground:comb_3|tileMap[242][4]                    ; Stuck at GND due to stuck port data_in      ;
; motorBack_Ground:comb_3|tileMap[242][1]                    ; Stuck at GND due to stuck port data_in      ;
; motorBack_Ground:comb_3|tileMap[242][0]                    ; Stuck at GND due to stuck port data_in      ;
; motorBack_Ground:comb_3|tileMap[243][6]                    ; Stuck at GND due to stuck port data_in      ;
; motorBack_Ground:comb_3|tileMap[243][4]                    ; Stuck at GND due to stuck port data_in      ;
; motorBack_Ground:comb_3|tileMap[243][1]                    ; Stuck at GND due to stuck port data_in      ;
; motorBack_Ground:comb_3|tileMap[243][0]                    ; Stuck at GND due to stuck port data_in      ;
; motorBack_Ground:comb_3|tileMap[244][6]                    ; Stuck at GND due to stuck port data_in      ;
; motorBack_Ground:comb_3|tileMap[244][4]                    ; Stuck at GND due to stuck port data_in      ;
; motorBack_Ground:comb_3|tileMap[244][1]                    ; Stuck at GND due to stuck port data_in      ;
; motorBack_Ground:comb_3|tileMap[244][0]                    ; Stuck at GND due to stuck port data_in      ;
; motorBack_Ground:comb_3|tileMap[245][6]                    ; Stuck at GND due to stuck port data_in      ;
; motorBack_Ground:comb_3|tileMap[245][4]                    ; Stuck at GND due to stuck port data_in      ;
; motorBack_Ground:comb_3|tileMap[245][1]                    ; Stuck at GND due to stuck port data_in      ;
; motorBack_Ground:comb_3|tileMap[245][0]                    ; Stuck at GND due to stuck port data_in      ;
; motorBack_Ground:comb_3|tileMap[246][6]                    ; Stuck at GND due to stuck port data_in      ;
; motorBack_Ground:comb_3|tileMap[246][4]                    ; Stuck at GND due to stuck port data_in      ;
; motorBack_Ground:comb_3|tileMap[246][1]                    ; Stuck at GND due to stuck port data_in      ;
; motorBack_Ground:comb_3|tileMap[246][0]                    ; Stuck at GND due to stuck port data_in      ;
; motorBack_Ground:comb_3|tileMap[247][6]                    ; Stuck at GND due to stuck port data_in      ;
; motorBack_Ground:comb_3|tileMap[247][4]                    ; Stuck at GND due to stuck port data_in      ;
; motorBack_Ground:comb_3|tileMap[247][1]                    ; Stuck at GND due to stuck port data_in      ;
; motorBack_Ground:comb_3|tileMap[247][0]                    ; Stuck at GND due to stuck port data_in      ;
; motorBack_Ground:comb_3|tileMap[248][6]                    ; Stuck at GND due to stuck port data_in      ;
; motorBack_Ground:comb_3|tileMap[248][4]                    ; Stuck at GND due to stuck port data_in      ;
; motorBack_Ground:comb_3|tileMap[248][1]                    ; Stuck at GND due to stuck port data_in      ;
; motorBack_Ground:comb_3|tileMap[248][0]                    ; Stuck at GND due to stuck port data_in      ;
; motorBack_Ground:comb_3|tileMap[249][6]                    ; Stuck at GND due to stuck port data_in      ;
; motorBack_Ground:comb_3|tileMap[249][4]                    ; Stuck at GND due to stuck port data_in      ;
; motorBack_Ground:comb_3|tileMap[249][1]                    ; Stuck at GND due to stuck port data_in      ;
; motorBack_Ground:comb_3|tileMap[249][0]                    ; Stuck at GND due to stuck port data_in      ;
; motorBack_Ground:comb_3|tileMap[250][6]                    ; Stuck at GND due to stuck port data_in      ;
; motorBack_Ground:comb_3|tileMap[250][4]                    ; Stuck at GND due to stuck port data_in      ;
; motorBack_Ground:comb_3|tileMap[250][1]                    ; Stuck at GND due to stuck port data_in      ;
; motorBack_Ground:comb_3|tileMap[250][0]                    ; Stuck at GND due to stuck port data_in      ;
; motorBack_Ground:comb_3|tileMap[251][6]                    ; Stuck at GND due to stuck port data_in      ;
; motorBack_Ground:comb_3|tileMap[251][4]                    ; Stuck at GND due to stuck port data_in      ;
; motorBack_Ground:comb_3|tileMap[251][1]                    ; Stuck at GND due to stuck port data_in      ;
; motorBack_Ground:comb_3|tileMap[251][0]                    ; Stuck at GND due to stuck port data_in      ;
; motorBack_Ground:comb_3|tileMap[252][6]                    ; Stuck at GND due to stuck port data_in      ;
; motorBack_Ground:comb_3|tileMap[252][4]                    ; Stuck at GND due to stuck port data_in      ;
; motorBack_Ground:comb_3|tileMap[252][1]                    ; Stuck at GND due to stuck port data_in      ;
; motorBack_Ground:comb_3|tileMap[252][0]                    ; Stuck at GND due to stuck port data_in      ;
; motorBack_Ground:comb_3|tileMap[253][6]                    ; Stuck at GND due to stuck port data_in      ;
; motorBack_Ground:comb_3|tileMap[253][4]                    ; Stuck at GND due to stuck port data_in      ;
; motorBack_Ground:comb_3|tileMap[253][1]                    ; Stuck at GND due to stuck port data_in      ;
; motorBack_Ground:comb_3|tileMap[253][0]                    ; Stuck at GND due to stuck port data_in      ;
; motorBack_Ground:comb_3|tileMap[254][6]                    ; Stuck at GND due to stuck port data_in      ;
; motorBack_Ground:comb_3|tileMap[254][4]                    ; Stuck at GND due to stuck port data_in      ;
; motorBack_Ground:comb_3|tileMap[254][1]                    ; Stuck at GND due to stuck port data_in      ;
; motorBack_Ground:comb_3|tileMap[254][0]                    ; Stuck at GND due to stuck port data_in      ;
; motorBack_Ground:comb_3|tileMap[255][6]                    ; Stuck at GND due to stuck port data_in      ;
; motorBack_Ground:comb_3|tileMap[255][4]                    ; Stuck at GND due to stuck port data_in      ;
; motorBack_Ground:comb_3|tileMap[255][1]                    ; Stuck at GND due to stuck port data_in      ;
; motorBack_Ground:comb_3|tileMap[255][0]                    ; Stuck at GND due to stuck port data_in      ;
; motorBack_Ground:comb_3|tileMap[256][6]                    ; Stuck at GND due to stuck port data_in      ;
; motorBack_Ground:comb_3|tileMap[256][4]                    ; Stuck at GND due to stuck port data_in      ;
; motorBack_Ground:comb_3|tileMap[256][1]                    ; Stuck at GND due to stuck port data_in      ;
; motorBack_Ground:comb_3|tileMap[256][0]                    ; Stuck at GND due to stuck port data_in      ;
; motorBack_Ground:comb_3|tileMap[257][6]                    ; Stuck at GND due to stuck port data_in      ;
; motorBack_Ground:comb_3|tileMap[257][4]                    ; Stuck at GND due to stuck port data_in      ;
; motorBack_Ground:comb_3|tileMap[257][1]                    ; Stuck at GND due to stuck port data_in      ;
; motorBack_Ground:comb_3|tileMap[257][0]                    ; Stuck at GND due to stuck port data_in      ;
; motorBack_Ground:comb_3|tileMap[258][6]                    ; Stuck at GND due to stuck port data_in      ;
; motorBack_Ground:comb_3|tileMap[258][4]                    ; Stuck at GND due to stuck port data_in      ;
; motorBack_Ground:comb_3|tileMap[258][1]                    ; Stuck at GND due to stuck port data_in      ;
; motorBack_Ground:comb_3|tileMap[258][0]                    ; Stuck at GND due to stuck port data_in      ;
; motorBack_Ground:comb_3|tileMap[259][6]                    ; Stuck at GND due to stuck port data_in      ;
; motorBack_Ground:comb_3|tileMap[259][4]                    ; Stuck at GND due to stuck port data_in      ;
; motorBack_Ground:comb_3|tileMap[259][1]                    ; Stuck at GND due to stuck port data_in      ;
; motorBack_Ground:comb_3|tileMap[259][0]                    ; Stuck at GND due to stuck port data_in      ;
; motorBack_Ground:comb_3|tileMap[260][6]                    ; Stuck at GND due to stuck port data_in      ;
; motorBack_Ground:comb_3|tileMap[260][4]                    ; Stuck at GND due to stuck port data_in      ;
; motorBack_Ground:comb_3|tileMap[260][1]                    ; Stuck at GND due to stuck port data_in      ;
; motorBack_Ground:comb_3|tileMap[260][0]                    ; Stuck at GND due to stuck port data_in      ;
; motorBack_Ground:comb_3|tileMap[261][6]                    ; Stuck at GND due to stuck port data_in      ;
; motorBack_Ground:comb_3|tileMap[261][4]                    ; Stuck at GND due to stuck port data_in      ;
; motorBack_Ground:comb_3|tileMap[261][1]                    ; Stuck at GND due to stuck port data_in      ;
; motorBack_Ground:comb_3|tileMap[261][0]                    ; Stuck at GND due to stuck port data_in      ;
; motorBack_Ground:comb_3|tileMap[262][6]                    ; Stuck at GND due to stuck port data_in      ;
; motorBack_Ground:comb_3|tileMap[262][4]                    ; Stuck at GND due to stuck port data_in      ;
; motorBack_Ground:comb_3|tileMap[262][1]                    ; Stuck at GND due to stuck port data_in      ;
; motorBack_Ground:comb_3|tileMap[262][0]                    ; Stuck at GND due to stuck port data_in      ;
; motorBack_Ground:comb_3|tileMap[263][6]                    ; Stuck at GND due to stuck port data_in      ;
; motorBack_Ground:comb_3|tileMap[263][4]                    ; Stuck at GND due to stuck port data_in      ;
; motorBack_Ground:comb_3|tileMap[263][1]                    ; Stuck at GND due to stuck port data_in      ;
; motorBack_Ground:comb_3|tileMap[263][0]                    ; Stuck at GND due to stuck port data_in      ;
; motorBack_Ground:comb_3|tileMap[264][6]                    ; Stuck at GND due to stuck port data_in      ;
; motorBack_Ground:comb_3|tileMap[264][4]                    ; Stuck at GND due to stuck port data_in      ;
; motorBack_Ground:comb_3|tileMap[264][1]                    ; Stuck at GND due to stuck port data_in      ;
; motorBack_Ground:comb_3|tileMap[264][0]                    ; Stuck at GND due to stuck port data_in      ;
; motorBack_Ground:comb_3|tileMap[265][6]                    ; Stuck at GND due to stuck port data_in      ;
; motorBack_Ground:comb_3|tileMap[265][4]                    ; Stuck at GND due to stuck port data_in      ;
; motorBack_Ground:comb_3|tileMap[265][1]                    ; Stuck at GND due to stuck port data_in      ;
; motorBack_Ground:comb_3|tileMap[265][0]                    ; Stuck at GND due to stuck port data_in      ;
; motorBack_Ground:comb_3|tileMap[266][6]                    ; Stuck at GND due to stuck port data_in      ;
; motorBack_Ground:comb_3|tileMap[266][4]                    ; Stuck at GND due to stuck port data_in      ;
; motorBack_Ground:comb_3|tileMap[266][1]                    ; Stuck at GND due to stuck port data_in      ;
; motorBack_Ground:comb_3|tileMap[266][0]                    ; Stuck at GND due to stuck port data_in      ;
; motorBack_Ground:comb_3|tileMap[267][6]                    ; Stuck at GND due to stuck port data_in      ;
; motorBack_Ground:comb_3|tileMap[267][4]                    ; Stuck at GND due to stuck port data_in      ;
; motorBack_Ground:comb_3|tileMap[267][1]                    ; Stuck at GND due to stuck port data_in      ;
; motorBack_Ground:comb_3|tileMap[267][0]                    ; Stuck at GND due to stuck port data_in      ;
; motorBack_Ground:comb_3|tileMap[268][6]                    ; Stuck at GND due to stuck port data_in      ;
; motorBack_Ground:comb_3|tileMap[268][4]                    ; Stuck at GND due to stuck port data_in      ;
; motorBack_Ground:comb_3|tileMap[268][1]                    ; Stuck at GND due to stuck port data_in      ;
; motorBack_Ground:comb_3|tileMap[268][0]                    ; Stuck at GND due to stuck port data_in      ;
; motorBack_Ground:comb_3|tileMap[269][6]                    ; Stuck at GND due to stuck port data_in      ;
; motorBack_Ground:comb_3|tileMap[269][4]                    ; Stuck at GND due to stuck port data_in      ;
; motorBack_Ground:comb_3|tileMap[269][1]                    ; Stuck at GND due to stuck port data_in      ;
; motorBack_Ground:comb_3|tileMap[269][0]                    ; Stuck at GND due to stuck port data_in      ;
; motorBack_Ground:comb_3|tileMap[270][6]                    ; Stuck at GND due to stuck port data_in      ;
; motorBack_Ground:comb_3|tileMap[270][4]                    ; Stuck at GND due to stuck port data_in      ;
; motorBack_Ground:comb_3|tileMap[270][1]                    ; Stuck at GND due to stuck port data_in      ;
; motorBack_Ground:comb_3|tileMap[270][0]                    ; Stuck at GND due to stuck port data_in      ;
; motorBack_Ground:comb_3|tileMap[271][6]                    ; Stuck at GND due to stuck port data_in      ;
; motorBack_Ground:comb_3|tileMap[271][4]                    ; Stuck at GND due to stuck port data_in      ;
; motorBack_Ground:comb_3|tileMap[271][1]                    ; Stuck at GND due to stuck port data_in      ;
; motorBack_Ground:comb_3|tileMap[271][0]                    ; Stuck at GND due to stuck port data_in      ;
; motorBack_Ground:comb_3|tileMap[272][6]                    ; Stuck at GND due to stuck port data_in      ;
; motorBack_Ground:comb_3|tileMap[272][4]                    ; Stuck at GND due to stuck port data_in      ;
; motorBack_Ground:comb_3|tileMap[272][1]                    ; Stuck at GND due to stuck port data_in      ;
; motorBack_Ground:comb_3|tileMap[272][0]                    ; Stuck at GND due to stuck port data_in      ;
; motorBack_Ground:comb_3|tileMap[273][6]                    ; Stuck at GND due to stuck port data_in      ;
; motorBack_Ground:comb_3|tileMap[273][4]                    ; Stuck at GND due to stuck port data_in      ;
; motorBack_Ground:comb_3|tileMap[273][1]                    ; Stuck at GND due to stuck port data_in      ;
; motorBack_Ground:comb_3|tileMap[273][0]                    ; Stuck at GND due to stuck port data_in      ;
; motorBack_Ground:comb_3|tileMap[274][6]                    ; Stuck at GND due to stuck port data_in      ;
; motorBack_Ground:comb_3|tileMap[274][4]                    ; Stuck at GND due to stuck port data_in      ;
; motorBack_Ground:comb_3|tileMap[274][1]                    ; Stuck at GND due to stuck port data_in      ;
; motorBack_Ground:comb_3|tileMap[274][0]                    ; Stuck at GND due to stuck port data_in      ;
; motorBack_Ground:comb_3|tileMap[275][6]                    ; Stuck at GND due to stuck port data_in      ;
; motorBack_Ground:comb_3|tileMap[275][4]                    ; Stuck at GND due to stuck port data_in      ;
; motorBack_Ground:comb_3|tileMap[275][1]                    ; Stuck at GND due to stuck port data_in      ;
; motorBack_Ground:comb_3|tileMap[275][0]                    ; Stuck at GND due to stuck port data_in      ;
; motorBack_Ground:comb_3|tileMap[276][6]                    ; Stuck at GND due to stuck port data_in      ;
; motorBack_Ground:comb_3|tileMap[276][4]                    ; Stuck at GND due to stuck port data_in      ;
; motorBack_Ground:comb_3|tileMap[276][1]                    ; Stuck at GND due to stuck port data_in      ;
; motorBack_Ground:comb_3|tileMap[276][0]                    ; Stuck at GND due to stuck port data_in      ;
; motorBack_Ground:comb_3|tileMap[277][6]                    ; Stuck at GND due to stuck port data_in      ;
; motorBack_Ground:comb_3|tileMap[277][4]                    ; Stuck at GND due to stuck port data_in      ;
; motorBack_Ground:comb_3|tileMap[277][1]                    ; Stuck at GND due to stuck port data_in      ;
; motorBack_Ground:comb_3|tileMap[277][0]                    ; Stuck at GND due to stuck port data_in      ;
; motorBack_Ground:comb_3|tileMap[278][6]                    ; Stuck at GND due to stuck port data_in      ;
; motorBack_Ground:comb_3|tileMap[278][4]                    ; Stuck at GND due to stuck port data_in      ;
; motorBack_Ground:comb_3|tileMap[278][1]                    ; Stuck at GND due to stuck port data_in      ;
; motorBack_Ground:comb_3|tileMap[278][0]                    ; Stuck at GND due to stuck port data_in      ;
; motorBack_Ground:comb_3|tileMap[279][6]                    ; Stuck at GND due to stuck port data_in      ;
; motorBack_Ground:comb_3|tileMap[279][4]                    ; Stuck at GND due to stuck port data_in      ;
; motorBack_Ground:comb_3|tileMap[279][1]                    ; Stuck at GND due to stuck port data_in      ;
; motorBack_Ground:comb_3|tileMap[279][0]                    ; Stuck at GND due to stuck port data_in      ;
; motorBack_Ground:comb_3|tileMap[280][6]                    ; Stuck at GND due to stuck port data_in      ;
; motorBack_Ground:comb_3|tileMap[280][4]                    ; Stuck at GND due to stuck port data_in      ;
; motorBack_Ground:comb_3|tileMap[280][1]                    ; Stuck at GND due to stuck port data_in      ;
; motorBack_Ground:comb_3|tileMap[280][0]                    ; Stuck at GND due to stuck port data_in      ;
; motorBack_Ground:comb_3|tileMap[281][6]                    ; Stuck at GND due to stuck port data_in      ;
; motorBack_Ground:comb_3|tileMap[281][4]                    ; Stuck at GND due to stuck port data_in      ;
; motorBack_Ground:comb_3|tileMap[281][1]                    ; Stuck at GND due to stuck port data_in      ;
; motorBack_Ground:comb_3|tileMap[281][0]                    ; Stuck at GND due to stuck port data_in      ;
; motorBack_Ground:comb_3|tileMap[282][6]                    ; Stuck at GND due to stuck port data_in      ;
; motorBack_Ground:comb_3|tileMap[282][4]                    ; Stuck at GND due to stuck port data_in      ;
; motorBack_Ground:comb_3|tileMap[282][1]                    ; Stuck at GND due to stuck port data_in      ;
; motorBack_Ground:comb_3|tileMap[282][0]                    ; Stuck at GND due to stuck port data_in      ;
; motorBack_Ground:comb_3|tileMap[283][6]                    ; Stuck at GND due to stuck port data_in      ;
; motorBack_Ground:comb_3|tileMap[283][4]                    ; Stuck at GND due to stuck port data_in      ;
; motorBack_Ground:comb_3|tileMap[283][1]                    ; Stuck at GND due to stuck port data_in      ;
; motorBack_Ground:comb_3|tileMap[283][0]                    ; Stuck at GND due to stuck port data_in      ;
; motorBack_Ground:comb_3|tileMap[284][6]                    ; Stuck at GND due to stuck port data_in      ;
; motorBack_Ground:comb_3|tileMap[284][4]                    ; Stuck at GND due to stuck port data_in      ;
; motorBack_Ground:comb_3|tileMap[284][1]                    ; Stuck at GND due to stuck port data_in      ;
; motorBack_Ground:comb_3|tileMap[284][0]                    ; Stuck at GND due to stuck port data_in      ;
; motorBack_Ground:comb_3|tileMap[285][6]                    ; Stuck at GND due to stuck port data_in      ;
; motorBack_Ground:comb_3|tileMap[285][4]                    ; Stuck at GND due to stuck port data_in      ;
; motorBack_Ground:comb_3|tileMap[285][1]                    ; Stuck at GND due to stuck port data_in      ;
; motorBack_Ground:comb_3|tileMap[285][0]                    ; Stuck at GND due to stuck port data_in      ;
; motorBack_Ground:comb_3|tileMap[286][6]                    ; Stuck at GND due to stuck port data_in      ;
; motorBack_Ground:comb_3|tileMap[286][4]                    ; Stuck at GND due to stuck port data_in      ;
; motorBack_Ground:comb_3|tileMap[286][1]                    ; Stuck at GND due to stuck port data_in      ;
; motorBack_Ground:comb_3|tileMap[286][0]                    ; Stuck at GND due to stuck port data_in      ;
; motorBack_Ground:comb_3|tileMap[287][6]                    ; Stuck at GND due to stuck port data_in      ;
; motorBack_Ground:comb_3|tileMap[287][4]                    ; Stuck at GND due to stuck port data_in      ;
; motorBack_Ground:comb_3|tileMap[287][1]                    ; Stuck at GND due to stuck port data_in      ;
; motorBack_Ground:comb_3|tileMap[287][0]                    ; Stuck at GND due to stuck port data_in      ;
; motorBack_Ground:comb_3|tileMap[288][6]                    ; Stuck at GND due to stuck port data_in      ;
; motorBack_Ground:comb_3|tileMap[288][4]                    ; Stuck at GND due to stuck port data_in      ;
; motorBack_Ground:comb_3|tileMap[288][1]                    ; Stuck at GND due to stuck port data_in      ;
; motorBack_Ground:comb_3|tileMap[288][0]                    ; Stuck at GND due to stuck port data_in      ;
; motorBack_Ground:comb_3|tileMap[289][6]                    ; Stuck at GND due to stuck port data_in      ;
; motorBack_Ground:comb_3|tileMap[289][4]                    ; Stuck at GND due to stuck port data_in      ;
; motorBack_Ground:comb_3|tileMap[289][1]                    ; Stuck at GND due to stuck port data_in      ;
; motorBack_Ground:comb_3|tileMap[289][0]                    ; Stuck at GND due to stuck port data_in      ;
; motorBack_Ground:comb_3|tileMap[290][6]                    ; Stuck at GND due to stuck port data_in      ;
; motorBack_Ground:comb_3|tileMap[290][4]                    ; Stuck at GND due to stuck port data_in      ;
; motorBack_Ground:comb_3|tileMap[290][1]                    ; Stuck at GND due to stuck port data_in      ;
; motorBack_Ground:comb_3|tileMap[290][0]                    ; Stuck at GND due to stuck port data_in      ;
; motorBack_Ground:comb_3|tileMap[291][6]                    ; Stuck at GND due to stuck port data_in      ;
; motorBack_Ground:comb_3|tileMap[291][4]                    ; Stuck at GND due to stuck port data_in      ;
; motorBack_Ground:comb_3|tileMap[291][1]                    ; Stuck at GND due to stuck port data_in      ;
; motorBack_Ground:comb_3|tileMap[291][0]                    ; Stuck at GND due to stuck port data_in      ;
; motorBack_Ground:comb_3|tileMap[292][6]                    ; Stuck at GND due to stuck port data_in      ;
; motorBack_Ground:comb_3|tileMap[292][4]                    ; Stuck at GND due to stuck port data_in      ;
; motorBack_Ground:comb_3|tileMap[292][1]                    ; Stuck at GND due to stuck port data_in      ;
; motorBack_Ground:comb_3|tileMap[292][0]                    ; Stuck at GND due to stuck port data_in      ;
; motorBack_Ground:comb_3|tileMap[293][6]                    ; Stuck at GND due to stuck port data_in      ;
; motorBack_Ground:comb_3|tileMap[293][4]                    ; Stuck at GND due to stuck port data_in      ;
; motorBack_Ground:comb_3|tileMap[293][1]                    ; Stuck at GND due to stuck port data_in      ;
; motorBack_Ground:comb_3|tileMap[293][0]                    ; Stuck at GND due to stuck port data_in      ;
; motorBack_Ground:comb_3|tileMap[294][6]                    ; Stuck at GND due to stuck port data_in      ;
; motorBack_Ground:comb_3|tileMap[294][4]                    ; Stuck at GND due to stuck port data_in      ;
; motorBack_Ground:comb_3|tileMap[294][1]                    ; Stuck at GND due to stuck port data_in      ;
; motorBack_Ground:comb_3|tileMap[294][0]                    ; Stuck at GND due to stuck port data_in      ;
; motorBack_Ground:comb_3|tileMap[295][6]                    ; Stuck at GND due to stuck port data_in      ;
; motorBack_Ground:comb_3|tileMap[295][4]                    ; Stuck at GND due to stuck port data_in      ;
; motorBack_Ground:comb_3|tileMap[295][1]                    ; Stuck at GND due to stuck port data_in      ;
; motorBack_Ground:comb_3|tileMap[295][0]                    ; Stuck at GND due to stuck port data_in      ;
; motorBack_Ground:comb_3|tileMap[296][6]                    ; Stuck at GND due to stuck port data_in      ;
; motorBack_Ground:comb_3|tileMap[296][4]                    ; Stuck at GND due to stuck port data_in      ;
; motorBack_Ground:comb_3|tileMap[296][1]                    ; Stuck at GND due to stuck port data_in      ;
; motorBack_Ground:comb_3|tileMap[296][0]                    ; Stuck at GND due to stuck port data_in      ;
; motorBack_Ground:comb_3|tileMap[297][6]                    ; Stuck at GND due to stuck port data_in      ;
; motorBack_Ground:comb_3|tileMap[297][4]                    ; Stuck at GND due to stuck port data_in      ;
; motorBack_Ground:comb_3|tileMap[297][1]                    ; Stuck at GND due to stuck port data_in      ;
; motorBack_Ground:comb_3|tileMap[297][0]                    ; Stuck at GND due to stuck port data_in      ;
; motorBack_Ground:comb_3|tileMap[298][6]                    ; Stuck at GND due to stuck port data_in      ;
; motorBack_Ground:comb_3|tileMap[298][4]                    ; Stuck at GND due to stuck port data_in      ;
; motorBack_Ground:comb_3|tileMap[298][1]                    ; Stuck at GND due to stuck port data_in      ;
; motorBack_Ground:comb_3|tileMap[298][0]                    ; Stuck at GND due to stuck port data_in      ;
; motorBack_Ground:comb_3|tileMap[299][6]                    ; Stuck at GND due to stuck port data_in      ;
; motorBack_Ground:comb_3|tileMap[299][4]                    ; Stuck at GND due to stuck port data_in      ;
; motorBack_Ground:comb_3|tileMap[299][1]                    ; Stuck at GND due to stuck port data_in      ;
; motorBack_Ground:comb_3|tileMap[299][0]                    ; Stuck at GND due to stuck port data_in      ;
; motorBack_Ground:comb_3|tileMap[300][6]                    ; Stuck at GND due to stuck port data_in      ;
; motorBack_Ground:comb_3|tileMap[300][4]                    ; Stuck at GND due to stuck port data_in      ;
; motorBack_Ground:comb_3|tileMap[300][1]                    ; Stuck at GND due to stuck port data_in      ;
; motorBack_Ground:comb_3|tileMap[300][0]                    ; Stuck at GND due to stuck port data_in      ;
; motorBack_Ground:comb_3|tileMap[301][6]                    ; Stuck at GND due to stuck port data_in      ;
; motorBack_Ground:comb_3|tileMap[301][4]                    ; Stuck at GND due to stuck port data_in      ;
; motorBack_Ground:comb_3|tileMap[301][1]                    ; Stuck at GND due to stuck port data_in      ;
; motorBack_Ground:comb_3|tileMap[301][0]                    ; Stuck at GND due to stuck port data_in      ;
; motorBack_Ground:comb_3|tileMap[302][6]                    ; Stuck at GND due to stuck port data_in      ;
; motorBack_Ground:comb_3|tileMap[302][4]                    ; Stuck at GND due to stuck port data_in      ;
; motorBack_Ground:comb_3|tileMap[302][1]                    ; Stuck at GND due to stuck port data_in      ;
; motorBack_Ground:comb_3|tileMap[302][0]                    ; Stuck at GND due to stuck port data_in      ;
; motorBack_Ground:comb_3|tileMap[303][6]                    ; Stuck at GND due to stuck port data_in      ;
; motorBack_Ground:comb_3|tileMap[303][4]                    ; Stuck at GND due to stuck port data_in      ;
; motorBack_Ground:comb_3|tileMap[303][1]                    ; Stuck at GND due to stuck port data_in      ;
; motorBack_Ground:comb_3|tileMap[303][0]                    ; Stuck at GND due to stuck port data_in      ;
; motorBack_Ground:comb_3|tileMap[304][6]                    ; Stuck at GND due to stuck port data_in      ;
; motorBack_Ground:comb_3|tileMap[304][4]                    ; Stuck at GND due to stuck port data_in      ;
; motorBack_Ground:comb_3|tileMap[304][1]                    ; Stuck at GND due to stuck port data_in      ;
; motorBack_Ground:comb_3|tileMap[304][0]                    ; Stuck at GND due to stuck port data_in      ;
; motorBack_Ground:comb_3|tileMap[305][6]                    ; Stuck at GND due to stuck port data_in      ;
; motorBack_Ground:comb_3|tileMap[305][4]                    ; Stuck at GND due to stuck port data_in      ;
; motorBack_Ground:comb_3|tileMap[305][1]                    ; Stuck at GND due to stuck port data_in      ;
; motorBack_Ground:comb_3|tileMap[305][0]                    ; Stuck at GND due to stuck port data_in      ;
; motorBack_Ground:comb_3|tileMap[306][6]                    ; Stuck at GND due to stuck port data_in      ;
; motorBack_Ground:comb_3|tileMap[306][4]                    ; Stuck at GND due to stuck port data_in      ;
; motorBack_Ground:comb_3|tileMap[306][1]                    ; Stuck at GND due to stuck port data_in      ;
; motorBack_Ground:comb_3|tileMap[306][0]                    ; Stuck at GND due to stuck port data_in      ;
; motorBack_Ground:comb_3|tileMap[307][6]                    ; Stuck at GND due to stuck port data_in      ;
; motorBack_Ground:comb_3|tileMap[307][4]                    ; Stuck at GND due to stuck port data_in      ;
; motorBack_Ground:comb_3|tileMap[307][1]                    ; Stuck at GND due to stuck port data_in      ;
; motorBack_Ground:comb_3|tileMap[307][0]                    ; Stuck at GND due to stuck port data_in      ;
; motorBack_Ground:comb_3|tileMap[308][6]                    ; Stuck at GND due to stuck port data_in      ;
; motorBack_Ground:comb_3|tileMap[308][4]                    ; Stuck at GND due to stuck port data_in      ;
; motorBack_Ground:comb_3|tileMap[308][1]                    ; Stuck at GND due to stuck port data_in      ;
; motorBack_Ground:comb_3|tileMap[308][0]                    ; Stuck at GND due to stuck port data_in      ;
; motorBack_Ground:comb_3|tileMap[309][6]                    ; Stuck at GND due to stuck port data_in      ;
; motorBack_Ground:comb_3|tileMap[309][4]                    ; Stuck at GND due to stuck port data_in      ;
; motorBack_Ground:comb_3|tileMap[309][1]                    ; Stuck at GND due to stuck port data_in      ;
; motorBack_Ground:comb_3|tileMap[309][0]                    ; Stuck at GND due to stuck port data_in      ;
; motorBack_Ground:comb_3|tileMap[310][6]                    ; Stuck at GND due to stuck port data_in      ;
; motorBack_Ground:comb_3|tileMap[310][4]                    ; Stuck at GND due to stuck port data_in      ;
; motorBack_Ground:comb_3|tileMap[310][1]                    ; Stuck at GND due to stuck port data_in      ;
; motorBack_Ground:comb_3|tileMap[310][0]                    ; Stuck at GND due to stuck port data_in      ;
; motorBack_Ground:comb_3|tileMap[311][6]                    ; Stuck at GND due to stuck port data_in      ;
; motorBack_Ground:comb_3|tileMap[311][4]                    ; Stuck at GND due to stuck port data_in      ;
; motorBack_Ground:comb_3|tileMap[311][1]                    ; Stuck at GND due to stuck port data_in      ;
; motorBack_Ground:comb_3|tileMap[311][0]                    ; Stuck at GND due to stuck port data_in      ;
; motorBack_Ground:comb_3|tileMap[312][6]                    ; Stuck at GND due to stuck port data_in      ;
; motorBack_Ground:comb_3|tileMap[312][4]                    ; Stuck at GND due to stuck port data_in      ;
; motorBack_Ground:comb_3|tileMap[312][1]                    ; Stuck at GND due to stuck port data_in      ;
; motorBack_Ground:comb_3|tileMap[312][0]                    ; Stuck at GND due to stuck port data_in      ;
; motorBack_Ground:comb_3|tileMap[313][6]                    ; Stuck at GND due to stuck port data_in      ;
; motorBack_Ground:comb_3|tileMap[313][4]                    ; Stuck at GND due to stuck port data_in      ;
; motorBack_Ground:comb_3|tileMap[313][1]                    ; Stuck at GND due to stuck port data_in      ;
; motorBack_Ground:comb_3|tileMap[313][0]                    ; Stuck at GND due to stuck port data_in      ;
; motorBack_Ground:comb_3|tileMap[314][6]                    ; Stuck at GND due to stuck port data_in      ;
; motorBack_Ground:comb_3|tileMap[314][4]                    ; Stuck at GND due to stuck port data_in      ;
; motorBack_Ground:comb_3|tileMap[314][1]                    ; Stuck at GND due to stuck port data_in      ;
; motorBack_Ground:comb_3|tileMap[314][0]                    ; Stuck at GND due to stuck port data_in      ;
; motorBack_Ground:comb_3|tileMap[315][6]                    ; Stuck at GND due to stuck port data_in      ;
; motorBack_Ground:comb_3|tileMap[315][4]                    ; Stuck at GND due to stuck port data_in      ;
; motorBack_Ground:comb_3|tileMap[315][1]                    ; Stuck at GND due to stuck port data_in      ;
; motorBack_Ground:comb_3|tileMap[315][0]                    ; Stuck at GND due to stuck port data_in      ;
; motorBack_Ground:comb_3|tileMap[316][6]                    ; Stuck at GND due to stuck port data_in      ;
; motorBack_Ground:comb_3|tileMap[316][4]                    ; Stuck at GND due to stuck port data_in      ;
; motorBack_Ground:comb_3|tileMap[316][1]                    ; Stuck at GND due to stuck port data_in      ;
; motorBack_Ground:comb_3|tileMap[316][0]                    ; Stuck at GND due to stuck port data_in      ;
; motorBack_Ground:comb_3|tileMap[317][6]                    ; Stuck at GND due to stuck port data_in      ;
; motorBack_Ground:comb_3|tileMap[317][4]                    ; Stuck at GND due to stuck port data_in      ;
; motorBack_Ground:comb_3|tileMap[317][1]                    ; Stuck at GND due to stuck port data_in      ;
; motorBack_Ground:comb_3|tileMap[317][0]                    ; Stuck at GND due to stuck port data_in      ;
; motorBack_Ground:comb_3|tileMap[318][6]                    ; Stuck at GND due to stuck port data_in      ;
; motorBack_Ground:comb_3|tileMap[318][4]                    ; Stuck at GND due to stuck port data_in      ;
; motorBack_Ground:comb_3|tileMap[318][1]                    ; Stuck at GND due to stuck port data_in      ;
; motorBack_Ground:comb_3|tileMap[318][0]                    ; Stuck at GND due to stuck port data_in      ;
; motorBack_Ground:comb_3|tileMap[319][6]                    ; Stuck at GND due to stuck port data_in      ;
; motorBack_Ground:comb_3|tileMap[319][4]                    ; Stuck at GND due to stuck port data_in      ;
; motorBack_Ground:comb_3|tileMap[319][1]                    ; Stuck at GND due to stuck port data_in      ;
; motorBack_Ground:comb_3|tileMap[319][0]                    ; Stuck at GND due to stuck port data_in      ;
; motorBack_Ground:comb_3|tileMap[320][6]                    ; Stuck at GND due to stuck port data_in      ;
; motorBack_Ground:comb_3|tileMap[320][4]                    ; Stuck at GND due to stuck port data_in      ;
; motorBack_Ground:comb_3|tileMap[320][1]                    ; Stuck at GND due to stuck port data_in      ;
; motorBack_Ground:comb_3|tileMap[320][0]                    ; Stuck at GND due to stuck port data_in      ;
; motorBack_Ground:comb_3|tileMap[321][6]                    ; Stuck at GND due to stuck port data_in      ;
; motorBack_Ground:comb_3|tileMap[321][4]                    ; Stuck at GND due to stuck port data_in      ;
; motorBack_Ground:comb_3|tileMap[321][1]                    ; Stuck at GND due to stuck port data_in      ;
; motorBack_Ground:comb_3|tileMap[321][0]                    ; Stuck at GND due to stuck port data_in      ;
; motorBack_Ground:comb_3|tileMap[322][6]                    ; Stuck at GND due to stuck port data_in      ;
; motorBack_Ground:comb_3|tileMap[322][4]                    ; Stuck at GND due to stuck port data_in      ;
; motorBack_Ground:comb_3|tileMap[322][1]                    ; Stuck at GND due to stuck port data_in      ;
; motorBack_Ground:comb_3|tileMap[322][0]                    ; Stuck at GND due to stuck port data_in      ;
; motorBack_Ground:comb_3|tileMap[323][6]                    ; Stuck at GND due to stuck port data_in      ;
; motorBack_Ground:comb_3|tileMap[323][4]                    ; Stuck at GND due to stuck port data_in      ;
; motorBack_Ground:comb_3|tileMap[323][1]                    ; Stuck at GND due to stuck port data_in      ;
; motorBack_Ground:comb_3|tileMap[323][0]                    ; Stuck at GND due to stuck port data_in      ;
; motorBack_Ground:comb_3|tileMap[324][6]                    ; Stuck at GND due to stuck port data_in      ;
; motorBack_Ground:comb_3|tileMap[324][4]                    ; Stuck at GND due to stuck port data_in      ;
; motorBack_Ground:comb_3|tileMap[324][1]                    ; Stuck at GND due to stuck port data_in      ;
; motorBack_Ground:comb_3|tileMap[324][0]                    ; Stuck at GND due to stuck port data_in      ;
; motorBack_Ground:comb_3|tileMap[325][6]                    ; Stuck at GND due to stuck port data_in      ;
; motorBack_Ground:comb_3|tileMap[325][4]                    ; Stuck at GND due to stuck port data_in      ;
; motorBack_Ground:comb_3|tileMap[325][1]                    ; Stuck at GND due to stuck port data_in      ;
; motorBack_Ground:comb_3|tileMap[325][0]                    ; Stuck at GND due to stuck port data_in      ;
; motorBack_Ground:comb_3|tileMap[326][6]                    ; Stuck at GND due to stuck port data_in      ;
; motorBack_Ground:comb_3|tileMap[326][4]                    ; Stuck at GND due to stuck port data_in      ;
; motorBack_Ground:comb_3|tileMap[326][1]                    ; Stuck at GND due to stuck port data_in      ;
; motorBack_Ground:comb_3|tileMap[326][0]                    ; Stuck at GND due to stuck port data_in      ;
; motorBack_Ground:comb_3|tileMap[327][6]                    ; Stuck at GND due to stuck port data_in      ;
; motorBack_Ground:comb_3|tileMap[327][4]                    ; Stuck at GND due to stuck port data_in      ;
; motorBack_Ground:comb_3|tileMap[327][1]                    ; Stuck at GND due to stuck port data_in      ;
; motorBack_Ground:comb_3|tileMap[327][0]                    ; Stuck at GND due to stuck port data_in      ;
; motorBack_Ground:comb_3|tileMap[328][6]                    ; Stuck at GND due to stuck port data_in      ;
; motorBack_Ground:comb_3|tileMap[328][4]                    ; Stuck at GND due to stuck port data_in      ;
; motorBack_Ground:comb_3|tileMap[328][1]                    ; Stuck at GND due to stuck port data_in      ;
; motorBack_Ground:comb_3|tileMap[328][0]                    ; Stuck at GND due to stuck port data_in      ;
; motorBack_Ground:comb_3|tileMap[329][6]                    ; Stuck at GND due to stuck port data_in      ;
; motorBack_Ground:comb_3|tileMap[329][4]                    ; Stuck at GND due to stuck port data_in      ;
; motorBack_Ground:comb_3|tileMap[329][1]                    ; Stuck at GND due to stuck port data_in      ;
; motorBack_Ground:comb_3|tileMap[329][0]                    ; Stuck at GND due to stuck port data_in      ;
; motorBack_Ground:comb_3|tileMap[330][6]                    ; Stuck at GND due to stuck port data_in      ;
; motorBack_Ground:comb_3|tileMap[330][4]                    ; Stuck at GND due to stuck port data_in      ;
; motorBack_Ground:comb_3|tileMap[330][1]                    ; Stuck at GND due to stuck port data_in      ;
; motorBack_Ground:comb_3|tileMap[330][0]                    ; Stuck at GND due to stuck port data_in      ;
; motorBack_Ground:comb_3|tileMap[331][6]                    ; Stuck at GND due to stuck port data_in      ;
; motorBack_Ground:comb_3|tileMap[331][4]                    ; Stuck at GND due to stuck port data_in      ;
; motorBack_Ground:comb_3|tileMap[331][1]                    ; Stuck at GND due to stuck port data_in      ;
; motorBack_Ground:comb_3|tileMap[331][0]                    ; Stuck at GND due to stuck port data_in      ;
; motorBack_Ground:comb_3|tileMap[332][6]                    ; Stuck at GND due to stuck port data_in      ;
; motorBack_Ground:comb_3|tileMap[332][4]                    ; Stuck at GND due to stuck port data_in      ;
; motorBack_Ground:comb_3|tileMap[332][1]                    ; Stuck at GND due to stuck port data_in      ;
; motorBack_Ground:comb_3|tileMap[332][0]                    ; Stuck at GND due to stuck port data_in      ;
; motorBack_Ground:comb_3|tileMap[333][6]                    ; Stuck at GND due to stuck port data_in      ;
; motorBack_Ground:comb_3|tileMap[333][4]                    ; Stuck at GND due to stuck port data_in      ;
; motorBack_Ground:comb_3|tileMap[333][1]                    ; Stuck at GND due to stuck port data_in      ;
; motorBack_Ground:comb_3|tileMap[333][0]                    ; Stuck at GND due to stuck port data_in      ;
; motorBack_Ground:comb_3|tileMap[334][6]                    ; Stuck at GND due to stuck port data_in      ;
; motorBack_Ground:comb_3|tileMap[334][4]                    ; Stuck at GND due to stuck port data_in      ;
; motorBack_Ground:comb_3|tileMap[334][1]                    ; Stuck at GND due to stuck port data_in      ;
; motorBack_Ground:comb_3|tileMap[334][0]                    ; Stuck at GND due to stuck port data_in      ;
; motorBack_Ground:comb_3|tileMap[335][6]                    ; Stuck at GND due to stuck port data_in      ;
; motorBack_Ground:comb_3|tileMap[335][4]                    ; Stuck at GND due to stuck port data_in      ;
; motorBack_Ground:comb_3|tileMap[335][1]                    ; Stuck at GND due to stuck port data_in      ;
; motorBack_Ground:comb_3|tileMap[335][0]                    ; Stuck at GND due to stuck port data_in      ;
; motorBack_Ground:comb_3|tileMap[336][6]                    ; Stuck at GND due to stuck port data_in      ;
; motorBack_Ground:comb_3|tileMap[336][4]                    ; Stuck at GND due to stuck port data_in      ;
; motorBack_Ground:comb_3|tileMap[336][1]                    ; Stuck at GND due to stuck port data_in      ;
; motorBack_Ground:comb_3|tileMap[336][0]                    ; Stuck at GND due to stuck port data_in      ;
; motorBack_Ground:comb_3|tileMap[337][6]                    ; Stuck at GND due to stuck port data_in      ;
; motorBack_Ground:comb_3|tileMap[337][4]                    ; Stuck at GND due to stuck port data_in      ;
; motorBack_Ground:comb_3|tileMap[337][1]                    ; Stuck at GND due to stuck port data_in      ;
; motorBack_Ground:comb_3|tileMap[337][0]                    ; Stuck at GND due to stuck port data_in      ;
; motorBack_Ground:comb_3|tileMap[338][6]                    ; Stuck at GND due to stuck port data_in      ;
; motorBack_Ground:comb_3|tileMap[338][4]                    ; Stuck at GND due to stuck port data_in      ;
; motorBack_Ground:comb_3|tileMap[338][1]                    ; Stuck at GND due to stuck port data_in      ;
; motorBack_Ground:comb_3|tileMap[338][0]                    ; Stuck at GND due to stuck port data_in      ;
; motorBack_Ground:comb_3|tileMap[339][6]                    ; Stuck at GND due to stuck port data_in      ;
; motorBack_Ground:comb_3|tileMap[339][4]                    ; Stuck at GND due to stuck port data_in      ;
; motorBack_Ground:comb_3|tileMap[339][1]                    ; Stuck at GND due to stuck port data_in      ;
; motorBack_Ground:comb_3|tileMap[339][0]                    ; Stuck at GND due to stuck port data_in      ;
; motorBack_Ground:comb_3|tileMap[340][6]                    ; Stuck at GND due to stuck port data_in      ;
; motorBack_Ground:comb_3|tileMap[340][4]                    ; Stuck at GND due to stuck port data_in      ;
; motorBack_Ground:comb_3|tileMap[340][1]                    ; Stuck at GND due to stuck port data_in      ;
; motorBack_Ground:comb_3|tileMap[340][0]                    ; Stuck at GND due to stuck port data_in      ;
; motorBack_Ground:comb_3|tileMap[341][6]                    ; Stuck at GND due to stuck port data_in      ;
; motorBack_Ground:comb_3|tileMap[341][4]                    ; Stuck at GND due to stuck port data_in      ;
; motorBack_Ground:comb_3|tileMap[341][1]                    ; Stuck at GND due to stuck port data_in      ;
; motorBack_Ground:comb_3|tileMap[341][0]                    ; Stuck at GND due to stuck port data_in      ;
; motorBack_Ground:comb_3|tileMap[342][6]                    ; Stuck at GND due to stuck port data_in      ;
; motorBack_Ground:comb_3|tileMap[342][4]                    ; Stuck at GND due to stuck port data_in      ;
; motorBack_Ground:comb_3|tileMap[342][1]                    ; Stuck at GND due to stuck port data_in      ;
; motorBack_Ground:comb_3|tileMap[342][0]                    ; Stuck at GND due to stuck port data_in      ;
; motorBack_Ground:comb_3|tileMap[343][6]                    ; Stuck at GND due to stuck port data_in      ;
; motorBack_Ground:comb_3|tileMap[343][4]                    ; Stuck at GND due to stuck port data_in      ;
; motorBack_Ground:comb_3|tileMap[343][1]                    ; Stuck at GND due to stuck port data_in      ;
; motorBack_Ground:comb_3|tileMap[343][0]                    ; Stuck at GND due to stuck port data_in      ;
; motorBack_Ground:comb_3|tileMap[344][6]                    ; Stuck at GND due to stuck port data_in      ;
; motorBack_Ground:comb_3|tileMap[344][4]                    ; Stuck at GND due to stuck port data_in      ;
; motorBack_Ground:comb_3|tileMap[344][1]                    ; Stuck at GND due to stuck port data_in      ;
; motorBack_Ground:comb_3|tileMap[344][0]                    ; Stuck at GND due to stuck port data_in      ;
; motorBack_Ground:comb_3|tileMap[345][6]                    ; Stuck at GND due to stuck port data_in      ;
; motorBack_Ground:comb_3|tileMap[345][4]                    ; Stuck at GND due to stuck port data_in      ;
; motorBack_Ground:comb_3|tileMap[345][1]                    ; Stuck at GND due to stuck port data_in      ;
; motorBack_Ground:comb_3|tileMap[345][0]                    ; Stuck at GND due to stuck port data_in      ;
; motorBack_Ground:comb_3|tileMap[346][6]                    ; Stuck at GND due to stuck port data_in      ;
; motorBack_Ground:comb_3|tileMap[346][4]                    ; Stuck at GND due to stuck port data_in      ;
; motorBack_Ground:comb_3|tileMap[346][1]                    ; Stuck at GND due to stuck port data_in      ;
; motorBack_Ground:comb_3|tileMap[346][0]                    ; Stuck at GND due to stuck port data_in      ;
; motorBack_Ground:comb_3|tileMap[347][6]                    ; Stuck at GND due to stuck port data_in      ;
; motorBack_Ground:comb_3|tileMap[347][4]                    ; Stuck at GND due to stuck port data_in      ;
; motorBack_Ground:comb_3|tileMap[347][1]                    ; Stuck at GND due to stuck port data_in      ;
; motorBack_Ground:comb_3|tileMap[347][0]                    ; Stuck at GND due to stuck port data_in      ;
; motorBack_Ground:comb_3|tileMap[348][6]                    ; Stuck at GND due to stuck port data_in      ;
; motorBack_Ground:comb_3|tileMap[348][4]                    ; Stuck at GND due to stuck port data_in      ;
; motorBack_Ground:comb_3|tileMap[348][1]                    ; Stuck at GND due to stuck port data_in      ;
; motorBack_Ground:comb_3|tileMap[348][0]                    ; Stuck at GND due to stuck port data_in      ;
; motorBack_Ground:comb_3|tileMap[349][6]                    ; Stuck at GND due to stuck port data_in      ;
; motorBack_Ground:comb_3|tileMap[349][4]                    ; Stuck at GND due to stuck port data_in      ;
; motorBack_Ground:comb_3|tileMap[349][1]                    ; Stuck at GND due to stuck port data_in      ;
; motorBack_Ground:comb_3|tileMap[349][0]                    ; Stuck at GND due to stuck port data_in      ;
; motorBack_Ground:comb_3|tileMap[350][6]                    ; Stuck at GND due to stuck port data_in      ;
; motorBack_Ground:comb_3|tileMap[350][4]                    ; Stuck at GND due to stuck port data_in      ;
; motorBack_Ground:comb_3|tileMap[350][1]                    ; Stuck at GND due to stuck port data_in      ;
; motorBack_Ground:comb_3|tileMap[350][0]                    ; Stuck at GND due to stuck port data_in      ;
; motorBack_Ground:comb_3|tileMap[351][6]                    ; Stuck at GND due to stuck port data_in      ;
; motorBack_Ground:comb_3|tileMap[351][4]                    ; Stuck at GND due to stuck port data_in      ;
; motorBack_Ground:comb_3|tileMap[351][1]                    ; Stuck at GND due to stuck port data_in      ;
; motorBack_Ground:comb_3|tileMap[351][0]                    ; Stuck at GND due to stuck port data_in      ;
; motorBack_Ground:comb_3|tileMap[352][6]                    ; Stuck at GND due to stuck port data_in      ;
; motorBack_Ground:comb_3|tileMap[352][4]                    ; Stuck at GND due to stuck port data_in      ;
; motorBack_Ground:comb_3|tileMap[352][1]                    ; Stuck at GND due to stuck port data_in      ;
; motorBack_Ground:comb_3|tileMap[352][0]                    ; Stuck at GND due to stuck port data_in      ;
; motorBack_Ground:comb_3|tileMap[353][6]                    ; Stuck at GND due to stuck port data_in      ;
; motorBack_Ground:comb_3|tileMap[353][4]                    ; Stuck at GND due to stuck port data_in      ;
; motorBack_Ground:comb_3|tileMap[353][1]                    ; Stuck at GND due to stuck port data_in      ;
; motorBack_Ground:comb_3|tileMap[353][0]                    ; Stuck at GND due to stuck port data_in      ;
; motorBack_Ground:comb_3|tileMap[354][6]                    ; Stuck at GND due to stuck port data_in      ;
; motorBack_Ground:comb_3|tileMap[354][4]                    ; Stuck at GND due to stuck port data_in      ;
; motorBack_Ground:comb_3|tileMap[354][1]                    ; Stuck at GND due to stuck port data_in      ;
; motorBack_Ground:comb_3|tileMap[354][0]                    ; Stuck at GND due to stuck port data_in      ;
; motorBack_Ground:comb_3|tileMap[355][6]                    ; Stuck at GND due to stuck port data_in      ;
; motorBack_Ground:comb_3|tileMap[355][4]                    ; Stuck at GND due to stuck port data_in      ;
; motorBack_Ground:comb_3|tileMap[355][1]                    ; Stuck at GND due to stuck port data_in      ;
; motorBack_Ground:comb_3|tileMap[355][0]                    ; Stuck at GND due to stuck port data_in      ;
; motorBack_Ground:comb_3|tileMap[356][6]                    ; Stuck at GND due to stuck port data_in      ;
; motorBack_Ground:comb_3|tileMap[356][4]                    ; Stuck at GND due to stuck port data_in      ;
; motorBack_Ground:comb_3|tileMap[356][1]                    ; Stuck at GND due to stuck port data_in      ;
; motorBack_Ground:comb_3|tileMap[356][0]                    ; Stuck at GND due to stuck port data_in      ;
; motorBack_Ground:comb_3|tileMap[357][6]                    ; Stuck at GND due to stuck port data_in      ;
; motorBack_Ground:comb_3|tileMap[357][4]                    ; Stuck at GND due to stuck port data_in      ;
; motorBack_Ground:comb_3|tileMap[357][1]                    ; Stuck at GND due to stuck port data_in      ;
; motorBack_Ground:comb_3|tileMap[357][0]                    ; Stuck at GND due to stuck port data_in      ;
; motorBack_Ground:comb_3|tileMap[358][6]                    ; Stuck at GND due to stuck port data_in      ;
; motorBack_Ground:comb_3|tileMap[358][4]                    ; Stuck at GND due to stuck port data_in      ;
; motorBack_Ground:comb_3|tileMap[358][1]                    ; Stuck at GND due to stuck port data_in      ;
; motorBack_Ground:comb_3|tileMap[358][0]                    ; Stuck at GND due to stuck port data_in      ;
; motorBack_Ground:comb_3|tileMap[359][6]                    ; Stuck at GND due to stuck port data_in      ;
; motorBack_Ground:comb_3|tileMap[359][4]                    ; Stuck at GND due to stuck port data_in      ;
; motorBack_Ground:comb_3|tileMap[359][1]                    ; Stuck at GND due to stuck port data_in      ;
; motorBack_Ground:comb_3|tileMap[359][0]                    ; Stuck at GND due to stuck port data_in      ;
; motorBack_Ground:comb_3|tileMap[360][6]                    ; Stuck at GND due to stuck port data_in      ;
; motorBack_Ground:comb_3|tileMap[360][4]                    ; Stuck at GND due to stuck port data_in      ;
; motorBack_Ground:comb_3|tileMap[360][1]                    ; Stuck at GND due to stuck port data_in      ;
; motorBack_Ground:comb_3|tileMap[360][0]                    ; Stuck at GND due to stuck port data_in      ;
; motorBack_Ground:comb_3|tileMap[361][6]                    ; Stuck at GND due to stuck port data_in      ;
; motorBack_Ground:comb_3|tileMap[361][4]                    ; Stuck at GND due to stuck port data_in      ;
; motorBack_Ground:comb_3|tileMap[361][1]                    ; Stuck at GND due to stuck port data_in      ;
; motorBack_Ground:comb_3|tileMap[361][0]                    ; Stuck at GND due to stuck port data_in      ;
; motorBack_Ground:comb_3|tileMap[362][6]                    ; Stuck at GND due to stuck port data_in      ;
; motorBack_Ground:comb_3|tileMap[362][4]                    ; Stuck at GND due to stuck port data_in      ;
; motorBack_Ground:comb_3|tileMap[362][1]                    ; Stuck at GND due to stuck port data_in      ;
; motorBack_Ground:comb_3|tileMap[362][0]                    ; Stuck at GND due to stuck port data_in      ;
; motorBack_Ground:comb_3|tileMap[363][6]                    ; Stuck at GND due to stuck port data_in      ;
; motorBack_Ground:comb_3|tileMap[363][4]                    ; Stuck at GND due to stuck port data_in      ;
; motorBack_Ground:comb_3|tileMap[363][1]                    ; Stuck at GND due to stuck port data_in      ;
; motorBack_Ground:comb_3|tileMap[363][0]                    ; Stuck at GND due to stuck port data_in      ;
; motorBack_Ground:comb_3|tileMap[364][6]                    ; Stuck at GND due to stuck port data_in      ;
; motorBack_Ground:comb_3|tileMap[364][4]                    ; Stuck at GND due to stuck port data_in      ;
; motorBack_Ground:comb_3|tileMap[364][1]                    ; Stuck at GND due to stuck port data_in      ;
; motorBack_Ground:comb_3|tileMap[364][0]                    ; Stuck at GND due to stuck port data_in      ;
; motorBack_Ground:comb_3|tileMap[365][6]                    ; Stuck at GND due to stuck port data_in      ;
; motorBack_Ground:comb_3|tileMap[365][4]                    ; Stuck at GND due to stuck port data_in      ;
; motorBack_Ground:comb_3|tileMap[365][1]                    ; Stuck at GND due to stuck port data_in      ;
; motorBack_Ground:comb_3|tileMap[365][0]                    ; Stuck at GND due to stuck port data_in      ;
; motorBack_Ground:comb_3|tileMap[366][6]                    ; Stuck at GND due to stuck port data_in      ;
; motorBack_Ground:comb_3|tileMap[366][4]                    ; Stuck at GND due to stuck port data_in      ;
; motorBack_Ground:comb_3|tileMap[366][1]                    ; Stuck at GND due to stuck port data_in      ;
; motorBack_Ground:comb_3|tileMap[366][0]                    ; Stuck at GND due to stuck port data_in      ;
; motorBack_Ground:comb_3|tileMap[367][6]                    ; Stuck at GND due to stuck port data_in      ;
; motorBack_Ground:comb_3|tileMap[367][4]                    ; Stuck at GND due to stuck port data_in      ;
; motorBack_Ground:comb_3|tileMap[367][1]                    ; Stuck at GND due to stuck port data_in      ;
; motorBack_Ground:comb_3|tileMap[367][0]                    ; Stuck at GND due to stuck port data_in      ;
; motorBack_Ground:comb_3|tileMap[368][6]                    ; Stuck at GND due to stuck port data_in      ;
; motorBack_Ground:comb_3|tileMap[368][4]                    ; Stuck at GND due to stuck port data_in      ;
; motorBack_Ground:comb_3|tileMap[368][1]                    ; Stuck at GND due to stuck port data_in      ;
; motorBack_Ground:comb_3|tileMap[368][0]                    ; Stuck at GND due to stuck port data_in      ;
; motorBack_Ground:comb_3|tileMap[369][6]                    ; Stuck at GND due to stuck port data_in      ;
; motorBack_Ground:comb_3|tileMap[369][4]                    ; Stuck at GND due to stuck port data_in      ;
; motorBack_Ground:comb_3|tileMap[369][1]                    ; Stuck at GND due to stuck port data_in      ;
; motorBack_Ground:comb_3|tileMap[369][0]                    ; Stuck at GND due to stuck port data_in      ;
; motorBack_Ground:comb_3|tileMap[370][6]                    ; Stuck at GND due to stuck port data_in      ;
; motorBack_Ground:comb_3|tileMap[370][4]                    ; Stuck at GND due to stuck port data_in      ;
; motorBack_Ground:comb_3|tileMap[370][1]                    ; Stuck at GND due to stuck port data_in      ;
; motorBack_Ground:comb_3|tileMap[370][0]                    ; Stuck at GND due to stuck port data_in      ;
; motorBack_Ground:comb_3|tileMap[371][6]                    ; Stuck at GND due to stuck port data_in      ;
; motorBack_Ground:comb_3|tileMap[371][4]                    ; Stuck at GND due to stuck port data_in      ;
; motorBack_Ground:comb_3|tileMap[371][1]                    ; Stuck at GND due to stuck port data_in      ;
; motorBack_Ground:comb_3|tileMap[371][0]                    ; Stuck at GND due to stuck port data_in      ;
; motorBack_Ground:comb_3|tileMap[372][6]                    ; Stuck at GND due to stuck port data_in      ;
; motorBack_Ground:comb_3|tileMap[372][4]                    ; Stuck at GND due to stuck port data_in      ;
; motorBack_Ground:comb_3|tileMap[372][1]                    ; Stuck at GND due to stuck port data_in      ;
; motorBack_Ground:comb_3|tileMap[372][0]                    ; Stuck at GND due to stuck port data_in      ;
; motorBack_Ground:comb_3|tileMap[373][6]                    ; Stuck at GND due to stuck port data_in      ;
; motorBack_Ground:comb_3|tileMap[373][4]                    ; Stuck at GND due to stuck port data_in      ;
; motorBack_Ground:comb_3|tileMap[373][1]                    ; Stuck at GND due to stuck port data_in      ;
; motorBack_Ground:comb_3|tileMap[373][0]                    ; Stuck at GND due to stuck port data_in      ;
; motorBack_Ground:comb_3|tileMap[374][6]                    ; Stuck at GND due to stuck port data_in      ;
; motorBack_Ground:comb_3|tileMap[374][4]                    ; Stuck at GND due to stuck port data_in      ;
; motorBack_Ground:comb_3|tileMap[374][1]                    ; Stuck at GND due to stuck port data_in      ;
; motorBack_Ground:comb_3|tileMap[374][0]                    ; Stuck at GND due to stuck port data_in      ;
; motorBack_Ground:comb_3|tileMap[375][6]                    ; Stuck at GND due to stuck port data_in      ;
; motorBack_Ground:comb_3|tileMap[375][4]                    ; Stuck at GND due to stuck port data_in      ;
; motorBack_Ground:comb_3|tileMap[375][1]                    ; Stuck at GND due to stuck port data_in      ;
; motorBack_Ground:comb_3|tileMap[375][0]                    ; Stuck at GND due to stuck port data_in      ;
; motorBack_Ground:comb_3|tileMap[376][6]                    ; Stuck at GND due to stuck port data_in      ;
; motorBack_Ground:comb_3|tileMap[376][4]                    ; Stuck at GND due to stuck port data_in      ;
; motorBack_Ground:comb_3|tileMap[376][1]                    ; Stuck at GND due to stuck port data_in      ;
; motorBack_Ground:comb_3|tileMap[376][0]                    ; Stuck at GND due to stuck port data_in      ;
; motorBack_Ground:comb_3|tileMap[377][6]                    ; Stuck at GND due to stuck port data_in      ;
; motorBack_Ground:comb_3|tileMap[377][4]                    ; Stuck at GND due to stuck port data_in      ;
; motorBack_Ground:comb_3|tileMap[377][1]                    ; Stuck at GND due to stuck port data_in      ;
; motorBack_Ground:comb_3|tileMap[377][0]                    ; Stuck at GND due to stuck port data_in      ;
; motorBack_Ground:comb_3|tileMap[378][6]                    ; Stuck at GND due to stuck port data_in      ;
; motorBack_Ground:comb_3|tileMap[378][4]                    ; Stuck at GND due to stuck port data_in      ;
; motorBack_Ground:comb_3|tileMap[378][1]                    ; Stuck at GND due to stuck port data_in      ;
; motorBack_Ground:comb_3|tileMap[378][0]                    ; Stuck at GND due to stuck port data_in      ;
; motorBack_Ground:comb_3|tileMap[379][6]                    ; Stuck at GND due to stuck port data_in      ;
; motorBack_Ground:comb_3|tileMap[379][4]                    ; Stuck at GND due to stuck port data_in      ;
; motorBack_Ground:comb_3|tileMap[379][1]                    ; Stuck at GND due to stuck port data_in      ;
; motorBack_Ground:comb_3|tileMap[379][0]                    ; Stuck at GND due to stuck port data_in      ;
; motorBack_Ground:comb_3|tileMap[380][6]                    ; Stuck at GND due to stuck port data_in      ;
; motorBack_Ground:comb_3|tileMap[380][4]                    ; Stuck at GND due to stuck port data_in      ;
; motorBack_Ground:comb_3|tileMap[380][1]                    ; Stuck at GND due to stuck port data_in      ;
; motorBack_Ground:comb_3|tileMap[380][0]                    ; Stuck at GND due to stuck port data_in      ;
; motorBack_Ground:comb_3|tileMap[381][6]                    ; Stuck at GND due to stuck port data_in      ;
; motorBack_Ground:comb_3|tileMap[381][4]                    ; Stuck at GND due to stuck port data_in      ;
; motorBack_Ground:comb_3|tileMap[381][1]                    ; Stuck at GND due to stuck port data_in      ;
; motorBack_Ground:comb_3|tileMap[381][0]                    ; Stuck at GND due to stuck port data_in      ;
; motorBack_Ground:comb_3|tileMap[382][6]                    ; Stuck at GND due to stuck port data_in      ;
; motorBack_Ground:comb_3|tileMap[382][4]                    ; Stuck at GND due to stuck port data_in      ;
; motorBack_Ground:comb_3|tileMap[382][1]                    ; Stuck at GND due to stuck port data_in      ;
; motorBack_Ground:comb_3|tileMap[382][0]                    ; Stuck at GND due to stuck port data_in      ;
; motorBack_Ground:comb_3|tileMap[383][6]                    ; Stuck at GND due to stuck port data_in      ;
; motorBack_Ground:comb_3|tileMap[383][4]                    ; Stuck at GND due to stuck port data_in      ;
; motorBack_Ground:comb_3|tileMap[383][1]                    ; Stuck at GND due to stuck port data_in      ;
; motorBack_Ground:comb_3|tileMap[383][0]                    ; Stuck at GND due to stuck port data_in      ;
; motorBack_Ground:comb_3|tileMap[384][6]                    ; Stuck at GND due to stuck port data_in      ;
; motorBack_Ground:comb_3|tileMap[384][4]                    ; Stuck at GND due to stuck port data_in      ;
; motorBack_Ground:comb_3|tileMap[384][1]                    ; Stuck at GND due to stuck port data_in      ;
; motorBack_Ground:comb_3|tileMap[384][0]                    ; Stuck at GND due to stuck port data_in      ;
; motorBack_Ground:comb_3|tileMap[385][6]                    ; Stuck at GND due to stuck port data_in      ;
; motorBack_Ground:comb_3|tileMap[385][4]                    ; Stuck at GND due to stuck port data_in      ;
; motorBack_Ground:comb_3|tileMap[385][1]                    ; Stuck at GND due to stuck port data_in      ;
; motorBack_Ground:comb_3|tileMap[385][0]                    ; Stuck at GND due to stuck port data_in      ;
; motorBack_Ground:comb_3|tileMap[386][6]                    ; Stuck at GND due to stuck port data_in      ;
; motorBack_Ground:comb_3|tileMap[386][4]                    ; Stuck at GND due to stuck port data_in      ;
; motorBack_Ground:comb_3|tileMap[386][1]                    ; Stuck at GND due to stuck port data_in      ;
; motorBack_Ground:comb_3|tileMap[386][0]                    ; Stuck at GND due to stuck port data_in      ;
; motorBack_Ground:comb_3|tileMap[387][6]                    ; Stuck at GND due to stuck port data_in      ;
; motorBack_Ground:comb_3|tileMap[387][4]                    ; Stuck at GND due to stuck port data_in      ;
; motorBack_Ground:comb_3|tileMap[387][1]                    ; Stuck at GND due to stuck port data_in      ;
; motorBack_Ground:comb_3|tileMap[387][0]                    ; Stuck at GND due to stuck port data_in      ;
; motorBack_Ground:comb_3|tileMap[388][6]                    ; Stuck at GND due to stuck port data_in      ;
; motorBack_Ground:comb_3|tileMap[388][4]                    ; Stuck at GND due to stuck port data_in      ;
; motorBack_Ground:comb_3|tileMap[388][1]                    ; Stuck at GND due to stuck port data_in      ;
; motorBack_Ground:comb_3|tileMap[388][0]                    ; Stuck at GND due to stuck port data_in      ;
; motorBack_Ground:comb_3|tileMap[389][6]                    ; Stuck at GND due to stuck port data_in      ;
; motorBack_Ground:comb_3|tileMap[389][4]                    ; Stuck at GND due to stuck port data_in      ;
; motorBack_Ground:comb_3|tileMap[389][1]                    ; Stuck at GND due to stuck port data_in      ;
; motorBack_Ground:comb_3|tileMap[389][0]                    ; Stuck at GND due to stuck port data_in      ;
; motorBack_Ground:comb_3|tileMap[390][6]                    ; Stuck at GND due to stuck port data_in      ;
; motorBack_Ground:comb_3|tileMap[390][4]                    ; Stuck at GND due to stuck port data_in      ;
; motorBack_Ground:comb_3|tileMap[390][1]                    ; Stuck at GND due to stuck port data_in      ;
; motorBack_Ground:comb_3|tileMap[390][0]                    ; Stuck at GND due to stuck port data_in      ;
; motorBack_Ground:comb_3|tileMap[391][6]                    ; Stuck at GND due to stuck port data_in      ;
; motorBack_Ground:comb_3|tileMap[391][4]                    ; Stuck at GND due to stuck port data_in      ;
; motorBack_Ground:comb_3|tileMap[391][1]                    ; Stuck at GND due to stuck port data_in      ;
; motorBack_Ground:comb_3|tileMap[391][0]                    ; Stuck at GND due to stuck port data_in      ;
; motorBack_Ground:comb_3|tileMap[392][6]                    ; Stuck at GND due to stuck port data_in      ;
; motorBack_Ground:comb_3|tileMap[392][4]                    ; Stuck at GND due to stuck port data_in      ;
; motorBack_Ground:comb_3|tileMap[392][1]                    ; Stuck at GND due to stuck port data_in      ;
; motorBack_Ground:comb_3|tileMap[392][0]                    ; Stuck at GND due to stuck port data_in      ;
; motorBack_Ground:comb_3|tileMap[393][6]                    ; Stuck at GND due to stuck port data_in      ;
; motorBack_Ground:comb_3|tileMap[393][4]                    ; Stuck at GND due to stuck port data_in      ;
; motorBack_Ground:comb_3|tileMap[393][1]                    ; Stuck at GND due to stuck port data_in      ;
; motorBack_Ground:comb_3|tileMap[393][0]                    ; Stuck at GND due to stuck port data_in      ;
; motorBack_Ground:comb_3|tileMap[394][6]                    ; Stuck at GND due to stuck port data_in      ;
; motorBack_Ground:comb_3|tileMap[394][4]                    ; Stuck at GND due to stuck port data_in      ;
; motorBack_Ground:comb_3|tileMap[394][1]                    ; Stuck at GND due to stuck port data_in      ;
; motorBack_Ground:comb_3|tileMap[394][0]                    ; Stuck at GND due to stuck port data_in      ;
; motorBack_Ground:comb_3|tileMap[395][6]                    ; Stuck at GND due to stuck port data_in      ;
; motorBack_Ground:comb_3|tileMap[395][4]                    ; Stuck at GND due to stuck port data_in      ;
; motorBack_Ground:comb_3|tileMap[395][1]                    ; Stuck at GND due to stuck port data_in      ;
; motorBack_Ground:comb_3|tileMap[395][0]                    ; Stuck at GND due to stuck port data_in      ;
; motorBack_Ground:comb_3|tileMap[396][6]                    ; Stuck at GND due to stuck port data_in      ;
; motorBack_Ground:comb_3|tileMap[396][4]                    ; Stuck at GND due to stuck port data_in      ;
; motorBack_Ground:comb_3|tileMap[396][1]                    ; Stuck at GND due to stuck port data_in      ;
; motorBack_Ground:comb_3|tileMap[396][0]                    ; Stuck at GND due to stuck port data_in      ;
; motorBack_Ground:comb_3|tileMap[397][6]                    ; Stuck at GND due to stuck port data_in      ;
; motorBack_Ground:comb_3|tileMap[397][4]                    ; Stuck at GND due to stuck port data_in      ;
; motorBack_Ground:comb_3|tileMap[397][1]                    ; Stuck at GND due to stuck port data_in      ;
; motorBack_Ground:comb_3|tileMap[397][0]                    ; Stuck at GND due to stuck port data_in      ;
; motorBack_Ground:comb_3|tileMap[398][6]                    ; Stuck at GND due to stuck port data_in      ;
; motorBack_Ground:comb_3|tileMap[398][4]                    ; Stuck at GND due to stuck port data_in      ;
; motorBack_Ground:comb_3|tileMap[398][1]                    ; Stuck at GND due to stuck port data_in      ;
; motorBack_Ground:comb_3|tileMap[398][0]                    ; Stuck at GND due to stuck port data_in      ;
; motorBack_Ground:comb_3|tileMap[399][6]                    ; Stuck at GND due to stuck port data_in      ;
; motorBack_Ground:comb_3|tileMap[399][4]                    ; Stuck at GND due to stuck port data_in      ;
; motorBack_Ground:comb_3|tileMap[399][1]                    ; Stuck at GND due to stuck port data_in      ;
; motorBack_Ground:comb_3|tileMap[399][0]                    ; Stuck at GND due to stuck port data_in      ;
; motorBack_Ground:comb_3|tileMap[400][6]                    ; Stuck at GND due to stuck port data_in      ;
; motorBack_Ground:comb_3|tileMap[400][4]                    ; Stuck at GND due to stuck port data_in      ;
; motorBack_Ground:comb_3|tileMap[400][1]                    ; Stuck at GND due to stuck port data_in      ;
; motorBack_Ground:comb_3|tileMap[400][0]                    ; Stuck at GND due to stuck port data_in      ;
; motorBack_Ground:comb_3|tileMap[401][6]                    ; Stuck at GND due to stuck port data_in      ;
; motorBack_Ground:comb_3|tileMap[401][4]                    ; Stuck at GND due to stuck port data_in      ;
; motorBack_Ground:comb_3|tileMap[401][1]                    ; Stuck at GND due to stuck port data_in      ;
; motorBack_Ground:comb_3|tileMap[401][0]                    ; Stuck at GND due to stuck port data_in      ;
; motorBack_Ground:comb_3|tileMap[402][6]                    ; Stuck at GND due to stuck port data_in      ;
; motorBack_Ground:comb_3|tileMap[402][4]                    ; Stuck at GND due to stuck port data_in      ;
; motorBack_Ground:comb_3|tileMap[402][1]                    ; Stuck at GND due to stuck port data_in      ;
; motorBack_Ground:comb_3|tileMap[402][0]                    ; Stuck at GND due to stuck port data_in      ;
; motorBack_Ground:comb_3|tileMap[403][6]                    ; Stuck at GND due to stuck port data_in      ;
; motorBack_Ground:comb_3|tileMap[403][4]                    ; Stuck at GND due to stuck port data_in      ;
; motorBack_Ground:comb_3|tileMap[403][1]                    ; Stuck at GND due to stuck port data_in      ;
; motorBack_Ground:comb_3|tileMap[403][0]                    ; Stuck at GND due to stuck port data_in      ;
; motorBack_Ground:comb_3|tileMap[404][6]                    ; Stuck at GND due to stuck port data_in      ;
; motorBack_Ground:comb_3|tileMap[404][4]                    ; Stuck at GND due to stuck port data_in      ;
; motorBack_Ground:comb_3|tileMap[404][1]                    ; Stuck at GND due to stuck port data_in      ;
; motorBack_Ground:comb_3|tileMap[404][0]                    ; Stuck at GND due to stuck port data_in      ;
; motorBack_Ground:comb_3|tileMap[405][6]                    ; Stuck at GND due to stuck port data_in      ;
; motorBack_Ground:comb_3|tileMap[405][4]                    ; Stuck at GND due to stuck port data_in      ;
; motorBack_Ground:comb_3|tileMap[405][1]                    ; Stuck at GND due to stuck port data_in      ;
; motorBack_Ground:comb_3|tileMap[405][0]                    ; Stuck at GND due to stuck port data_in      ;
; motorBack_Ground:comb_3|tileMap[406][6]                    ; Stuck at GND due to stuck port data_in      ;
; motorBack_Ground:comb_3|tileMap[406][4]                    ; Stuck at GND due to stuck port data_in      ;
; motorBack_Ground:comb_3|tileMap[406][1]                    ; Stuck at GND due to stuck port data_in      ;
; motorBack_Ground:comb_3|tileMap[406][0]                    ; Stuck at GND due to stuck port data_in      ;
; motorBack_Ground:comb_3|tileMap[407][6]                    ; Stuck at GND due to stuck port data_in      ;
; motorBack_Ground:comb_3|tileMap[407][4]                    ; Stuck at GND due to stuck port data_in      ;
; motorBack_Ground:comb_3|tileMap[407][1]                    ; Stuck at GND due to stuck port data_in      ;
; motorBack_Ground:comb_3|tileMap[407][0]                    ; Stuck at GND due to stuck port data_in      ;
; motorBack_Ground:comb_3|tileMap[408][6]                    ; Stuck at GND due to stuck port data_in      ;
; motorBack_Ground:comb_3|tileMap[408][4]                    ; Stuck at GND due to stuck port data_in      ;
; motorBack_Ground:comb_3|tileMap[408][1]                    ; Stuck at GND due to stuck port data_in      ;
; motorBack_Ground:comb_3|tileMap[408][0]                    ; Stuck at GND due to stuck port data_in      ;
; motorBack_Ground:comb_3|tileMap[409][6]                    ; Stuck at GND due to stuck port data_in      ;
; motorBack_Ground:comb_3|tileMap[409][4]                    ; Stuck at GND due to stuck port data_in      ;
; motorBack_Ground:comb_3|tileMap[409][1]                    ; Stuck at GND due to stuck port data_in      ;
; motorBack_Ground:comb_3|tileMap[409][0]                    ; Stuck at GND due to stuck port data_in      ;
; motorBack_Ground:comb_3|tileMap[410][6]                    ; Stuck at GND due to stuck port data_in      ;
; motorBack_Ground:comb_3|tileMap[410][4]                    ; Stuck at GND due to stuck port data_in      ;
; motorBack_Ground:comb_3|tileMap[410][1]                    ; Stuck at GND due to stuck port data_in      ;
; motorBack_Ground:comb_3|tileMap[410][0]                    ; Stuck at GND due to stuck port data_in      ;
; motorBack_Ground:comb_3|tileMap[411][6]                    ; Stuck at GND due to stuck port data_in      ;
; motorBack_Ground:comb_3|tileMap[411][4]                    ; Stuck at GND due to stuck port data_in      ;
; motorBack_Ground:comb_3|tileMap[411][1]                    ; Stuck at GND due to stuck port data_in      ;
; motorBack_Ground:comb_3|tileMap[411][0]                    ; Stuck at GND due to stuck port data_in      ;
; motorBack_Ground:comb_3|tileMap[412][6]                    ; Stuck at GND due to stuck port data_in      ;
; motorBack_Ground:comb_3|tileMap[412][4]                    ; Stuck at GND due to stuck port data_in      ;
; motorBack_Ground:comb_3|tileMap[412][1]                    ; Stuck at GND due to stuck port data_in      ;
; motorBack_Ground:comb_3|tileMap[412][0]                    ; Stuck at GND due to stuck port data_in      ;
; motorBack_Ground:comb_3|tileMap[413][6]                    ; Stuck at GND due to stuck port data_in      ;
; motorBack_Ground:comb_3|tileMap[413][4]                    ; Stuck at GND due to stuck port data_in      ;
; motorBack_Ground:comb_3|tileMap[413][1]                    ; Stuck at GND due to stuck port data_in      ;
; motorBack_Ground:comb_3|tileMap[413][0]                    ; Stuck at GND due to stuck port data_in      ;
; motorBack_Ground:comb_3|tileMap[414][6]                    ; Stuck at GND due to stuck port data_in      ;
; motorBack_Ground:comb_3|tileMap[414][4]                    ; Stuck at GND due to stuck port data_in      ;
; motorBack_Ground:comb_3|tileMap[414][1]                    ; Stuck at GND due to stuck port data_in      ;
; motorBack_Ground:comb_3|tileMap[414][0]                    ; Stuck at GND due to stuck port data_in      ;
; motorBack_Ground:comb_3|tileMap[415][6]                    ; Stuck at GND due to stuck port data_in      ;
; motorBack_Ground:comb_3|tileMap[415][4]                    ; Stuck at GND due to stuck port data_in      ;
; motorBack_Ground:comb_3|tileMap[415][1]                    ; Stuck at GND due to stuck port data_in      ;
; motorBack_Ground:comb_3|tileMap[415][0]                    ; Stuck at GND due to stuck port data_in      ;
; motorBack_Ground:comb_3|tileMap[416][6]                    ; Stuck at GND due to stuck port data_in      ;
; motorBack_Ground:comb_3|tileMap[416][4]                    ; Stuck at GND due to stuck port data_in      ;
; motorBack_Ground:comb_3|tileMap[416][1]                    ; Stuck at GND due to stuck port data_in      ;
; motorBack_Ground:comb_3|tileMap[416][0]                    ; Stuck at GND due to stuck port data_in      ;
; motorBack_Ground:comb_3|tileMap[417][6]                    ; Stuck at GND due to stuck port data_in      ;
; motorBack_Ground:comb_3|tileMap[417][4]                    ; Stuck at GND due to stuck port data_in      ;
; motorBack_Ground:comb_3|tileMap[417][1]                    ; Stuck at GND due to stuck port data_in      ;
; motorBack_Ground:comb_3|tileMap[417][0]                    ; Stuck at GND due to stuck port data_in      ;
; motorBack_Ground:comb_3|tileMap[418][6]                    ; Stuck at GND due to stuck port data_in      ;
; motorBack_Ground:comb_3|tileMap[418][4]                    ; Stuck at GND due to stuck port data_in      ;
; motorBack_Ground:comb_3|tileMap[418][1]                    ; Stuck at GND due to stuck port data_in      ;
; motorBack_Ground:comb_3|tileMap[418][0]                    ; Stuck at GND due to stuck port data_in      ;
; motorBack_Ground:comb_3|tileMap[419][6]                    ; Stuck at GND due to stuck port data_in      ;
; motorBack_Ground:comb_3|tileMap[419][4]                    ; Stuck at GND due to stuck port data_in      ;
; motorBack_Ground:comb_3|tileMap[419][1]                    ; Stuck at GND due to stuck port data_in      ;
; motorBack_Ground:comb_3|tileMap[419][0]                    ; Stuck at GND due to stuck port data_in      ;
; motorBack_Ground:comb_3|tileMap[420][6]                    ; Stuck at GND due to stuck port data_in      ;
; motorBack_Ground:comb_3|tileMap[420][4]                    ; Stuck at GND due to stuck port data_in      ;
; motorBack_Ground:comb_3|tileMap[420][1]                    ; Stuck at GND due to stuck port data_in      ;
; motorBack_Ground:comb_3|tileMap[420][0]                    ; Stuck at GND due to stuck port data_in      ;
; motorBack_Ground:comb_3|tileMap[421][6]                    ; Stuck at GND due to stuck port data_in      ;
; motorBack_Ground:comb_3|tileMap[421][4]                    ; Stuck at GND due to stuck port data_in      ;
; motorBack_Ground:comb_3|tileMap[421][1]                    ; Stuck at GND due to stuck port data_in      ;
; motorBack_Ground:comb_3|tileMap[421][0]                    ; Stuck at GND due to stuck port data_in      ;
; motorBack_Ground:comb_3|tileMap[422][6]                    ; Stuck at GND due to stuck port data_in      ;
; motorBack_Ground:comb_3|tileMap[422][4]                    ; Stuck at GND due to stuck port data_in      ;
; motorBack_Ground:comb_3|tileMap[422][1]                    ; Stuck at GND due to stuck port data_in      ;
; motorBack_Ground:comb_3|tileMap[422][0]                    ; Stuck at GND due to stuck port data_in      ;
; motorBack_Ground:comb_3|tileMap[423][6]                    ; Stuck at GND due to stuck port data_in      ;
; motorBack_Ground:comb_3|tileMap[423][4]                    ; Stuck at GND due to stuck port data_in      ;
; motorBack_Ground:comb_3|tileMap[423][1]                    ; Stuck at GND due to stuck port data_in      ;
; motorBack_Ground:comb_3|tileMap[423][0]                    ; Stuck at GND due to stuck port data_in      ;
; motorBack_Ground:comb_3|tileMap[424][6]                    ; Stuck at GND due to stuck port data_in      ;
; motorBack_Ground:comb_3|tileMap[424][4]                    ; Stuck at GND due to stuck port data_in      ;
; motorBack_Ground:comb_3|tileMap[424][1]                    ; Stuck at GND due to stuck port data_in      ;
; motorBack_Ground:comb_3|tileMap[424][0]                    ; Stuck at GND due to stuck port data_in      ;
; motorBack_Ground:comb_3|tileMap[425][6]                    ; Stuck at GND due to stuck port data_in      ;
; motorBack_Ground:comb_3|tileMap[425][4]                    ; Stuck at GND due to stuck port data_in      ;
; motorBack_Ground:comb_3|tileMap[425][1]                    ; Stuck at GND due to stuck port data_in      ;
; motorBack_Ground:comb_3|tileMap[425][0]                    ; Stuck at GND due to stuck port data_in      ;
; motorBack_Ground:comb_3|tileMap[426][6]                    ; Stuck at GND due to stuck port data_in      ;
; motorBack_Ground:comb_3|tileMap[426][4]                    ; Stuck at GND due to stuck port data_in      ;
; motorBack_Ground:comb_3|tileMap[426][1]                    ; Stuck at GND due to stuck port data_in      ;
; motorBack_Ground:comb_3|tileMap[426][0]                    ; Stuck at GND due to stuck port data_in      ;
; motorBack_Ground:comb_3|tileMap[427][6]                    ; Stuck at GND due to stuck port data_in      ;
; motorBack_Ground:comb_3|tileMap[427][4]                    ; Stuck at GND due to stuck port data_in      ;
; motorBack_Ground:comb_3|tileMap[427][1]                    ; Stuck at GND due to stuck port data_in      ;
; motorBack_Ground:comb_3|tileMap[427][0]                    ; Stuck at GND due to stuck port data_in      ;
; motorBack_Ground:comb_3|tileMap[428][6]                    ; Stuck at GND due to stuck port data_in      ;
; motorBack_Ground:comb_3|tileMap[428][4]                    ; Stuck at GND due to stuck port data_in      ;
; motorBack_Ground:comb_3|tileMap[428][1]                    ; Stuck at GND due to stuck port data_in      ;
; motorBack_Ground:comb_3|tileMap[428][0]                    ; Stuck at GND due to stuck port data_in      ;
; motorBack_Ground:comb_3|tileMap[429][6]                    ; Stuck at GND due to stuck port data_in      ;
; motorBack_Ground:comb_3|tileMap[429][4]                    ; Stuck at GND due to stuck port data_in      ;
; motorBack_Ground:comb_3|tileMap[429][1]                    ; Stuck at GND due to stuck port data_in      ;
; motorBack_Ground:comb_3|tileMap[429][0]                    ; Stuck at GND due to stuck port data_in      ;
; motorBack_Ground:comb_3|tileMap[430][6]                    ; Stuck at GND due to stuck port data_in      ;
; motorBack_Ground:comb_3|tileMap[430][4]                    ; Stuck at GND due to stuck port data_in      ;
; motorBack_Ground:comb_3|tileMap[430][1]                    ; Stuck at GND due to stuck port data_in      ;
; motorBack_Ground:comb_3|tileMap[430][0]                    ; Stuck at GND due to stuck port data_in      ;
; motorBack_Ground:comb_3|tileMap[431][6]                    ; Stuck at GND due to stuck port data_in      ;
; motorBack_Ground:comb_3|tileMap[431][4]                    ; Stuck at GND due to stuck port data_in      ;
; motorBack_Ground:comb_3|tileMap[431][1]                    ; Stuck at GND due to stuck port data_in      ;
; motorBack_Ground:comb_3|tileMap[431][0]                    ; Stuck at GND due to stuck port data_in      ;
; motorBack_Ground:comb_3|tileMap[432][6]                    ; Stuck at GND due to stuck port data_in      ;
; motorBack_Ground:comb_3|tileMap[432][4]                    ; Stuck at GND due to stuck port data_in      ;
; motorBack_Ground:comb_3|tileMap[432][1]                    ; Stuck at GND due to stuck port data_in      ;
; motorBack_Ground:comb_3|tileMap[432][0]                    ; Stuck at GND due to stuck port data_in      ;
; motorBack_Ground:comb_3|tileMap[433][6]                    ; Stuck at GND due to stuck port data_in      ;
; motorBack_Ground:comb_3|tileMap[433][4]                    ; Stuck at GND due to stuck port data_in      ;
; motorBack_Ground:comb_3|tileMap[433][1]                    ; Stuck at GND due to stuck port data_in      ;
; motorBack_Ground:comb_3|tileMap[433][0]                    ; Stuck at GND due to stuck port data_in      ;
; motorBack_Ground:comb_3|tileMap[434][6]                    ; Stuck at GND due to stuck port data_in      ;
; motorBack_Ground:comb_3|tileMap[434][4]                    ; Stuck at GND due to stuck port data_in      ;
; motorBack_Ground:comb_3|tileMap[434][1]                    ; Stuck at GND due to stuck port data_in      ;
; motorBack_Ground:comb_3|tileMap[434][0]                    ; Stuck at GND due to stuck port data_in      ;
; motorBack_Ground:comb_3|tileMap[435][6]                    ; Stuck at GND due to stuck port data_in      ;
; motorBack_Ground:comb_3|tileMap[435][4]                    ; Stuck at GND due to stuck port data_in      ;
; motorBack_Ground:comb_3|tileMap[435][1]                    ; Stuck at GND due to stuck port data_in      ;
; motorBack_Ground:comb_3|tileMap[435][0]                    ; Stuck at GND due to stuck port data_in      ;
; motorBack_Ground:comb_3|tileMap[436][6]                    ; Stuck at GND due to stuck port data_in      ;
; motorBack_Ground:comb_3|tileMap[436][4]                    ; Stuck at GND due to stuck port data_in      ;
; motorBack_Ground:comb_3|tileMap[436][1]                    ; Stuck at GND due to stuck port data_in      ;
; motorBack_Ground:comb_3|tileMap[436][0]                    ; Stuck at GND due to stuck port data_in      ;
; motorBack_Ground:comb_3|tileMap[437][6]                    ; Stuck at GND due to stuck port data_in      ;
; motorBack_Ground:comb_3|tileMap[437][4]                    ; Stuck at GND due to stuck port data_in      ;
; motorBack_Ground:comb_3|tileMap[437][1]                    ; Stuck at GND due to stuck port data_in      ;
; motorBack_Ground:comb_3|tileMap[437][0]                    ; Stuck at GND due to stuck port data_in      ;
; motorBack_Ground:comb_3|tileMap[438][6]                    ; Stuck at GND due to stuck port data_in      ;
; motorBack_Ground:comb_3|tileMap[438][4]                    ; Stuck at GND due to stuck port data_in      ;
; motorBack_Ground:comb_3|tileMap[438][1]                    ; Stuck at GND due to stuck port data_in      ;
; motorBack_Ground:comb_3|tileMap[438][0]                    ; Stuck at GND due to stuck port data_in      ;
; motorBack_Ground:comb_3|tileMap[439][6]                    ; Stuck at GND due to stuck port data_in      ;
; motorBack_Ground:comb_3|tileMap[439][4]                    ; Stuck at GND due to stuck port data_in      ;
; motorBack_Ground:comb_3|tileMap[439][1]                    ; Stuck at GND due to stuck port data_in      ;
; motorBack_Ground:comb_3|tileMap[439][0]                    ; Stuck at GND due to stuck port data_in      ;
; motorBack_Ground:comb_3|tileMap[440][6]                    ; Stuck at GND due to stuck port data_in      ;
; motorBack_Ground:comb_3|tileMap[440][4]                    ; Stuck at GND due to stuck port data_in      ;
; motorBack_Ground:comb_3|tileMap[440][1]                    ; Stuck at GND due to stuck port data_in      ;
; motorBack_Ground:comb_3|tileMap[440][0]                    ; Stuck at GND due to stuck port data_in      ;
; motorBack_Ground:comb_3|tileMap[441][6]                    ; Stuck at GND due to stuck port data_in      ;
; motorBack_Ground:comb_3|tileMap[441][4]                    ; Stuck at GND due to stuck port data_in      ;
; motorBack_Ground:comb_3|tileMap[441][1]                    ; Stuck at GND due to stuck port data_in      ;
; motorBack_Ground:comb_3|tileMap[441][0]                    ; Stuck at GND due to stuck port data_in      ;
; motorBack_Ground:comb_3|tileMap[442][6]                    ; Stuck at GND due to stuck port data_in      ;
; motorBack_Ground:comb_3|tileMap[442][4]                    ; Stuck at GND due to stuck port data_in      ;
; motorBack_Ground:comb_3|tileMap[442][1]                    ; Stuck at GND due to stuck port data_in      ;
; motorBack_Ground:comb_3|tileMap[442][0]                    ; Stuck at GND due to stuck port data_in      ;
; motorBack_Ground:comb_3|tileMap[443][6]                    ; Stuck at GND due to stuck port data_in      ;
; motorBack_Ground:comb_3|tileMap[443][4]                    ; Stuck at GND due to stuck port data_in      ;
; motorBack_Ground:comb_3|tileMap[443][1]                    ; Stuck at GND due to stuck port data_in      ;
; motorBack_Ground:comb_3|tileMap[443][0]                    ; Stuck at GND due to stuck port data_in      ;
; motorBack_Ground:comb_3|tileMap[444][6]                    ; Stuck at GND due to stuck port data_in      ;
; motorBack_Ground:comb_3|tileMap[444][4]                    ; Stuck at GND due to stuck port data_in      ;
; motorBack_Ground:comb_3|tileMap[444][1]                    ; Stuck at GND due to stuck port data_in      ;
; motorBack_Ground:comb_3|tileMap[444][0]                    ; Stuck at GND due to stuck port data_in      ;
; motorBack_Ground:comb_3|tileMap[445][6]                    ; Stuck at GND due to stuck port data_in      ;
; motorBack_Ground:comb_3|tileMap[445][4]                    ; Stuck at GND due to stuck port data_in      ;
; motorBack_Ground:comb_3|tileMap[445][1]                    ; Stuck at GND due to stuck port data_in      ;
; motorBack_Ground:comb_3|tileMap[445][0]                    ; Stuck at GND due to stuck port data_in      ;
; motorBack_Ground:comb_3|tileMap[446][6]                    ; Stuck at GND due to stuck port data_in      ;
; motorBack_Ground:comb_3|tileMap[446][4]                    ; Stuck at GND due to stuck port data_in      ;
; motorBack_Ground:comb_3|tileMap[446][1]                    ; Stuck at GND due to stuck port data_in      ;
; motorBack_Ground:comb_3|tileMap[446][0]                    ; Stuck at GND due to stuck port data_in      ;
; motorBack_Ground:comb_3|tileMap[447][6]                    ; Stuck at GND due to stuck port data_in      ;
; motorBack_Ground:comb_3|tileMap[447][4]                    ; Stuck at GND due to stuck port data_in      ;
; motorBack_Ground:comb_3|tileMap[447][1]                    ; Stuck at GND due to stuck port data_in      ;
; motorBack_Ground:comb_3|tileMap[447][0]                    ; Stuck at GND due to stuck port data_in      ;
; motorBack_Ground:comb_3|tileMap[448][6]                    ; Stuck at GND due to stuck port data_in      ;
; motorBack_Ground:comb_3|tileMap[448][4]                    ; Stuck at GND due to stuck port data_in      ;
; motorBack_Ground:comb_3|tileMap[448][1]                    ; Stuck at GND due to stuck port data_in      ;
; motorBack_Ground:comb_3|tileMap[448][0]                    ; Stuck at GND due to stuck port data_in      ;
; motorBack_Ground:comb_3|tileMap[449][6]                    ; Stuck at GND due to stuck port data_in      ;
; motorBack_Ground:comb_3|tileMap[449][4]                    ; Stuck at GND due to stuck port data_in      ;
; motorBack_Ground:comb_3|tileMap[449][1]                    ; Stuck at GND due to stuck port data_in      ;
; motorBack_Ground:comb_3|tileMap[449][0]                    ; Stuck at GND due to stuck port data_in      ;
; motorBack_Ground:comb_3|tileMap[450][6]                    ; Stuck at GND due to stuck port data_in      ;
; motorBack_Ground:comb_3|tileMap[450][4]                    ; Stuck at GND due to stuck port data_in      ;
; motorBack_Ground:comb_3|tileMap[450][1]                    ; Stuck at GND due to stuck port data_in      ;
; motorBack_Ground:comb_3|tileMap[450][0]                    ; Stuck at GND due to stuck port data_in      ;
; motorBack_Ground:comb_3|tileMap[451][6]                    ; Stuck at GND due to stuck port data_in      ;
; motorBack_Ground:comb_3|tileMap[451][4]                    ; Stuck at GND due to stuck port data_in      ;
; motorBack_Ground:comb_3|tileMap[451][1]                    ; Stuck at GND due to stuck port data_in      ;
; motorBack_Ground:comb_3|tileMap[451][0]                    ; Stuck at GND due to stuck port data_in      ;
; motorBack_Ground:comb_3|tileMap[452][6]                    ; Stuck at GND due to stuck port data_in      ;
; motorBack_Ground:comb_3|tileMap[452][4]                    ; Stuck at GND due to stuck port data_in      ;
; motorBack_Ground:comb_3|tileMap[452][1]                    ; Stuck at GND due to stuck port data_in      ;
; motorBack_Ground:comb_3|tileMap[452][0]                    ; Stuck at GND due to stuck port data_in      ;
; motorBack_Ground:comb_3|tileMap[453][6]                    ; Stuck at GND due to stuck port data_in      ;
; motorBack_Ground:comb_3|tileMap[453][4]                    ; Stuck at GND due to stuck port data_in      ;
; motorBack_Ground:comb_3|tileMap[453][1]                    ; Stuck at GND due to stuck port data_in      ;
; motorBack_Ground:comb_3|tileMap[453][0]                    ; Stuck at GND due to stuck port data_in      ;
; motorBack_Ground:comb_3|tileMap[454][6]                    ; Stuck at GND due to stuck port data_in      ;
; motorBack_Ground:comb_3|tileMap[454][4]                    ; Stuck at GND due to stuck port data_in      ;
; motorBack_Ground:comb_3|tileMap[454][1]                    ; Stuck at GND due to stuck port data_in      ;
; motorBack_Ground:comb_3|tileMap[454][0]                    ; Stuck at GND due to stuck port data_in      ;
; motorBack_Ground:comb_3|tileMap[455][6]                    ; Stuck at GND due to stuck port data_in      ;
; motorBack_Ground:comb_3|tileMap[455][4]                    ; Stuck at GND due to stuck port data_in      ;
; motorBack_Ground:comb_3|tileMap[455][1]                    ; Stuck at GND due to stuck port data_in      ;
; motorBack_Ground:comb_3|tileMap[455][0]                    ; Stuck at GND due to stuck port data_in      ;
; motorBack_Ground:comb_3|tileMap[456][6]                    ; Stuck at GND due to stuck port data_in      ;
; motorBack_Ground:comb_3|tileMap[456][4]                    ; Stuck at GND due to stuck port data_in      ;
; motorBack_Ground:comb_3|tileMap[456][1]                    ; Stuck at GND due to stuck port data_in      ;
; motorBack_Ground:comb_3|tileMap[456][0]                    ; Stuck at GND due to stuck port data_in      ;
; motorBack_Ground:comb_3|tileMap[457][6]                    ; Stuck at GND due to stuck port data_in      ;
; motorBack_Ground:comb_3|tileMap[457][4]                    ; Stuck at GND due to stuck port data_in      ;
; motorBack_Ground:comb_3|tileMap[457][1]                    ; Stuck at GND due to stuck port data_in      ;
; motorBack_Ground:comb_3|tileMap[457][0]                    ; Stuck at GND due to stuck port data_in      ;
; motorBack_Ground:comb_3|tileMap[458][6]                    ; Stuck at GND due to stuck port data_in      ;
; motorBack_Ground:comb_3|tileMap[458][4]                    ; Stuck at GND due to stuck port data_in      ;
; motorBack_Ground:comb_3|tileMap[458][1]                    ; Stuck at GND due to stuck port data_in      ;
; motorBack_Ground:comb_3|tileMap[458][0]                    ; Stuck at GND due to stuck port data_in      ;
; motorBack_Ground:comb_3|tileMap[459][6]                    ; Stuck at GND due to stuck port data_in      ;
; motorBack_Ground:comb_3|tileMap[459][4]                    ; Stuck at GND due to stuck port data_in      ;
; motorBack_Ground:comb_3|tileMap[459][1]                    ; Stuck at GND due to stuck port data_in      ;
; motorBack_Ground:comb_3|tileMap[459][0]                    ; Stuck at GND due to stuck port data_in      ;
; motorBack_Ground:comb_3|tileMap[460][6]                    ; Stuck at GND due to stuck port data_in      ;
; motorBack_Ground:comb_3|tileMap[460][4]                    ; Stuck at GND due to stuck port data_in      ;
; motorBack_Ground:comb_3|tileMap[460][1]                    ; Stuck at GND due to stuck port data_in      ;
; motorBack_Ground:comb_3|tileMap[460][0]                    ; Stuck at GND due to stuck port data_in      ;
; motorBack_Ground:comb_3|tileMap[461][6]                    ; Stuck at GND due to stuck port data_in      ;
; motorBack_Ground:comb_3|tileMap[461][4]                    ; Stuck at GND due to stuck port data_in      ;
; motorBack_Ground:comb_3|tileMap[461][1]                    ; Stuck at GND due to stuck port data_in      ;
; motorBack_Ground:comb_3|tileMap[461][0]                    ; Stuck at GND due to stuck port data_in      ;
; motorBack_Ground:comb_3|tileMap[462][6]                    ; Stuck at GND due to stuck port data_in      ;
; motorBack_Ground:comb_3|tileMap[462][4]                    ; Stuck at GND due to stuck port data_in      ;
; motorBack_Ground:comb_3|tileMap[462][1]                    ; Stuck at GND due to stuck port data_in      ;
; motorBack_Ground:comb_3|tileMap[462][0]                    ; Stuck at GND due to stuck port data_in      ;
; motorBack_Ground:comb_3|tileMap[463][6]                    ; Stuck at GND due to stuck port data_in      ;
; motorBack_Ground:comb_3|tileMap[463][4]                    ; Stuck at GND due to stuck port data_in      ;
; motorBack_Ground:comb_3|tileMap[463][1]                    ; Stuck at GND due to stuck port data_in      ;
; motorBack_Ground:comb_3|tileMap[463][0]                    ; Stuck at GND due to stuck port data_in      ;
; motorBack_Ground:comb_3|tileMap[464][6]                    ; Stuck at GND due to stuck port data_in      ;
; motorBack_Ground:comb_3|tileMap[464][4]                    ; Stuck at GND due to stuck port data_in      ;
; motorBack_Ground:comb_3|tileMap[464][1]                    ; Stuck at GND due to stuck port data_in      ;
; motorBack_Ground:comb_3|tileMap[464][0]                    ; Stuck at GND due to stuck port data_in      ;
; motorBack_Ground:comb_3|tileMap[465][6]                    ; Stuck at GND due to stuck port data_in      ;
; motorBack_Ground:comb_3|tileMap[465][4]                    ; Stuck at GND due to stuck port data_in      ;
; motorBack_Ground:comb_3|tileMap[465][1]                    ; Stuck at GND due to stuck port data_in      ;
; motorBack_Ground:comb_3|tileMap[465][0]                    ; Stuck at GND due to stuck port data_in      ;
; motorBack_Ground:comb_3|tileMap[466][6]                    ; Stuck at GND due to stuck port data_in      ;
; motorBack_Ground:comb_3|tileMap[466][4]                    ; Stuck at GND due to stuck port data_in      ;
; motorBack_Ground:comb_3|tileMap[466][1]                    ; Stuck at GND due to stuck port data_in      ;
; motorBack_Ground:comb_3|tileMap[466][0]                    ; Stuck at GND due to stuck port data_in      ;
; motorBack_Ground:comb_3|tileMap[467][6]                    ; Stuck at GND due to stuck port data_in      ;
; motorBack_Ground:comb_3|tileMap[467][4]                    ; Stuck at GND due to stuck port data_in      ;
; motorBack_Ground:comb_3|tileMap[467][1]                    ; Stuck at GND due to stuck port data_in      ;
; motorBack_Ground:comb_3|tileMap[467][0]                    ; Stuck at GND due to stuck port data_in      ;
; motorBack_Ground:comb_3|tileMap[468][6]                    ; Stuck at GND due to stuck port data_in      ;
; motorBack_Ground:comb_3|tileMap[468][4]                    ; Stuck at GND due to stuck port data_in      ;
; motorBack_Ground:comb_3|tileMap[468][1]                    ; Stuck at GND due to stuck port data_in      ;
; motorBack_Ground:comb_3|tileMap[468][0]                    ; Stuck at GND due to stuck port data_in      ;
; motorBack_Ground:comb_3|tileMap[469][6]                    ; Stuck at GND due to stuck port data_in      ;
; motorBack_Ground:comb_3|tileMap[469][4]                    ; Stuck at GND due to stuck port data_in      ;
; motorBack_Ground:comb_3|tileMap[469][1]                    ; Stuck at GND due to stuck port data_in      ;
; motorBack_Ground:comb_3|tileMap[469][0]                    ; Stuck at GND due to stuck port data_in      ;
; motorBack_Ground:comb_3|tileMap[470][6]                    ; Stuck at GND due to stuck port data_in      ;
; motorBack_Ground:comb_3|tileMap[470][4]                    ; Stuck at GND due to stuck port data_in      ;
; motorBack_Ground:comb_3|tileMap[470][1]                    ; Stuck at GND due to stuck port data_in      ;
; motorBack_Ground:comb_3|tileMap[470][0]                    ; Stuck at GND due to stuck port data_in      ;
; motorBack_Ground:comb_3|tileMap[471][6]                    ; Stuck at GND due to stuck port data_in      ;
; motorBack_Ground:comb_3|tileMap[471][4]                    ; Stuck at GND due to stuck port data_in      ;
; motorBack_Ground:comb_3|tileMap[471][1]                    ; Stuck at GND due to stuck port data_in      ;
; motorBack_Ground:comb_3|tileMap[471][0]                    ; Stuck at GND due to stuck port data_in      ;
; motorBack_Ground:comb_3|tileMap[472][6]                    ; Stuck at GND due to stuck port data_in      ;
; motorBack_Ground:comb_3|tileMap[472][4]                    ; Stuck at GND due to stuck port data_in      ;
; motorBack_Ground:comb_3|tileMap[472][1]                    ; Stuck at GND due to stuck port data_in      ;
; motorBack_Ground:comb_3|tileMap[472][0]                    ; Stuck at GND due to stuck port data_in      ;
; motorBack_Ground:comb_3|tileMap[473][6]                    ; Stuck at GND due to stuck port data_in      ;
; motorBack_Ground:comb_3|tileMap[473][4]                    ; Stuck at GND due to stuck port data_in      ;
; motorBack_Ground:comb_3|tileMap[473][1]                    ; Stuck at GND due to stuck port data_in      ;
; motorBack_Ground:comb_3|tileMap[473][0]                    ; Stuck at GND due to stuck port data_in      ;
; motorBack_Ground:comb_3|tileMap[474][6]                    ; Stuck at GND due to stuck port data_in      ;
; motorBack_Ground:comb_3|tileMap[474][4]                    ; Stuck at GND due to stuck port data_in      ;
; motorBack_Ground:comb_3|tileMap[474][1]                    ; Stuck at GND due to stuck port data_in      ;
; motorBack_Ground:comb_3|tileMap[474][0]                    ; Stuck at GND due to stuck port data_in      ;
; motorBack_Ground:comb_3|tileMap[475][6]                    ; Stuck at GND due to stuck port data_in      ;
; motorBack_Ground:comb_3|tileMap[475][4]                    ; Stuck at GND due to stuck port data_in      ;
; motorBack_Ground:comb_3|tileMap[475][1]                    ; Stuck at GND due to stuck port data_in      ;
; motorBack_Ground:comb_3|tileMap[475][0]                    ; Stuck at GND due to stuck port data_in      ;
; motorBack_Ground:comb_3|tileMap[476][6]                    ; Stuck at GND due to stuck port data_in      ;
; motorBack_Ground:comb_3|tileMap[476][4]                    ; Stuck at GND due to stuck port data_in      ;
; motorBack_Ground:comb_3|tileMap[476][1]                    ; Stuck at GND due to stuck port data_in      ;
; motorBack_Ground:comb_3|tileMap[476][0]                    ; Stuck at GND due to stuck port data_in      ;
; motorBack_Ground:comb_3|tileMap[477][6]                    ; Stuck at GND due to stuck port data_in      ;
; motorBack_Ground:comb_3|tileMap[477][4]                    ; Stuck at GND due to stuck port data_in      ;
; motorBack_Ground:comb_3|tileMap[477][1]                    ; Stuck at GND due to stuck port data_in      ;
; motorBack_Ground:comb_3|tileMap[477][0]                    ; Stuck at GND due to stuck port data_in      ;
; motorBack_Ground:comb_3|tileMap[478][6]                    ; Stuck at GND due to stuck port data_in      ;
; motorBack_Ground:comb_3|tileMap[478][4]                    ; Stuck at GND due to stuck port data_in      ;
; motorBack_Ground:comb_3|tileMap[478][1]                    ; Stuck at GND due to stuck port data_in      ;
; motorBack_Ground:comb_3|tileMap[478][0]                    ; Stuck at GND due to stuck port data_in      ;
; motorBack_Ground:comb_3|tileMap[479][6]                    ; Stuck at GND due to stuck port data_in      ;
; motorBack_Ground:comb_3|tileMap[479][4]                    ; Stuck at GND due to stuck port data_in      ;
; motorBack_Ground:comb_3|tileMap[479][1]                    ; Stuck at GND due to stuck port data_in      ;
; motorBack_Ground:comb_3|tileMap[479][0]                    ; Stuck at GND due to stuck port data_in      ;
; motorBack_Ground:comb_3|tileMap[480][6]                    ; Stuck at GND due to stuck port data_in      ;
; motorBack_Ground:comb_3|tileMap[480][4]                    ; Stuck at GND due to stuck port data_in      ;
; motorBack_Ground:comb_3|tileMap[480][1]                    ; Stuck at GND due to stuck port data_in      ;
; motorBack_Ground:comb_3|tileMap[480][0]                    ; Stuck at GND due to stuck port data_in      ;
; motorBack_Ground:comb_3|tileMap[481][6]                    ; Stuck at GND due to stuck port data_in      ;
; motorBack_Ground:comb_3|tileMap[481][4]                    ; Stuck at GND due to stuck port data_in      ;
; motorBack_Ground:comb_3|tileMap[481][1]                    ; Stuck at GND due to stuck port data_in      ;
; motorBack_Ground:comb_3|tileMap[481][0]                    ; Stuck at GND due to stuck port data_in      ;
; motorBack_Ground:comb_3|tileMap[482][6]                    ; Stuck at GND due to stuck port data_in      ;
; motorBack_Ground:comb_3|tileMap[482][4]                    ; Stuck at GND due to stuck port data_in      ;
; motorBack_Ground:comb_3|tileMap[482][1]                    ; Stuck at GND due to stuck port data_in      ;
; motorBack_Ground:comb_3|tileMap[482][0]                    ; Stuck at GND due to stuck port data_in      ;
; motorBack_Ground:comb_3|tileMap[483][6]                    ; Stuck at GND due to stuck port data_in      ;
; motorBack_Ground:comb_3|tileMap[483][4]                    ; Stuck at GND due to stuck port data_in      ;
; motorBack_Ground:comb_3|tileMap[483][1]                    ; Stuck at GND due to stuck port data_in      ;
; motorBack_Ground:comb_3|tileMap[483][0]                    ; Stuck at GND due to stuck port data_in      ;
; motorBack_Ground:comb_3|tileMap[484][6]                    ; Stuck at GND due to stuck port data_in      ;
; motorBack_Ground:comb_3|tileMap[484][4]                    ; Stuck at GND due to stuck port data_in      ;
; motorBack_Ground:comb_3|tileMap[484][1]                    ; Stuck at GND due to stuck port data_in      ;
; motorBack_Ground:comb_3|tileMap[484][0]                    ; Stuck at GND due to stuck port data_in      ;
; motorBack_Ground:comb_3|tileMap[485][6]                    ; Stuck at GND due to stuck port data_in      ;
; motorBack_Ground:comb_3|tileMap[485][4]                    ; Stuck at GND due to stuck port data_in      ;
; motorBack_Ground:comb_3|tileMap[485][1]                    ; Stuck at GND due to stuck port data_in      ;
; motorBack_Ground:comb_3|tileMap[485][0]                    ; Stuck at GND due to stuck port data_in      ;
; motorBack_Ground:comb_3|tileMap[486][6]                    ; Stuck at GND due to stuck port data_in      ;
; motorBack_Ground:comb_3|tileMap[486][4]                    ; Stuck at GND due to stuck port data_in      ;
; motorBack_Ground:comb_3|tileMap[486][1]                    ; Stuck at GND due to stuck port data_in      ;
; motorBack_Ground:comb_3|tileMap[486][0]                    ; Stuck at GND due to stuck port data_in      ;
; motorBack_Ground:comb_3|tileMap[487][6]                    ; Stuck at GND due to stuck port data_in      ;
; motorBack_Ground:comb_3|tileMap[487][4]                    ; Stuck at GND due to stuck port data_in      ;
; motorBack_Ground:comb_3|tileMap[487][1]                    ; Stuck at GND due to stuck port data_in      ;
; motorBack_Ground:comb_3|tileMap[487][0]                    ; Stuck at GND due to stuck port data_in      ;
; motorBack_Ground:comb_3|tileMap[488][6]                    ; Stuck at GND due to stuck port data_in      ;
; motorBack_Ground:comb_3|tileMap[488][4]                    ; Stuck at GND due to stuck port data_in      ;
; motorBack_Ground:comb_3|tileMap[488][1]                    ; Stuck at GND due to stuck port data_in      ;
; motorBack_Ground:comb_3|tileMap[488][0]                    ; Stuck at GND due to stuck port data_in      ;
; motorBack_Ground:comb_3|tileMap[489][6]                    ; Stuck at GND due to stuck port data_in      ;
; motorBack_Ground:comb_3|tileMap[489][4]                    ; Stuck at GND due to stuck port data_in      ;
; motorBack_Ground:comb_3|tileMap[489][1]                    ; Stuck at GND due to stuck port data_in      ;
; motorBack_Ground:comb_3|tileMap[489][0]                    ; Stuck at GND due to stuck port data_in      ;
; motorBack_Ground:comb_3|tileMap[490][6]                    ; Stuck at GND due to stuck port data_in      ;
; motorBack_Ground:comb_3|tileMap[490][4]                    ; Stuck at GND due to stuck port data_in      ;
; motorBack_Ground:comb_3|tileMap[490][1]                    ; Stuck at GND due to stuck port data_in      ;
; motorBack_Ground:comb_3|tileMap[490][0]                    ; Stuck at GND due to stuck port data_in      ;
; motorBack_Ground:comb_3|tileMap[491][6]                    ; Stuck at GND due to stuck port data_in      ;
; motorBack_Ground:comb_3|tileMap[491][4]                    ; Stuck at GND due to stuck port data_in      ;
; motorBack_Ground:comb_3|tileMap[491][1]                    ; Stuck at GND due to stuck port data_in      ;
; motorBack_Ground:comb_3|tileMap[491][0]                    ; Stuck at GND due to stuck port data_in      ;
; motorBack_Ground:comb_3|tileMap[492][6]                    ; Stuck at GND due to stuck port data_in      ;
; motorBack_Ground:comb_3|tileMap[492][4]                    ; Stuck at GND due to stuck port data_in      ;
; motorBack_Ground:comb_3|tileMap[492][1]                    ; Stuck at GND due to stuck port data_in      ;
; motorBack_Ground:comb_3|tileMap[492][0]                    ; Stuck at GND due to stuck port data_in      ;
; motorBack_Ground:comb_3|tileMap[493][6]                    ; Stuck at GND due to stuck port data_in      ;
; motorBack_Ground:comb_3|tileMap[493][4]                    ; Stuck at GND due to stuck port data_in      ;
; motorBack_Ground:comb_3|tileMap[493][1]                    ; Stuck at GND due to stuck port data_in      ;
; motorBack_Ground:comb_3|tileMap[493][0]                    ; Stuck at GND due to stuck port data_in      ;
; motorBack_Ground:comb_3|tileMap[494][6]                    ; Stuck at GND due to stuck port data_in      ;
; motorBack_Ground:comb_3|tileMap[494][4]                    ; Stuck at GND due to stuck port data_in      ;
; motorBack_Ground:comb_3|tileMap[494][1]                    ; Stuck at GND due to stuck port data_in      ;
; motorBack_Ground:comb_3|tileMap[494][0]                    ; Stuck at GND due to stuck port data_in      ;
; motorBack_Ground:comb_3|tileMap[495][6]                    ; Stuck at GND due to stuck port data_in      ;
; motorBack_Ground:comb_3|tileMap[495][4]                    ; Stuck at GND due to stuck port data_in      ;
; motorBack_Ground:comb_3|tileMap[495][1]                    ; Stuck at GND due to stuck port data_in      ;
; motorBack_Ground:comb_3|tileMap[495][0]                    ; Stuck at GND due to stuck port data_in      ;
; motorBack_Ground:comb_3|tileMap[496][6]                    ; Stuck at GND due to stuck port data_in      ;
; motorBack_Ground:comb_3|tileMap[496][4]                    ; Stuck at GND due to stuck port data_in      ;
; motorBack_Ground:comb_3|tileMap[496][1]                    ; Stuck at GND due to stuck port data_in      ;
; motorBack_Ground:comb_3|tileMap[496][0]                    ; Stuck at GND due to stuck port data_in      ;
; motorBack_Ground:comb_3|tileMap[497][6]                    ; Stuck at GND due to stuck port data_in      ;
; motorBack_Ground:comb_3|tileMap[497][4]                    ; Stuck at GND due to stuck port data_in      ;
; motorBack_Ground:comb_3|tileMap[497][1]                    ; Stuck at GND due to stuck port data_in      ;
; motorBack_Ground:comb_3|tileMap[497][0]                    ; Stuck at GND due to stuck port data_in      ;
; motorBack_Ground:comb_3|tileMap[498][6]                    ; Stuck at GND due to stuck port data_in      ;
; motorBack_Ground:comb_3|tileMap[498][4]                    ; Stuck at GND due to stuck port data_in      ;
; motorBack_Ground:comb_3|tileMap[498][1]                    ; Stuck at GND due to stuck port data_in      ;
; motorBack_Ground:comb_3|tileMap[498][0]                    ; Stuck at GND due to stuck port data_in      ;
; motorBack_Ground:comb_3|tileMap[499][6]                    ; Stuck at GND due to stuck port data_in      ;
; motorBack_Ground:comb_3|tileMap[499][4]                    ; Stuck at GND due to stuck port data_in      ;
; motorBack_Ground:comb_3|tileMap[499][1]                    ; Stuck at GND due to stuck port data_in      ;
; motorBack_Ground:comb_3|tileMap[499][0]                    ; Stuck at GND due to stuck port data_in      ;
; motorBack_Ground:comb_3|tileMap[500][6]                    ; Stuck at GND due to stuck port data_in      ;
; motorBack_Ground:comb_3|tileMap[500][4]                    ; Stuck at GND due to stuck port data_in      ;
; motorBack_Ground:comb_3|tileMap[500][1]                    ; Stuck at GND due to stuck port data_in      ;
; motorBack_Ground:comb_3|tileMap[500][0]                    ; Stuck at GND due to stuck port data_in      ;
; motorBack_Ground:comb_3|tileMap[501][6]                    ; Stuck at GND due to stuck port data_in      ;
; motorBack_Ground:comb_3|tileMap[501][4]                    ; Stuck at GND due to stuck port data_in      ;
; motorBack_Ground:comb_3|tileMap[501][1]                    ; Stuck at GND due to stuck port data_in      ;
; motorBack_Ground:comb_3|tileMap[501][0]                    ; Stuck at GND due to stuck port data_in      ;
; motorBack_Ground:comb_3|tileMap[502][6]                    ; Stuck at GND due to stuck port data_in      ;
; motorBack_Ground:comb_3|tileMap[502][4]                    ; Stuck at GND due to stuck port data_in      ;
; motorBack_Ground:comb_3|tileMap[502][1]                    ; Stuck at GND due to stuck port data_in      ;
; motorBack_Ground:comb_3|tileMap[502][0]                    ; Stuck at GND due to stuck port data_in      ;
; motorBack_Ground:comb_3|tileMap[503][6]                    ; Stuck at GND due to stuck port data_in      ;
; motorBack_Ground:comb_3|tileMap[503][4]                    ; Stuck at GND due to stuck port data_in      ;
; motorBack_Ground:comb_3|tileMap[503][1]                    ; Stuck at GND due to stuck port data_in      ;
; motorBack_Ground:comb_3|tileMap[503][0]                    ; Stuck at GND due to stuck port data_in      ;
; motorBack_Ground:comb_3|tileMap[504][6]                    ; Stuck at GND due to stuck port data_in      ;
; motorBack_Ground:comb_3|tileMap[504][4]                    ; Stuck at GND due to stuck port data_in      ;
; motorBack_Ground:comb_3|tileMap[504][1]                    ; Stuck at GND due to stuck port data_in      ;
; motorBack_Ground:comb_3|tileMap[504][0]                    ; Stuck at GND due to stuck port data_in      ;
; motorBack_Ground:comb_3|tileMap[505][6]                    ; Stuck at GND due to stuck port data_in      ;
; motorBack_Ground:comb_3|tileMap[505][4]                    ; Stuck at GND due to stuck port data_in      ;
; motorBack_Ground:comb_3|tileMap[505][1]                    ; Stuck at GND due to stuck port data_in      ;
; motorBack_Ground:comb_3|tileMap[505][0]                    ; Stuck at GND due to stuck port data_in      ;
; motorBack_Ground:comb_3|tileMap[506][6]                    ; Stuck at GND due to stuck port data_in      ;
; motorBack_Ground:comb_3|tileMap[506][4]                    ; Stuck at GND due to stuck port data_in      ;
; motorBack_Ground:comb_3|tileMap[506][1]                    ; Stuck at GND due to stuck port data_in      ;
; motorBack_Ground:comb_3|tileMap[506][0]                    ; Stuck at GND due to stuck port data_in      ;
; motorBack_Ground:comb_3|tileMap[507][6]                    ; Stuck at GND due to stuck port data_in      ;
; motorBack_Ground:comb_3|tileMap[507][4]                    ; Stuck at GND due to stuck port data_in      ;
; motorBack_Ground:comb_3|tileMap[507][1]                    ; Stuck at GND due to stuck port data_in      ;
; motorBack_Ground:comb_3|tileMap[507][0]                    ; Stuck at GND due to stuck port data_in      ;
; motorBack_Ground:comb_3|tileMap[508][6]                    ; Stuck at GND due to stuck port data_in      ;
; motorBack_Ground:comb_3|tileMap[508][4]                    ; Stuck at GND due to stuck port data_in      ;
; motorBack_Ground:comb_3|tileMap[508][1]                    ; Stuck at GND due to stuck port data_in      ;
; motorBack_Ground:comb_3|tileMap[508][0]                    ; Stuck at GND due to stuck port data_in      ;
; motorBack_Ground:comb_3|tileMap[509][6]                    ; Stuck at GND due to stuck port data_in      ;
; motorBack_Ground:comb_3|tileMap[509][4]                    ; Stuck at GND due to stuck port data_in      ;
; motorBack_Ground:comb_3|tileMap[509][1]                    ; Stuck at GND due to stuck port data_in      ;
; motorBack_Ground:comb_3|tileMap[509][0]                    ; Stuck at GND due to stuck port data_in      ;
; motorBack_Ground:comb_3|tileMap[510][6]                    ; Stuck at GND due to stuck port data_in      ;
; motorBack_Ground:comb_3|tileMap[510][4]                    ; Stuck at GND due to stuck port data_in      ;
; motorBack_Ground:comb_3|tileMap[510][1]                    ; Stuck at GND due to stuck port data_in      ;
; motorBack_Ground:comb_3|tileMap[510][0]                    ; Stuck at GND due to stuck port data_in      ;
; motorBack_Ground:comb_3|tileMap[511][6]                    ; Stuck at GND due to stuck port data_in      ;
; motorBack_Ground:comb_3|tileMap[511][4]                    ; Stuck at GND due to stuck port data_in      ;
; motorBack_Ground:comb_3|tileMap[511][1]                    ; Stuck at GND due to stuck port data_in      ;
; motorBack_Ground:comb_3|tileMap[511][0]                    ; Stuck at GND due to stuck port data_in      ;
; motorBack_Ground:comb_3|tileMap[512][6]                    ; Stuck at GND due to stuck port data_in      ;
; motorBack_Ground:comb_3|tileMap[512][4]                    ; Stuck at GND due to stuck port data_in      ;
; motorBack_Ground:comb_3|tileMap[512][1]                    ; Stuck at GND due to stuck port data_in      ;
; motorBack_Ground:comb_3|tileMap[512][0]                    ; Stuck at GND due to stuck port data_in      ;
; motorBack_Ground:comb_3|tileMap[513][6]                    ; Stuck at GND due to stuck port data_in      ;
; motorBack_Ground:comb_3|tileMap[513][4]                    ; Stuck at GND due to stuck port data_in      ;
; motorBack_Ground:comb_3|tileMap[513][1]                    ; Stuck at GND due to stuck port data_in      ;
; motorBack_Ground:comb_3|tileMap[513][0]                    ; Stuck at GND due to stuck port data_in      ;
; motorBack_Ground:comb_3|tileMap[514][6]                    ; Stuck at GND due to stuck port data_in      ;
; motorBack_Ground:comb_3|tileMap[514][4]                    ; Stuck at GND due to stuck port data_in      ;
; motorBack_Ground:comb_3|tileMap[514][1]                    ; Stuck at GND due to stuck port data_in      ;
; motorBack_Ground:comb_3|tileMap[514][0]                    ; Stuck at GND due to stuck port data_in      ;
; motorBack_Ground:comb_3|tileMap[515][6]                    ; Stuck at GND due to stuck port data_in      ;
; motorBack_Ground:comb_3|tileMap[515][4]                    ; Stuck at GND due to stuck port data_in      ;
; motorBack_Ground:comb_3|tileMap[515][1]                    ; Stuck at GND due to stuck port data_in      ;
; motorBack_Ground:comb_3|tileMap[515][0]                    ; Stuck at GND due to stuck port data_in      ;
; motorBack_Ground:comb_3|tileMap[516][6]                    ; Stuck at GND due to stuck port data_in      ;
; motorBack_Ground:comb_3|tileMap[516][4]                    ; Stuck at GND due to stuck port data_in      ;
; motorBack_Ground:comb_3|tileMap[516][1]                    ; Stuck at GND due to stuck port data_in      ;
; motorBack_Ground:comb_3|tileMap[516][0]                    ; Stuck at GND due to stuck port data_in      ;
; motorBack_Ground:comb_3|tileMap[517][6]                    ; Stuck at GND due to stuck port data_in      ;
; motorBack_Ground:comb_3|tileMap[517][4]                    ; Stuck at GND due to stuck port data_in      ;
; motorBack_Ground:comb_3|tileMap[517][1]                    ; Stuck at GND due to stuck port data_in      ;
; motorBack_Ground:comb_3|tileMap[517][0]                    ; Stuck at GND due to stuck port data_in      ;
; motorBack_Ground:comb_3|tileMap[518][6]                    ; Stuck at GND due to stuck port data_in      ;
; motorBack_Ground:comb_3|tileMap[518][4]                    ; Stuck at GND due to stuck port data_in      ;
; motorBack_Ground:comb_3|tileMap[518][1]                    ; Stuck at GND due to stuck port data_in      ;
; motorBack_Ground:comb_3|tileMap[518][0]                    ; Stuck at GND due to stuck port data_in      ;
; motorBack_Ground:comb_3|tileMap[519][6]                    ; Stuck at GND due to stuck port data_in      ;
; motorBack_Ground:comb_3|tileMap[519][4]                    ; Stuck at GND due to stuck port data_in      ;
; motorBack_Ground:comb_3|tileMap[519][1]                    ; Stuck at GND due to stuck port data_in      ;
; motorBack_Ground:comb_3|tileMap[519][0]                    ; Stuck at GND due to stuck port data_in      ;
; motorBack_Ground:comb_3|tileMap[520][6]                    ; Stuck at GND due to stuck port data_in      ;
; motorBack_Ground:comb_3|tileMap[520][4]                    ; Stuck at GND due to stuck port data_in      ;
; motorBack_Ground:comb_3|tileMap[520][1]                    ; Stuck at GND due to stuck port data_in      ;
; motorBack_Ground:comb_3|tileMap[520][0]                    ; Stuck at GND due to stuck port data_in      ;
; motorBack_Ground:comb_3|tileMap[521][6]                    ; Stuck at GND due to stuck port data_in      ;
; motorBack_Ground:comb_3|tileMap[521][4]                    ; Stuck at GND due to stuck port data_in      ;
; motorBack_Ground:comb_3|tileMap[521][1]                    ; Stuck at GND due to stuck port data_in      ;
; motorBack_Ground:comb_3|tileMap[521][0]                    ; Stuck at GND due to stuck port data_in      ;
; motorBack_Ground:comb_3|tileMap[522][6]                    ; Stuck at GND due to stuck port data_in      ;
; motorBack_Ground:comb_3|tileMap[522][4]                    ; Stuck at GND due to stuck port data_in      ;
; motorBack_Ground:comb_3|tileMap[522][1]                    ; Stuck at GND due to stuck port data_in      ;
; motorBack_Ground:comb_3|tileMap[522][0]                    ; Stuck at GND due to stuck port data_in      ;
; motorBack_Ground:comb_3|tileMap[523][6]                    ; Stuck at GND due to stuck port data_in      ;
; motorBack_Ground:comb_3|tileMap[523][4]                    ; Stuck at GND due to stuck port data_in      ;
; motorBack_Ground:comb_3|tileMap[523][1]                    ; Stuck at GND due to stuck port data_in      ;
; motorBack_Ground:comb_3|tileMap[523][0]                    ; Stuck at GND due to stuck port data_in      ;
; motorBack_Ground:comb_3|tileMap[524][6]                    ; Stuck at GND due to stuck port data_in      ;
; motorBack_Ground:comb_3|tileMap[524][4]                    ; Stuck at GND due to stuck port data_in      ;
; motorBack_Ground:comb_3|tileMap[524][1]                    ; Stuck at GND due to stuck port data_in      ;
; motorBack_Ground:comb_3|tileMap[524][0]                    ; Stuck at GND due to stuck port data_in      ;
; motorBack_Ground:comb_3|tileMap[525][6]                    ; Stuck at GND due to stuck port data_in      ;
; motorBack_Ground:comb_3|tileMap[525][4]                    ; Stuck at GND due to stuck port data_in      ;
; motorBack_Ground:comb_3|tileMap[525][1]                    ; Stuck at GND due to stuck port data_in      ;
; motorBack_Ground:comb_3|tileMap[525][0]                    ; Stuck at GND due to stuck port data_in      ;
; motorBack_Ground:comb_3|tileMap[526][6]                    ; Stuck at GND due to stuck port data_in      ;
; motorBack_Ground:comb_3|tileMap[526][4]                    ; Stuck at GND due to stuck port data_in      ;
; motorBack_Ground:comb_3|tileMap[526][1]                    ; Stuck at GND due to stuck port data_in      ;
; motorBack_Ground:comb_3|tileMap[526][0]                    ; Stuck at GND due to stuck port data_in      ;
; motorBack_Ground:comb_3|tileMap[527][6]                    ; Stuck at GND due to stuck port data_in      ;
; motorBack_Ground:comb_3|tileMap[527][4]                    ; Stuck at GND due to stuck port data_in      ;
; motorBack_Ground:comb_3|tileMap[527][1]                    ; Stuck at GND due to stuck port data_in      ;
; motorBack_Ground:comb_3|tileMap[527][0]                    ; Stuck at GND due to stuck port data_in      ;
; motorBack_Ground:comb_3|tileMap[528][6]                    ; Stuck at GND due to stuck port data_in      ;
; motorBack_Ground:comb_3|tileMap[528][4]                    ; Stuck at GND due to stuck port data_in      ;
; motorBack_Ground:comb_3|tileMap[528][1]                    ; Stuck at GND due to stuck port data_in      ;
; motorBack_Ground:comb_3|tileMap[528][0]                    ; Stuck at GND due to stuck port data_in      ;
; motorBack_Ground:comb_3|tileMap[529][6]                    ; Stuck at GND due to stuck port data_in      ;
; motorBack_Ground:comb_3|tileMap[529][4]                    ; Stuck at GND due to stuck port data_in      ;
; motorBack_Ground:comb_3|tileMap[529][1]                    ; Stuck at GND due to stuck port data_in      ;
; motorBack_Ground:comb_3|tileMap[529][0]                    ; Stuck at GND due to stuck port data_in      ;
; motorBack_Ground:comb_3|tileMap[530][6]                    ; Stuck at GND due to stuck port data_in      ;
; motorBack_Ground:comb_3|tileMap[530][4]                    ; Stuck at GND due to stuck port data_in      ;
; motorBack_Ground:comb_3|tileMap[530][1]                    ; Stuck at GND due to stuck port data_in      ;
; motorBack_Ground:comb_3|tileMap[530][0]                    ; Stuck at GND due to stuck port data_in      ;
; motorBack_Ground:comb_3|tileMap[531][6]                    ; Stuck at GND due to stuck port data_in      ;
; motorBack_Ground:comb_3|tileMap[531][4]                    ; Stuck at GND due to stuck port data_in      ;
; motorBack_Ground:comb_3|tileMap[531][1]                    ; Stuck at GND due to stuck port data_in      ;
; motorBack_Ground:comb_3|tileMap[531][0]                    ; Stuck at GND due to stuck port data_in      ;
; motorBack_Ground:comb_3|tileMap[532][6]                    ; Stuck at GND due to stuck port data_in      ;
; motorBack_Ground:comb_3|tileMap[532][4]                    ; Stuck at GND due to stuck port data_in      ;
; motorBack_Ground:comb_3|tileMap[532][1]                    ; Stuck at GND due to stuck port data_in      ;
; motorBack_Ground:comb_3|tileMap[532][0]                    ; Stuck at GND due to stuck port data_in      ;
; motorBack_Ground:comb_3|tileMap[533][6]                    ; Stuck at GND due to stuck port data_in      ;
; motorBack_Ground:comb_3|tileMap[533][4]                    ; Stuck at GND due to stuck port data_in      ;
; motorBack_Ground:comb_3|tileMap[533][1]                    ; Stuck at GND due to stuck port data_in      ;
; motorBack_Ground:comb_3|tileMap[533][0]                    ; Stuck at GND due to stuck port data_in      ;
; motorBack_Ground:comb_3|tileMap[534][6]                    ; Stuck at GND due to stuck port data_in      ;
; motorBack_Ground:comb_3|tileMap[534][4]                    ; Stuck at GND due to stuck port data_in      ;
; motorBack_Ground:comb_3|tileMap[534][1]                    ; Stuck at GND due to stuck port data_in      ;
; motorBack_Ground:comb_3|tileMap[534][0]                    ; Stuck at GND due to stuck port data_in      ;
; motorBack_Ground:comb_3|tileMap[535][6]                    ; Stuck at GND due to stuck port data_in      ;
; motorBack_Ground:comb_3|tileMap[535][4]                    ; Stuck at GND due to stuck port data_in      ;
; motorBack_Ground:comb_3|tileMap[535][1]                    ; Stuck at GND due to stuck port data_in      ;
; motorBack_Ground:comb_3|tileMap[535][0]                    ; Stuck at GND due to stuck port data_in      ;
; motorBack_Ground:comb_3|tileMap[536][6]                    ; Stuck at GND due to stuck port data_in      ;
; motorBack_Ground:comb_3|tileMap[536][4]                    ; Stuck at GND due to stuck port data_in      ;
; motorBack_Ground:comb_3|tileMap[536][1]                    ; Stuck at GND due to stuck port data_in      ;
; motorBack_Ground:comb_3|tileMap[536][0]                    ; Stuck at GND due to stuck port data_in      ;
; motorBack_Ground:comb_3|tileMap[537][6]                    ; Stuck at GND due to stuck port data_in      ;
; motorBack_Ground:comb_3|tileMap[537][4]                    ; Stuck at GND due to stuck port data_in      ;
; motorBack_Ground:comb_3|tileMap[537][1]                    ; Stuck at GND due to stuck port data_in      ;
; motorBack_Ground:comb_3|tileMap[537][0]                    ; Stuck at GND due to stuck port data_in      ;
; motorBack_Ground:comb_3|tileMap[538][6]                    ; Stuck at GND due to stuck port data_in      ;
; motorBack_Ground:comb_3|tileMap[538][4]                    ; Stuck at GND due to stuck port data_in      ;
; motorBack_Ground:comb_3|tileMap[538][1]                    ; Stuck at GND due to stuck port data_in      ;
; motorBack_Ground:comb_3|tileMap[538][0]                    ; Stuck at GND due to stuck port data_in      ;
; motorBack_Ground:comb_3|tileMap[539][6]                    ; Stuck at GND due to stuck port data_in      ;
; motorBack_Ground:comb_3|tileMap[539][4]                    ; Stuck at GND due to stuck port data_in      ;
; motorBack_Ground:comb_3|tileMap[539][1]                    ; Stuck at GND due to stuck port data_in      ;
; motorBack_Ground:comb_3|tileMap[539][0]                    ; Stuck at GND due to stuck port data_in      ;
; motorBack_Ground:comb_3|tileMap[540][6]                    ; Stuck at GND due to stuck port data_in      ;
; motorBack_Ground:comb_3|tileMap[540][4]                    ; Stuck at GND due to stuck port data_in      ;
; motorBack_Ground:comb_3|tileMap[540][1]                    ; Stuck at GND due to stuck port data_in      ;
; motorBack_Ground:comb_3|tileMap[540][0]                    ; Stuck at GND due to stuck port data_in      ;
; motorBack_Ground:comb_3|tileMap[541][6]                    ; Stuck at GND due to stuck port data_in      ;
; motorBack_Ground:comb_3|tileMap[541][4]                    ; Stuck at GND due to stuck port data_in      ;
; motorBack_Ground:comb_3|tileMap[541][1]                    ; Stuck at GND due to stuck port data_in      ;
; motorBack_Ground:comb_3|tileMap[541][0]                    ; Stuck at GND due to stuck port data_in      ;
; motorBack_Ground:comb_3|tileMap[542][6]                    ; Stuck at GND due to stuck port data_in      ;
; motorBack_Ground:comb_3|tileMap[542][4]                    ; Stuck at GND due to stuck port data_in      ;
; motorBack_Ground:comb_3|tileMap[542][1]                    ; Stuck at GND due to stuck port data_in      ;
; motorBack_Ground:comb_3|tileMap[542][0]                    ; Stuck at GND due to stuck port data_in      ;
; motorBack_Ground:comb_3|tileMap[543][6]                    ; Stuck at GND due to stuck port data_in      ;
; motorBack_Ground:comb_3|tileMap[543][4]                    ; Stuck at GND due to stuck port data_in      ;
; motorBack_Ground:comb_3|tileMap[543][1]                    ; Stuck at GND due to stuck port data_in      ;
; motorBack_Ground:comb_3|tileMap[543][0]                    ; Stuck at GND due to stuck port data_in      ;
; motorBack_Ground:comb_3|tileMap[544][6]                    ; Stuck at GND due to stuck port data_in      ;
; motorBack_Ground:comb_3|tileMap[544][4]                    ; Stuck at GND due to stuck port data_in      ;
; motorBack_Ground:comb_3|tileMap[544][1]                    ; Stuck at GND due to stuck port data_in      ;
; motorBack_Ground:comb_3|tileMap[544][0]                    ; Stuck at GND due to stuck port data_in      ;
; motorBack_Ground:comb_3|tileMap[545][6]                    ; Stuck at GND due to stuck port data_in      ;
; motorBack_Ground:comb_3|tileMap[545][4]                    ; Stuck at GND due to stuck port data_in      ;
; motorBack_Ground:comb_3|tileMap[545][1]                    ; Stuck at GND due to stuck port data_in      ;
; motorBack_Ground:comb_3|tileMap[545][0]                    ; Stuck at GND due to stuck port data_in      ;
; motorBack_Ground:comb_3|tileMap[546][6]                    ; Stuck at GND due to stuck port data_in      ;
; motorBack_Ground:comb_3|tileMap[546][4]                    ; Stuck at GND due to stuck port data_in      ;
; motorBack_Ground:comb_3|tileMap[546][1]                    ; Stuck at GND due to stuck port data_in      ;
; motorBack_Ground:comb_3|tileMap[546][0]                    ; Stuck at GND due to stuck port data_in      ;
; motorBack_Ground:comb_3|tileMap[547][6]                    ; Stuck at GND due to stuck port data_in      ;
; motorBack_Ground:comb_3|tileMap[547][4]                    ; Stuck at GND due to stuck port data_in      ;
; motorBack_Ground:comb_3|tileMap[547][1]                    ; Stuck at GND due to stuck port data_in      ;
; motorBack_Ground:comb_3|tileMap[547][0]                    ; Stuck at GND due to stuck port data_in      ;
; motorBack_Ground:comb_3|tileMap[548][6]                    ; Stuck at GND due to stuck port data_in      ;
; motorBack_Ground:comb_3|tileMap[548][4]                    ; Stuck at GND due to stuck port data_in      ;
; motorBack_Ground:comb_3|tileMap[548][1]                    ; Stuck at GND due to stuck port data_in      ;
; motorBack_Ground:comb_3|tileMap[548][0]                    ; Stuck at GND due to stuck port data_in      ;
; motorBack_Ground:comb_3|tileMap[549][6]                    ; Stuck at GND due to stuck port data_in      ;
; motorBack_Ground:comb_3|tileMap[549][4]                    ; Stuck at GND due to stuck port data_in      ;
; motorBack_Ground:comb_3|tileMap[549][1]                    ; Stuck at GND due to stuck port data_in      ;
; motorBack_Ground:comb_3|tileMap[549][0]                    ; Stuck at GND due to stuck port data_in      ;
; motorBack_Ground:comb_3|tileMap[550][6]                    ; Stuck at GND due to stuck port data_in      ;
; motorBack_Ground:comb_3|tileMap[550][4]                    ; Stuck at GND due to stuck port data_in      ;
; motorBack_Ground:comb_3|tileMap[550][1]                    ; Stuck at GND due to stuck port data_in      ;
; motorBack_Ground:comb_3|tileMap[550][0]                    ; Stuck at GND due to stuck port data_in      ;
; motorBack_Ground:comb_3|tileMap[551][6]                    ; Stuck at GND due to stuck port data_in      ;
; motorBack_Ground:comb_3|tileMap[551][4]                    ; Stuck at GND due to stuck port data_in      ;
; motorBack_Ground:comb_3|tileMap[551][1]                    ; Stuck at GND due to stuck port data_in      ;
; motorBack_Ground:comb_3|tileMap[551][0]                    ; Stuck at GND due to stuck port data_in      ;
; motorBack_Ground:comb_3|tileMap[552][6]                    ; Stuck at GND due to stuck port data_in      ;
; motorBack_Ground:comb_3|tileMap[552][4]                    ; Stuck at GND due to stuck port data_in      ;
; motorBack_Ground:comb_3|tileMap[552][1]                    ; Stuck at GND due to stuck port data_in      ;
; motorBack_Ground:comb_3|tileMap[552][0]                    ; Stuck at GND due to stuck port data_in      ;
; motorBack_Ground:comb_3|tileMap[553][6]                    ; Stuck at GND due to stuck port data_in      ;
; motorBack_Ground:comb_3|tileMap[553][4]                    ; Stuck at GND due to stuck port data_in      ;
; motorBack_Ground:comb_3|tileMap[553][1]                    ; Stuck at GND due to stuck port data_in      ;
; motorBack_Ground:comb_3|tileMap[553][0]                    ; Stuck at GND due to stuck port data_in      ;
; motorBack_Ground:comb_3|tileMap[554][6]                    ; Stuck at GND due to stuck port data_in      ;
; motorBack_Ground:comb_3|tileMap[554][4]                    ; Stuck at GND due to stuck port data_in      ;
; motorBack_Ground:comb_3|tileMap[554][1]                    ; Stuck at GND due to stuck port data_in      ;
; motorBack_Ground:comb_3|tileMap[554][0]                    ; Stuck at GND due to stuck port data_in      ;
; motorBack_Ground:comb_3|tileMap[555][6]                    ; Stuck at GND due to stuck port data_in      ;
; motorBack_Ground:comb_3|tileMap[555][4]                    ; Stuck at GND due to stuck port data_in      ;
; motorBack_Ground:comb_3|tileMap[555][1]                    ; Stuck at GND due to stuck port data_in      ;
; motorBack_Ground:comb_3|tileMap[555][0]                    ; Stuck at GND due to stuck port data_in      ;
; motorBack_Ground:comb_3|tileMap[556][6]                    ; Stuck at GND due to stuck port data_in      ;
; motorBack_Ground:comb_3|tileMap[556][4]                    ; Stuck at GND due to stuck port data_in      ;
; motorBack_Ground:comb_3|tileMap[556][1]                    ; Stuck at GND due to stuck port data_in      ;
; motorBack_Ground:comb_3|tileMap[556][0]                    ; Stuck at GND due to stuck port data_in      ;
; motorBack_Ground:comb_3|tileMap[557][6]                    ; Stuck at GND due to stuck port data_in      ;
; motorBack_Ground:comb_3|tileMap[557][4]                    ; Stuck at GND due to stuck port data_in      ;
; motorBack_Ground:comb_3|tileMap[557][1]                    ; Stuck at GND due to stuck port data_in      ;
; motorBack_Ground:comb_3|tileMap[557][0]                    ; Stuck at GND due to stuck port data_in      ;
; motorBack_Ground:comb_3|tileMap[558][6]                    ; Stuck at GND due to stuck port data_in      ;
; motorBack_Ground:comb_3|tileMap[558][4]                    ; Stuck at GND due to stuck port data_in      ;
; motorBack_Ground:comb_3|tileMap[558][1]                    ; Stuck at GND due to stuck port data_in      ;
; motorBack_Ground:comb_3|tileMap[558][0]                    ; Stuck at GND due to stuck port data_in      ;
; motorBack_Ground:comb_3|tileMap[559][6]                    ; Stuck at GND due to stuck port data_in      ;
; motorBack_Ground:comb_3|tileMap[559][4]                    ; Stuck at GND due to stuck port data_in      ;
; motorBack_Ground:comb_3|tileMap[559][1]                    ; Stuck at GND due to stuck port data_in      ;
; motorBack_Ground:comb_3|tileMap[559][0]                    ; Stuck at GND due to stuck port data_in      ;
; motorBack_Ground:comb_3|tileMap[560][6]                    ; Stuck at GND due to stuck port data_in      ;
; motorBack_Ground:comb_3|tileMap[560][4]                    ; Stuck at GND due to stuck port data_in      ;
; motorBack_Ground:comb_3|tileMap[560][1]                    ; Stuck at GND due to stuck port data_in      ;
; motorBack_Ground:comb_3|tileMap[560][0]                    ; Stuck at GND due to stuck port data_in      ;
; motorBack_Ground:comb_3|tileMap[561][6]                    ; Stuck at GND due to stuck port data_in      ;
; motorBack_Ground:comb_3|tileMap[561][4]                    ; Stuck at GND due to stuck port data_in      ;
; motorBack_Ground:comb_3|tileMap[561][1]                    ; Stuck at GND due to stuck port data_in      ;
; motorBack_Ground:comb_3|tileMap[561][0]                    ; Stuck at GND due to stuck port data_in      ;
; motorBack_Ground:comb_3|tileMap[562][6]                    ; Stuck at GND due to stuck port data_in      ;
; motorBack_Ground:comb_3|tileMap[562][4]                    ; Stuck at GND due to stuck port data_in      ;
; motorBack_Ground:comb_3|tileMap[562][1]                    ; Stuck at GND due to stuck port data_in      ;
; motorBack_Ground:comb_3|tileMap[562][0]                    ; Stuck at GND due to stuck port data_in      ;
; motorBack_Ground:comb_3|tileMap[563][6]                    ; Stuck at GND due to stuck port data_in      ;
; motorBack_Ground:comb_3|tileMap[563][4]                    ; Stuck at GND due to stuck port data_in      ;
; motorBack_Ground:comb_3|tileMap[563][1]                    ; Stuck at GND due to stuck port data_in      ;
; motorBack_Ground:comb_3|tileMap[563][0]                    ; Stuck at GND due to stuck port data_in      ;
; motorBack_Ground:comb_3|tileMap[564][6]                    ; Stuck at GND due to stuck port data_in      ;
; motorBack_Ground:comb_3|tileMap[564][4]                    ; Stuck at GND due to stuck port data_in      ;
; motorBack_Ground:comb_3|tileMap[564][1]                    ; Stuck at GND due to stuck port data_in      ;
; motorBack_Ground:comb_3|tileMap[564][0]                    ; Stuck at GND due to stuck port data_in      ;
; motorBack_Ground:comb_3|tileMap[565][6]                    ; Stuck at GND due to stuck port data_in      ;
; motorBack_Ground:comb_3|tileMap[565][4]                    ; Stuck at GND due to stuck port data_in      ;
; motorBack_Ground:comb_3|tileMap[565][1]                    ; Stuck at GND due to stuck port data_in      ;
; motorBack_Ground:comb_3|tileMap[565][0]                    ; Stuck at GND due to stuck port data_in      ;
; motorBack_Ground:comb_3|tileMap[566][6]                    ; Stuck at GND due to stuck port data_in      ;
; motorBack_Ground:comb_3|tileMap[566][4]                    ; Stuck at GND due to stuck port data_in      ;
; motorBack_Ground:comb_3|tileMap[566][1]                    ; Stuck at GND due to stuck port data_in      ;
; motorBack_Ground:comb_3|tileMap[566][0]                    ; Stuck at GND due to stuck port data_in      ;
; motorBack_Ground:comb_3|tileMap[567][6]                    ; Stuck at GND due to stuck port data_in      ;
; motorBack_Ground:comb_3|tileMap[567][4]                    ; Stuck at GND due to stuck port data_in      ;
; motorBack_Ground:comb_3|tileMap[567][1]                    ; Stuck at GND due to stuck port data_in      ;
; motorBack_Ground:comb_3|tileMap[567][0]                    ; Stuck at GND due to stuck port data_in      ;
; motorBack_Ground:comb_3|tileMap[568][6]                    ; Stuck at GND due to stuck port data_in      ;
; motorBack_Ground:comb_3|tileMap[568][4]                    ; Stuck at GND due to stuck port data_in      ;
; motorBack_Ground:comb_3|tileMap[568][1]                    ; Stuck at GND due to stuck port data_in      ;
; motorBack_Ground:comb_3|tileMap[568][0]                    ; Stuck at GND due to stuck port data_in      ;
; motorBack_Ground:comb_3|tileMap[569][6]                    ; Stuck at GND due to stuck port data_in      ;
; motorBack_Ground:comb_3|tileMap[569][4]                    ; Stuck at GND due to stuck port data_in      ;
; motorBack_Ground:comb_3|tileMap[569][1]                    ; Stuck at GND due to stuck port data_in      ;
; motorBack_Ground:comb_3|tileMap[569][0]                    ; Stuck at GND due to stuck port data_in      ;
; motorBack_Ground:comb_3|tileMap[570][6]                    ; Stuck at GND due to stuck port data_in      ;
; motorBack_Ground:comb_3|tileMap[570][4]                    ; Stuck at GND due to stuck port data_in      ;
; motorBack_Ground:comb_3|tileMap[570][1]                    ; Stuck at GND due to stuck port data_in      ;
; motorBack_Ground:comb_3|tileMap[570][0]                    ; Stuck at GND due to stuck port data_in      ;
; motorBack_Ground:comb_3|tileMap[571][6]                    ; Stuck at GND due to stuck port data_in      ;
; motorBack_Ground:comb_3|tileMap[571][4]                    ; Stuck at GND due to stuck port data_in      ;
; motorBack_Ground:comb_3|tileMap[571][1]                    ; Stuck at GND due to stuck port data_in      ;
; motorBack_Ground:comb_3|tileMap[571][0]                    ; Stuck at GND due to stuck port data_in      ;
; motorBack_Ground:comb_3|tileMap[572][6]                    ; Stuck at GND due to stuck port data_in      ;
; motorBack_Ground:comb_3|tileMap[572][4]                    ; Stuck at GND due to stuck port data_in      ;
; motorBack_Ground:comb_3|tileMap[572][1]                    ; Stuck at GND due to stuck port data_in      ;
; motorBack_Ground:comb_3|tileMap[572][0]                    ; Stuck at GND due to stuck port data_in      ;
; motorBack_Ground:comb_3|tileMap[573][6]                    ; Stuck at GND due to stuck port data_in      ;
; motorBack_Ground:comb_3|tileMap[573][4]                    ; Stuck at GND due to stuck port data_in      ;
; motorBack_Ground:comb_3|tileMap[573][1]                    ; Stuck at GND due to stuck port data_in      ;
; motorBack_Ground:comb_3|tileMap[573][0]                    ; Stuck at GND due to stuck port data_in      ;
; motorBack_Ground:comb_3|tileMap[574][6]                    ; Stuck at GND due to stuck port data_in      ;
; motorBack_Ground:comb_3|tileMap[574][4]                    ; Stuck at GND due to stuck port data_in      ;
; motorBack_Ground:comb_3|tileMap[574][1]                    ; Stuck at GND due to stuck port data_in      ;
; motorBack_Ground:comb_3|tileMap[574][0]                    ; Stuck at GND due to stuck port data_in      ;
; motorBack_Ground:comb_3|tileMap[575][6]                    ; Stuck at GND due to stuck port data_in      ;
; motorBack_Ground:comb_3|tileMap[575][4]                    ; Stuck at GND due to stuck port data_in      ;
; motorBack_Ground:comb_3|tileMap[575][1]                    ; Stuck at GND due to stuck port data_in      ;
; motorBack_Ground:comb_3|tileMap[575][0]                    ; Stuck at GND due to stuck port data_in      ;
; motorBack_Ground:comb_3|tileMap[576][6]                    ; Stuck at GND due to stuck port data_in      ;
; motorBack_Ground:comb_3|tileMap[576][4]                    ; Stuck at GND due to stuck port data_in      ;
; motorBack_Ground:comb_3|tileMap[576][1]                    ; Stuck at GND due to stuck port data_in      ;
; motorBack_Ground:comb_3|tileMap[576][0]                    ; Stuck at GND due to stuck port data_in      ;
; motorBack_Ground:comb_3|tileMap[577][6]                    ; Stuck at GND due to stuck port data_in      ;
; motorBack_Ground:comb_3|tileMap[577][4]                    ; Stuck at GND due to stuck port data_in      ;
; motorBack_Ground:comb_3|tileMap[577][1]                    ; Stuck at GND due to stuck port data_in      ;
; motorBack_Ground:comb_3|tileMap[577][0]                    ; Stuck at GND due to stuck port data_in      ;
; motorBack_Ground:comb_3|tileMap[578][6]                    ; Stuck at GND due to stuck port data_in      ;
; motorBack_Ground:comb_3|tileMap[578][4]                    ; Stuck at GND due to stuck port data_in      ;
; motorBack_Ground:comb_3|tileMap[578][1]                    ; Stuck at GND due to stuck port data_in      ;
; motorBack_Ground:comb_3|tileMap[578][0]                    ; Stuck at GND due to stuck port data_in      ;
; motorBack_Ground:comb_3|tileMap[579][6]                    ; Stuck at GND due to stuck port data_in      ;
; motorBack_Ground:comb_3|tileMap[579][4]                    ; Stuck at GND due to stuck port data_in      ;
; motorBack_Ground:comb_3|tileMap[579][1]                    ; Stuck at GND due to stuck port data_in      ;
; motorBack_Ground:comb_3|tileMap[579][0]                    ; Stuck at GND due to stuck port data_in      ;
; motorBack_Ground:comb_3|tileMap[580][6]                    ; Stuck at GND due to stuck port data_in      ;
; motorBack_Ground:comb_3|tileMap[580][4]                    ; Stuck at GND due to stuck port data_in      ;
; motorBack_Ground:comb_3|tileMap[580][1]                    ; Stuck at GND due to stuck port data_in      ;
; motorBack_Ground:comb_3|tileMap[580][0]                    ; Stuck at GND due to stuck port data_in      ;
; motorBack_Ground:comb_3|tileMap[581][6]                    ; Stuck at GND due to stuck port data_in      ;
; motorBack_Ground:comb_3|tileMap[581][4]                    ; Stuck at GND due to stuck port data_in      ;
; motorBack_Ground:comb_3|tileMap[581][1]                    ; Stuck at GND due to stuck port data_in      ;
; motorBack_Ground:comb_3|tileMap[581][0]                    ; Stuck at GND due to stuck port data_in      ;
; motorBack_Ground:comb_3|tileMap[582][6]                    ; Stuck at GND due to stuck port data_in      ;
; motorBack_Ground:comb_3|tileMap[582][4]                    ; Stuck at GND due to stuck port data_in      ;
; motorBack_Ground:comb_3|tileMap[582][1]                    ; Stuck at GND due to stuck port data_in      ;
; motorBack_Ground:comb_3|tileMap[582][0]                    ; Stuck at GND due to stuck port data_in      ;
; motorBack_Ground:comb_3|tileMap[583][6]                    ; Stuck at GND due to stuck port data_in      ;
; motorBack_Ground:comb_3|tileMap[583][4]                    ; Stuck at GND due to stuck port data_in      ;
; motorBack_Ground:comb_3|tileMap[583][1]                    ; Stuck at GND due to stuck port data_in      ;
; motorBack_Ground:comb_3|tileMap[583][0]                    ; Stuck at GND due to stuck port data_in      ;
; motorBack_Ground:comb_3|tileMap[584][6]                    ; Stuck at GND due to stuck port data_in      ;
; motorBack_Ground:comb_3|tileMap[584][4]                    ; Stuck at GND due to stuck port data_in      ;
; motorBack_Ground:comb_3|tileMap[584][1]                    ; Stuck at GND due to stuck port data_in      ;
; motorBack_Ground:comb_3|tileMap[584][0]                    ; Stuck at GND due to stuck port data_in      ;
; motorBack_Ground:comb_3|tileMap[585][6]                    ; Stuck at GND due to stuck port data_in      ;
; motorBack_Ground:comb_3|tileMap[585][4]                    ; Stuck at GND due to stuck port data_in      ;
; motorBack_Ground:comb_3|tileMap[585][1]                    ; Stuck at GND due to stuck port data_in      ;
; motorBack_Ground:comb_3|tileMap[585][0]                    ; Stuck at GND due to stuck port data_in      ;
; motorBack_Ground:comb_3|tileMap[586][6]                    ; Stuck at GND due to stuck port data_in      ;
; motorBack_Ground:comb_3|tileMap[586][4]                    ; Stuck at GND due to stuck port data_in      ;
; motorBack_Ground:comb_3|tileMap[586][1]                    ; Stuck at GND due to stuck port data_in      ;
; motorBack_Ground:comb_3|tileMap[586][0]                    ; Stuck at GND due to stuck port data_in      ;
; motorBack_Ground:comb_3|tileMap[587][6]                    ; Stuck at GND due to stuck port data_in      ;
; motorBack_Ground:comb_3|tileMap[587][4]                    ; Stuck at GND due to stuck port data_in      ;
; motorBack_Ground:comb_3|tileMap[587][1]                    ; Stuck at GND due to stuck port data_in      ;
; motorBack_Ground:comb_3|tileMap[587][0]                    ; Stuck at GND due to stuck port data_in      ;
; motorBack_Ground:comb_3|tileMap[588][6]                    ; Stuck at GND due to stuck port data_in      ;
; motorBack_Ground:comb_3|tileMap[588][4]                    ; Stuck at GND due to stuck port data_in      ;
; motorBack_Ground:comb_3|tileMap[588][1]                    ; Stuck at GND due to stuck port data_in      ;
; motorBack_Ground:comb_3|tileMap[588][0]                    ; Stuck at GND due to stuck port data_in      ;
; motorBack_Ground:comb_3|tileMap[589][6]                    ; Stuck at GND due to stuck port data_in      ;
; motorBack_Ground:comb_3|tileMap[589][4]                    ; Stuck at GND due to stuck port data_in      ;
; motorBack_Ground:comb_3|tileMap[589][1]                    ; Stuck at GND due to stuck port data_in      ;
; motorBack_Ground:comb_3|tileMap[589][0]                    ; Stuck at GND due to stuck port data_in      ;
; motorBack_Ground:comb_3|tileMap[590][6]                    ; Stuck at GND due to stuck port data_in      ;
; motorBack_Ground:comb_3|tileMap[590][4]                    ; Stuck at GND due to stuck port data_in      ;
; motorBack_Ground:comb_3|tileMap[590][1]                    ; Stuck at GND due to stuck port data_in      ;
; motorBack_Ground:comb_3|tileMap[590][0]                    ; Stuck at GND due to stuck port data_in      ;
; motorBack_Ground:comb_3|tileMap[591][6]                    ; Stuck at GND due to stuck port data_in      ;
; motorBack_Ground:comb_3|tileMap[591][4]                    ; Stuck at GND due to stuck port data_in      ;
; motorBack_Ground:comb_3|tileMap[591][1]                    ; Stuck at GND due to stuck port data_in      ;
; motorBack_Ground:comb_3|tileMap[591][0]                    ; Stuck at GND due to stuck port data_in      ;
; motorBack_Ground:comb_3|tileMap[592][6]                    ; Stuck at GND due to stuck port data_in      ;
; motorBack_Ground:comb_3|tileMap[592][4]                    ; Stuck at GND due to stuck port data_in      ;
; motorBack_Ground:comb_3|tileMap[592][1]                    ; Stuck at GND due to stuck port data_in      ;
; motorBack_Ground:comb_3|tileMap[592][0]                    ; Stuck at GND due to stuck port data_in      ;
; motorBack_Ground:comb_3|tileMap[593][6]                    ; Stuck at GND due to stuck port data_in      ;
; motorBack_Ground:comb_3|tileMap[593][4]                    ; Stuck at GND due to stuck port data_in      ;
; motorBack_Ground:comb_3|tileMap[593][1]                    ; Stuck at GND due to stuck port data_in      ;
; motorBack_Ground:comb_3|tileMap[593][0]                    ; Stuck at GND due to stuck port data_in      ;
; motorBack_Ground:comb_3|tileMap[594][6]                    ; Stuck at GND due to stuck port data_in      ;
; motorBack_Ground:comb_3|tileMap[594][4]                    ; Stuck at GND due to stuck port data_in      ;
; motorBack_Ground:comb_3|tileMap[594][1]                    ; Stuck at GND due to stuck port data_in      ;
; motorBack_Ground:comb_3|tileMap[594][0]                    ; Stuck at GND due to stuck port data_in      ;
; motorBack_Ground:comb_3|tileMap[595][6]                    ; Stuck at GND due to stuck port data_in      ;
; motorBack_Ground:comb_3|tileMap[595][4]                    ; Stuck at GND due to stuck port data_in      ;
; motorBack_Ground:comb_3|tileMap[595][1]                    ; Stuck at GND due to stuck port data_in      ;
; motorBack_Ground:comb_3|tileMap[595][0]                    ; Stuck at GND due to stuck port data_in      ;
; motorBack_Ground:comb_3|tileMap[596][6]                    ; Stuck at GND due to stuck port data_in      ;
; motorBack_Ground:comb_3|tileMap[596][4]                    ; Stuck at GND due to stuck port data_in      ;
; motorBack_Ground:comb_3|tileMap[596][1]                    ; Stuck at GND due to stuck port data_in      ;
; motorBack_Ground:comb_3|tileMap[596][0]                    ; Stuck at GND due to stuck port data_in      ;
; motorBack_Ground:comb_3|tileMap[597][6]                    ; Stuck at GND due to stuck port data_in      ;
; motorBack_Ground:comb_3|tileMap[597][4]                    ; Stuck at GND due to stuck port data_in      ;
; motorBack_Ground:comb_3|tileMap[597][1]                    ; Stuck at GND due to stuck port data_in      ;
; motorBack_Ground:comb_3|tileMap[597][0]                    ; Stuck at GND due to stuck port data_in      ;
; motorBack_Ground:comb_3|tileMap[598][6]                    ; Stuck at GND due to stuck port data_in      ;
; motorBack_Ground:comb_3|tileMap[598][4]                    ; Stuck at GND due to stuck port data_in      ;
; motorBack_Ground:comb_3|tileMap[598][1]                    ; Stuck at GND due to stuck port data_in      ;
; motorBack_Ground:comb_3|tileMap[598][0]                    ; Stuck at GND due to stuck port data_in      ;
; motorBack_Ground:comb_3|tileMap[599][6]                    ; Stuck at GND due to stuck port data_in      ;
; motorBack_Ground:comb_3|tileMap[599][4]                    ; Stuck at GND due to stuck port data_in      ;
; motorBack_Ground:comb_3|tileMap[599][1]                    ; Stuck at GND due to stuck port data_in      ;
; motorBack_Ground:comb_3|tileMap[599][0]                    ; Stuck at GND due to stuck port data_in      ;
; motorBack_Ground:comb_3|tileMap[600][6]                    ; Stuck at GND due to stuck port data_in      ;
; motorBack_Ground:comb_3|tileMap[600][4]                    ; Stuck at GND due to stuck port data_in      ;
; motorBack_Ground:comb_3|tileMap[600][1]                    ; Stuck at GND due to stuck port data_in      ;
; motorBack_Ground:comb_3|tileMap[600][0]                    ; Stuck at GND due to stuck port data_in      ;
; motorBack_Ground:comb_3|tileMap[601][6]                    ; Stuck at GND due to stuck port data_in      ;
; motorBack_Ground:comb_3|tileMap[601][4]                    ; Stuck at GND due to stuck port data_in      ;
; motorBack_Ground:comb_3|tileMap[601][1]                    ; Stuck at GND due to stuck port data_in      ;
; motorBack_Ground:comb_3|tileMap[601][0]                    ; Stuck at GND due to stuck port data_in      ;
; motorBack_Ground:comb_3|tileMap[602][6]                    ; Stuck at GND due to stuck port data_in      ;
; motorBack_Ground:comb_3|tileMap[602][4]                    ; Stuck at GND due to stuck port data_in      ;
; motorBack_Ground:comb_3|tileMap[602][1]                    ; Stuck at GND due to stuck port data_in      ;
; motorBack_Ground:comb_3|tileMap[602][0]                    ; Stuck at GND due to stuck port data_in      ;
; motorBack_Ground:comb_3|tileMap[603][6]                    ; Stuck at GND due to stuck port data_in      ;
; motorBack_Ground:comb_3|tileMap[603][4]                    ; Stuck at GND due to stuck port data_in      ;
; motorBack_Ground:comb_3|tileMap[603][1]                    ; Stuck at GND due to stuck port data_in      ;
; motorBack_Ground:comb_3|tileMap[603][0]                    ; Stuck at GND due to stuck port data_in      ;
; motorBack_Ground:comb_3|tileMap[604][6]                    ; Stuck at GND due to stuck port data_in      ;
; motorBack_Ground:comb_3|tileMap[604][4]                    ; Stuck at GND due to stuck port data_in      ;
; motorBack_Ground:comb_3|tileMap[604][1]                    ; Stuck at GND due to stuck port data_in      ;
; motorBack_Ground:comb_3|tileMap[604][0]                    ; Stuck at GND due to stuck port data_in      ;
; motorBack_Ground:comb_3|tileMap[605][6]                    ; Stuck at GND due to stuck port data_in      ;
; motorBack_Ground:comb_3|tileMap[605][4]                    ; Stuck at GND due to stuck port data_in      ;
; motorBack_Ground:comb_3|tileMap[605][1]                    ; Stuck at GND due to stuck port data_in      ;
; motorBack_Ground:comb_3|tileMap[605][0]                    ; Stuck at GND due to stuck port data_in      ;
; motorBack_Ground:comb_3|tileMap[606][6]                    ; Stuck at GND due to stuck port data_in      ;
; motorBack_Ground:comb_3|tileMap[606][4]                    ; Stuck at GND due to stuck port data_in      ;
; motorBack_Ground:comb_3|tileMap[606][1]                    ; Stuck at GND due to stuck port data_in      ;
; motorBack_Ground:comb_3|tileMap[606][0]                    ; Stuck at GND due to stuck port data_in      ;
; motorBack_Ground:comb_3|tileMap[607][6]                    ; Stuck at GND due to stuck port data_in      ;
; motorBack_Ground:comb_3|tileMap[607][4]                    ; Stuck at GND due to stuck port data_in      ;
; motorBack_Ground:comb_3|tileMap[607][1]                    ; Stuck at GND due to stuck port data_in      ;
; motorBack_Ground:comb_3|tileMap[607][0]                    ; Stuck at GND due to stuck port data_in      ;
; motorBack_Ground:comb_3|tileMap[608][6]                    ; Stuck at GND due to stuck port data_in      ;
; motorBack_Ground:comb_3|tileMap[608][4]                    ; Stuck at GND due to stuck port data_in      ;
; motorBack_Ground:comb_3|tileMap[608][1]                    ; Stuck at GND due to stuck port data_in      ;
; motorBack_Ground:comb_3|tileMap[608][0]                    ; Stuck at GND due to stuck port data_in      ;
; motorBack_Ground:comb_3|tileMap[609][6]                    ; Stuck at GND due to stuck port data_in      ;
; motorBack_Ground:comb_3|tileMap[609][4]                    ; Stuck at GND due to stuck port data_in      ;
; motorBack_Ground:comb_3|tileMap[609][1]                    ; Stuck at GND due to stuck port data_in      ;
; motorBack_Ground:comb_3|tileMap[609][0]                    ; Stuck at GND due to stuck port data_in      ;
; motorBack_Ground:comb_3|tileMap[610][6]                    ; Stuck at GND due to stuck port data_in      ;
; motorBack_Ground:comb_3|tileMap[610][4]                    ; Stuck at GND due to stuck port data_in      ;
; motorBack_Ground:comb_3|tileMap[610][1]                    ; Stuck at GND due to stuck port data_in      ;
; motorBack_Ground:comb_3|tileMap[610][0]                    ; Stuck at GND due to stuck port data_in      ;
; motorBack_Ground:comb_3|tileMap[611][6]                    ; Stuck at GND due to stuck port data_in      ;
; motorBack_Ground:comb_3|tileMap[611][4]                    ; Stuck at GND due to stuck port data_in      ;
; motorBack_Ground:comb_3|tileMap[611][1]                    ; Stuck at GND due to stuck port data_in      ;
; motorBack_Ground:comb_3|tileMap[611][0]                    ; Stuck at GND due to stuck port data_in      ;
; motorBack_Ground:comb_3|tileMap[612][6]                    ; Stuck at GND due to stuck port data_in      ;
; motorBack_Ground:comb_3|tileMap[612][4]                    ; Stuck at GND due to stuck port data_in      ;
; motorBack_Ground:comb_3|tileMap[612][1]                    ; Stuck at GND due to stuck port data_in      ;
; motorBack_Ground:comb_3|tileMap[612][0]                    ; Stuck at GND due to stuck port data_in      ;
; motorBack_Ground:comb_3|tileMap[613][6]                    ; Stuck at GND due to stuck port data_in      ;
; motorBack_Ground:comb_3|tileMap[613][4]                    ; Stuck at GND due to stuck port data_in      ;
; motorBack_Ground:comb_3|tileMap[613][1]                    ; Stuck at GND due to stuck port data_in      ;
; motorBack_Ground:comb_3|tileMap[613][0]                    ; Stuck at GND due to stuck port data_in      ;
; motorBack_Ground:comb_3|tileMap[614][6]                    ; Stuck at GND due to stuck port data_in      ;
; motorBack_Ground:comb_3|tileMap[614][4]                    ; Stuck at GND due to stuck port data_in      ;
; motorBack_Ground:comb_3|tileMap[614][1]                    ; Stuck at GND due to stuck port data_in      ;
; motorBack_Ground:comb_3|tileMap[614][0]                    ; Stuck at GND due to stuck port data_in      ;
; motorBack_Ground:comb_3|tileMap[615][6]                    ; Stuck at GND due to stuck port data_in      ;
; motorBack_Ground:comb_3|tileMap[615][4]                    ; Stuck at GND due to stuck port data_in      ;
; motorBack_Ground:comb_3|tileMap[615][1]                    ; Stuck at GND due to stuck port data_in      ;
; motorBack_Ground:comb_3|tileMap[615][0]                    ; Stuck at GND due to stuck port data_in      ;
; motorBack_Ground:comb_3|tileMap[616][6]                    ; Stuck at GND due to stuck port data_in      ;
; motorBack_Ground:comb_3|tileMap[616][4]                    ; Stuck at GND due to stuck port data_in      ;
; motorBack_Ground:comb_3|tileMap[616][1]                    ; Stuck at GND due to stuck port data_in      ;
; motorBack_Ground:comb_3|tileMap[616][0]                    ; Stuck at GND due to stuck port data_in      ;
; motorBack_Ground:comb_3|tileMap[617][6]                    ; Stuck at GND due to stuck port data_in      ;
; motorBack_Ground:comb_3|tileMap[617][4]                    ; Stuck at GND due to stuck port data_in      ;
; motorBack_Ground:comb_3|tileMap[617][1]                    ; Stuck at GND due to stuck port data_in      ;
; motorBack_Ground:comb_3|tileMap[617][0]                    ; Stuck at GND due to stuck port data_in      ;
; motorBack_Ground:comb_3|tileMap[618][6]                    ; Stuck at GND due to stuck port data_in      ;
; motorBack_Ground:comb_3|tileMap[618][4]                    ; Stuck at GND due to stuck port data_in      ;
; motorBack_Ground:comb_3|tileMap[618][1]                    ; Stuck at GND due to stuck port data_in      ;
; motorBack_Ground:comb_3|tileMap[618][0]                    ; Stuck at GND due to stuck port data_in      ;
; motorBack_Ground:comb_3|tileMap[619][6]                    ; Stuck at GND due to stuck port data_in      ;
; motorBack_Ground:comb_3|tileMap[619][4]                    ; Stuck at GND due to stuck port data_in      ;
; motorBack_Ground:comb_3|tileMap[619][1]                    ; Stuck at GND due to stuck port data_in      ;
; motorBack_Ground:comb_3|tileMap[619][0]                    ; Stuck at GND due to stuck port data_in      ;
; motorBack_Ground:comb_3|tileMap[620][6]                    ; Stuck at GND due to stuck port data_in      ;
; motorBack_Ground:comb_3|tileMap[620][4]                    ; Stuck at GND due to stuck port data_in      ;
; motorBack_Ground:comb_3|tileMap[620][1]                    ; Stuck at GND due to stuck port data_in      ;
; motorBack_Ground:comb_3|tileMap[620][0]                    ; Stuck at GND due to stuck port data_in      ;
; motorBack_Ground:comb_3|tileMap[621][6]                    ; Stuck at GND due to stuck port data_in      ;
; motorBack_Ground:comb_3|tileMap[621][4]                    ; Stuck at GND due to stuck port data_in      ;
; motorBack_Ground:comb_3|tileMap[621][1]                    ; Stuck at GND due to stuck port data_in      ;
; motorBack_Ground:comb_3|tileMap[621][0]                    ; Stuck at GND due to stuck port data_in      ;
; motorBack_Ground:comb_3|tileMap[622][6]                    ; Stuck at GND due to stuck port data_in      ;
; motorBack_Ground:comb_3|tileMap[622][4]                    ; Stuck at GND due to stuck port data_in      ;
; motorBack_Ground:comb_3|tileMap[622][1]                    ; Stuck at GND due to stuck port data_in      ;
; motorBack_Ground:comb_3|tileMap[622][0]                    ; Stuck at GND due to stuck port data_in      ;
; motorBack_Ground:comb_3|tileMap[623][6]                    ; Stuck at GND due to stuck port data_in      ;
; motorBack_Ground:comb_3|tileMap[623][4]                    ; Stuck at GND due to stuck port data_in      ;
; motorBack_Ground:comb_3|tileMap[623][1]                    ; Stuck at GND due to stuck port data_in      ;
; motorBack_Ground:comb_3|tileMap[623][0]                    ; Stuck at GND due to stuck port data_in      ;
; motorBack_Ground:comb_3|tileMap[624][6]                    ; Stuck at GND due to stuck port data_in      ;
; motorBack_Ground:comb_3|tileMap[624][4]                    ; Stuck at GND due to stuck port data_in      ;
; motorBack_Ground:comb_3|tileMap[624][1]                    ; Stuck at GND due to stuck port data_in      ;
; motorBack_Ground:comb_3|tileMap[624][0]                    ; Stuck at GND due to stuck port data_in      ;
; motorBack_Ground:comb_3|tileMap[625][6]                    ; Stuck at GND due to stuck port data_in      ;
; motorBack_Ground:comb_3|tileMap[625][4]                    ; Stuck at GND due to stuck port data_in      ;
; motorBack_Ground:comb_3|tileMap[625][1]                    ; Stuck at GND due to stuck port data_in      ;
; motorBack_Ground:comb_3|tileMap[625][0]                    ; Stuck at GND due to stuck port data_in      ;
; motorBack_Ground:comb_3|tileMap[626][6]                    ; Stuck at GND due to stuck port data_in      ;
; motorBack_Ground:comb_3|tileMap[626][4]                    ; Stuck at GND due to stuck port data_in      ;
; motorBack_Ground:comb_3|tileMap[626][1]                    ; Stuck at GND due to stuck port data_in      ;
; motorBack_Ground:comb_3|tileMap[626][0]                    ; Stuck at GND due to stuck port data_in      ;
; motorBack_Ground:comb_3|tileMap[627][6]                    ; Stuck at GND due to stuck port data_in      ;
; motorBack_Ground:comb_3|tileMap[627][4]                    ; Stuck at GND due to stuck port data_in      ;
; motorBack_Ground:comb_3|tileMap[627][1]                    ; Stuck at GND due to stuck port data_in      ;
; motorBack_Ground:comb_3|tileMap[627][0]                    ; Stuck at GND due to stuck port data_in      ;
; motorBack_Ground:comb_3|tileMap[628][6]                    ; Stuck at GND due to stuck port data_in      ;
; motorBack_Ground:comb_3|tileMap[628][4]                    ; Stuck at GND due to stuck port data_in      ;
; motorBack_Ground:comb_3|tileMap[628][1]                    ; Stuck at GND due to stuck port data_in      ;
; motorBack_Ground:comb_3|tileMap[628][0]                    ; Stuck at GND due to stuck port data_in      ;
; motorBack_Ground:comb_3|tileMap[629][6]                    ; Stuck at GND due to stuck port data_in      ;
; motorBack_Ground:comb_3|tileMap[629][4]                    ; Stuck at GND due to stuck port data_in      ;
; motorBack_Ground:comb_3|tileMap[629][1]                    ; Stuck at GND due to stuck port data_in      ;
; motorBack_Ground:comb_3|tileMap[629][0]                    ; Stuck at GND due to stuck port data_in      ;
; motorBack_Ground:comb_3|tileMap[630][6]                    ; Stuck at GND due to stuck port data_in      ;
; motorBack_Ground:comb_3|tileMap[630][4]                    ; Stuck at GND due to stuck port data_in      ;
; motorBack_Ground:comb_3|tileMap[630][1]                    ; Stuck at GND due to stuck port data_in      ;
; motorBack_Ground:comb_3|tileMap[630][0]                    ; Stuck at GND due to stuck port data_in      ;
; motorBack_Ground:comb_3|tileMap[631][6]                    ; Stuck at GND due to stuck port data_in      ;
; motorBack_Ground:comb_3|tileMap[631][4]                    ; Stuck at GND due to stuck port data_in      ;
; motorBack_Ground:comb_3|tileMap[631][1]                    ; Stuck at GND due to stuck port data_in      ;
; motorBack_Ground:comb_3|tileMap[631][0]                    ; Stuck at GND due to stuck port data_in      ;
; motorBack_Ground:comb_3|tileMap[632][6]                    ; Stuck at GND due to stuck port data_in      ;
; motorBack_Ground:comb_3|tileMap[632][4]                    ; Stuck at GND due to stuck port data_in      ;
; motorBack_Ground:comb_3|tileMap[632][1]                    ; Stuck at GND due to stuck port data_in      ;
; motorBack_Ground:comb_3|tileMap[632][0]                    ; Stuck at GND due to stuck port data_in      ;
; motorBack_Ground:comb_3|tileMap[633][6]                    ; Stuck at GND due to stuck port data_in      ;
; motorBack_Ground:comb_3|tileMap[633][4]                    ; Stuck at GND due to stuck port data_in      ;
; motorBack_Ground:comb_3|tileMap[633][1]                    ; Stuck at GND due to stuck port data_in      ;
; motorBack_Ground:comb_3|tileMap[633][0]                    ; Stuck at GND due to stuck port data_in      ;
; motorBack_Ground:comb_3|tileMap[634][6]                    ; Stuck at GND due to stuck port data_in      ;
; motorBack_Ground:comb_3|tileMap[634][4]                    ; Stuck at GND due to stuck port data_in      ;
; motorBack_Ground:comb_3|tileMap[634][1]                    ; Stuck at GND due to stuck port data_in      ;
; motorBack_Ground:comb_3|tileMap[634][0]                    ; Stuck at GND due to stuck port data_in      ;
; motorBack_Ground:comb_3|tileMap[635][6]                    ; Stuck at GND due to stuck port data_in      ;
; motorBack_Ground:comb_3|tileMap[635][4]                    ; Stuck at GND due to stuck port data_in      ;
; motorBack_Ground:comb_3|tileMap[635][1]                    ; Stuck at GND due to stuck port data_in      ;
; motorBack_Ground:comb_3|tileMap[635][0]                    ; Stuck at GND due to stuck port data_in      ;
; motorBack_Ground:comb_3|tileMap[636][6]                    ; Stuck at GND due to stuck port data_in      ;
; motorBack_Ground:comb_3|tileMap[636][4]                    ; Stuck at GND due to stuck port data_in      ;
; motorBack_Ground:comb_3|tileMap[636][1]                    ; Stuck at GND due to stuck port data_in      ;
; motorBack_Ground:comb_3|tileMap[636][0]                    ; Stuck at GND due to stuck port data_in      ;
; motorBack_Ground:comb_3|tileMap[637][6]                    ; Stuck at GND due to stuck port data_in      ;
; motorBack_Ground:comb_3|tileMap[637][4]                    ; Stuck at GND due to stuck port data_in      ;
; motorBack_Ground:comb_3|tileMap[637][1]                    ; Stuck at GND due to stuck port data_in      ;
; motorBack_Ground:comb_3|tileMap[637][0]                    ; Stuck at GND due to stuck port data_in      ;
; motorBack_Ground:comb_3|tileMap[638][6]                    ; Stuck at GND due to stuck port data_in      ;
; motorBack_Ground:comb_3|tileMap[638][4]                    ; Stuck at GND due to stuck port data_in      ;
; motorBack_Ground:comb_3|tileMap[638][1]                    ; Stuck at GND due to stuck port data_in      ;
; motorBack_Ground:comb_3|tileMap[638][0]                    ; Stuck at GND due to stuck port data_in      ;
; motorBack_Ground:comb_3|tileMap[639][6]                    ; Stuck at GND due to stuck port data_in      ;
; motorBack_Ground:comb_3|tileMap[639][4]                    ; Stuck at GND due to stuck port data_in      ;
; motorBack_Ground:comb_3|tileMap[639][1]                    ; Stuck at GND due to stuck port data_in      ;
; motorBack_Ground:comb_3|tileMap[639][0]                    ; Stuck at GND due to stuck port data_in      ;
; motorBack_Ground:comb_3|tileMap[640][6]                    ; Stuck at GND due to stuck port data_in      ;
; motorBack_Ground:comb_3|tileMap[640][4]                    ; Stuck at GND due to stuck port data_in      ;
; motorBack_Ground:comb_3|tileMap[640][1]                    ; Stuck at GND due to stuck port data_in      ;
; motorBack_Ground:comb_3|tileMap[640][0]                    ; Stuck at GND due to stuck port data_in      ;
; motorBack_Ground:comb_3|tileMap[641][6]                    ; Stuck at GND due to stuck port data_in      ;
; motorBack_Ground:comb_3|tileMap[641][4]                    ; Stuck at GND due to stuck port data_in      ;
; motorBack_Ground:comb_3|tileMap[641][1]                    ; Stuck at GND due to stuck port data_in      ;
; motorBack_Ground:comb_3|tileMap[641][0]                    ; Stuck at GND due to stuck port data_in      ;
; motorBack_Ground:comb_3|tileMap[642][6]                    ; Stuck at GND due to stuck port data_in      ;
; motorBack_Ground:comb_3|tileMap[642][4]                    ; Stuck at GND due to stuck port data_in      ;
; motorBack_Ground:comb_3|tileMap[642][1]                    ; Stuck at GND due to stuck port data_in      ;
; motorBack_Ground:comb_3|tileMap[642][0]                    ; Stuck at GND due to stuck port data_in      ;
; motorBack_Ground:comb_3|tileMap[643][6]                    ; Stuck at GND due to stuck port data_in      ;
; motorBack_Ground:comb_3|tileMap[643][4]                    ; Stuck at GND due to stuck port data_in      ;
; motorBack_Ground:comb_3|tileMap[643][1]                    ; Stuck at GND due to stuck port data_in      ;
; motorBack_Ground:comb_3|tileMap[643][0]                    ; Stuck at GND due to stuck port data_in      ;
; motorBack_Ground:comb_3|tileMap[644][6]                    ; Stuck at GND due to stuck port data_in      ;
; motorBack_Ground:comb_3|tileMap[644][4]                    ; Stuck at GND due to stuck port data_in      ;
; motorBack_Ground:comb_3|tileMap[644][1]                    ; Stuck at GND due to stuck port data_in      ;
; motorBack_Ground:comb_3|tileMap[644][0]                    ; Stuck at GND due to stuck port data_in      ;
; motorBack_Ground:comb_3|tileMap[645][6]                    ; Stuck at GND due to stuck port data_in      ;
; motorBack_Ground:comb_3|tileMap[645][4]                    ; Stuck at GND due to stuck port data_in      ;
; motorBack_Ground:comb_3|tileMap[645][1]                    ; Stuck at GND due to stuck port data_in      ;
; motorBack_Ground:comb_3|tileMap[645][0]                    ; Stuck at GND due to stuck port data_in      ;
; motorBack_Ground:comb_3|tileMap[646][6]                    ; Stuck at GND due to stuck port data_in      ;
; motorBack_Ground:comb_3|tileMap[646][4]                    ; Stuck at GND due to stuck port data_in      ;
; motorBack_Ground:comb_3|tileMap[646][1]                    ; Stuck at GND due to stuck port data_in      ;
; motorBack_Ground:comb_3|tileMap[646][0]                    ; Stuck at GND due to stuck port data_in      ;
; motorBack_Ground:comb_3|tileMap[647][6]                    ; Stuck at GND due to stuck port data_in      ;
; motorBack_Ground:comb_3|tileMap[647][4]                    ; Stuck at GND due to stuck port data_in      ;
; motorBack_Ground:comb_3|tileMap[647][1]                    ; Stuck at GND due to stuck port data_in      ;
; motorBack_Ground:comb_3|tileMap[647][0]                    ; Stuck at GND due to stuck port data_in      ;
; motorBack_Ground:comb_3|tileMap[648][6]                    ; Stuck at GND due to stuck port data_in      ;
; motorBack_Ground:comb_3|tileMap[648][4]                    ; Stuck at GND due to stuck port data_in      ;
; motorBack_Ground:comb_3|tileMap[648][1]                    ; Stuck at GND due to stuck port data_in      ;
; motorBack_Ground:comb_3|tileMap[648][0]                    ; Stuck at GND due to stuck port data_in      ;
; motorBack_Ground:comb_3|tileMap[649][6]                    ; Stuck at GND due to stuck port data_in      ;
; motorBack_Ground:comb_3|tileMap[649][4]                    ; Stuck at GND due to stuck port data_in      ;
; motorBack_Ground:comb_3|tileMap[649][1]                    ; Stuck at GND due to stuck port data_in      ;
; motorBack_Ground:comb_3|tileMap[649][0]                    ; Stuck at GND due to stuck port data_in      ;
; motorBack_Ground:comb_3|tileMap[650][6]                    ; Stuck at GND due to stuck port data_in      ;
; motorBack_Ground:comb_3|tileMap[650][4]                    ; Stuck at GND due to stuck port data_in      ;
; motorBack_Ground:comb_3|tileMap[650][1]                    ; Stuck at GND due to stuck port data_in      ;
; motorBack_Ground:comb_3|tileMap[650][0]                    ; Stuck at GND due to stuck port data_in      ;
; motorBack_Ground:comb_3|tileMap[651][6]                    ; Stuck at GND due to stuck port data_in      ;
; motorBack_Ground:comb_3|tileMap[651][4]                    ; Stuck at GND due to stuck port data_in      ;
; motorBack_Ground:comb_3|tileMap[651][1]                    ; Stuck at GND due to stuck port data_in      ;
; motorBack_Ground:comb_3|tileMap[651][0]                    ; Stuck at GND due to stuck port data_in      ;
; motorBack_Ground:comb_3|tileMap[652][6]                    ; Stuck at GND due to stuck port data_in      ;
; motorBack_Ground:comb_3|tileMap[652][4]                    ; Stuck at GND due to stuck port data_in      ;
; motorBack_Ground:comb_3|tileMap[652][1]                    ; Stuck at GND due to stuck port data_in      ;
; motorBack_Ground:comb_3|tileMap[652][0]                    ; Stuck at GND due to stuck port data_in      ;
; motorBack_Ground:comb_3|tileMap[653][6]                    ; Stuck at GND due to stuck port data_in      ;
; motorBack_Ground:comb_3|tileMap[653][4]                    ; Stuck at GND due to stuck port data_in      ;
; motorBack_Ground:comb_3|tileMap[653][1]                    ; Stuck at GND due to stuck port data_in      ;
; motorBack_Ground:comb_3|tileMap[653][0]                    ; Stuck at GND due to stuck port data_in      ;
; motorBack_Ground:comb_3|tileMap[654][6]                    ; Stuck at GND due to stuck port data_in      ;
; motorBack_Ground:comb_3|tileMap[654][4]                    ; Stuck at GND due to stuck port data_in      ;
; motorBack_Ground:comb_3|tileMap[654][1]                    ; Stuck at GND due to stuck port data_in      ;
; motorBack_Ground:comb_3|tileMap[654][0]                    ; Stuck at GND due to stuck port data_in      ;
; motorBack_Ground:comb_3|tileMap[655][6]                    ; Stuck at GND due to stuck port data_in      ;
; motorBack_Ground:comb_3|tileMap[655][4]                    ; Stuck at GND due to stuck port data_in      ;
; motorBack_Ground:comb_3|tileMap[655][1]                    ; Stuck at GND due to stuck port data_in      ;
; motorBack_Ground:comb_3|tileMap[655][0]                    ; Stuck at GND due to stuck port data_in      ;
; motorBack_Ground:comb_3|tileMap[656][6]                    ; Stuck at GND due to stuck port data_in      ;
; motorBack_Ground:comb_3|tileMap[656][4]                    ; Stuck at GND due to stuck port data_in      ;
; motorBack_Ground:comb_3|tileMap[656][1]                    ; Stuck at GND due to stuck port data_in      ;
; motorBack_Ground:comb_3|tileMap[656][0]                    ; Stuck at GND due to stuck port data_in      ;
; motorBack_Ground:comb_3|tileMap[657][6]                    ; Stuck at GND due to stuck port data_in      ;
; motorBack_Ground:comb_3|tileMap[657][4]                    ; Stuck at GND due to stuck port data_in      ;
; motorBack_Ground:comb_3|tileMap[657][1]                    ; Stuck at GND due to stuck port data_in      ;
; motorBack_Ground:comb_3|tileMap[657][0]                    ; Stuck at GND due to stuck port data_in      ;
; motorBack_Ground:comb_3|tileMap[658][6]                    ; Stuck at GND due to stuck port data_in      ;
; motorBack_Ground:comb_3|tileMap[658][4]                    ; Stuck at GND due to stuck port data_in      ;
; motorBack_Ground:comb_3|tileMap[658][1]                    ; Stuck at GND due to stuck port data_in      ;
; motorBack_Ground:comb_3|tileMap[658][0]                    ; Stuck at GND due to stuck port data_in      ;
; motorBack_Ground:comb_3|tileMap[659][6]                    ; Stuck at GND due to stuck port data_in      ;
; motorBack_Ground:comb_3|tileMap[659][4]                    ; Stuck at GND due to stuck port data_in      ;
; motorBack_Ground:comb_3|tileMap[659][1]                    ; Stuck at GND due to stuck port data_in      ;
; motorBack_Ground:comb_3|tileMap[659][0]                    ; Stuck at GND due to stuck port data_in      ;
; motorBack_Ground:comb_3|tileMap[660][6]                    ; Stuck at GND due to stuck port data_in      ;
; motorBack_Ground:comb_3|tileMap[660][4]                    ; Stuck at GND due to stuck port data_in      ;
; motorBack_Ground:comb_3|tileMap[660][1]                    ; Stuck at GND due to stuck port data_in      ;
; motorBack_Ground:comb_3|tileMap[660][0]                    ; Stuck at GND due to stuck port data_in      ;
; motorBack_Ground:comb_3|tileMap[661][6]                    ; Stuck at GND due to stuck port data_in      ;
; motorBack_Ground:comb_3|tileMap[661][4]                    ; Stuck at GND due to stuck port data_in      ;
; motorBack_Ground:comb_3|tileMap[661][1]                    ; Stuck at GND due to stuck port data_in      ;
; motorBack_Ground:comb_3|tileMap[661][0]                    ; Stuck at GND due to stuck port data_in      ;
; motorBack_Ground:comb_3|tileMap[662][6]                    ; Stuck at GND due to stuck port data_in      ;
; motorBack_Ground:comb_3|tileMap[662][4]                    ; Stuck at GND due to stuck port data_in      ;
; motorBack_Ground:comb_3|tileMap[662][1]                    ; Stuck at GND due to stuck port data_in      ;
; motorBack_Ground:comb_3|tileMap[662][0]                    ; Stuck at GND due to stuck port data_in      ;
; motorBack_Ground:comb_3|tileMap[663][6]                    ; Stuck at GND due to stuck port data_in      ;
; motorBack_Ground:comb_3|tileMap[663][4]                    ; Stuck at GND due to stuck port data_in      ;
; motorBack_Ground:comb_3|tileMap[663][1]                    ; Stuck at GND due to stuck port data_in      ;
; motorBack_Ground:comb_3|tileMap[663][0]                    ; Stuck at GND due to stuck port data_in      ;
; motorBack_Ground:comb_3|tileMap[664][6]                    ; Stuck at GND due to stuck port data_in      ;
; motorBack_Ground:comb_3|tileMap[664][4]                    ; Stuck at GND due to stuck port data_in      ;
; motorBack_Ground:comb_3|tileMap[664][1]                    ; Stuck at GND due to stuck port data_in      ;
; motorBack_Ground:comb_3|tileMap[664][0]                    ; Stuck at GND due to stuck port data_in      ;
; motorBack_Ground:comb_3|tileMap[665][6]                    ; Stuck at GND due to stuck port data_in      ;
; motorBack_Ground:comb_3|tileMap[665][4]                    ; Stuck at GND due to stuck port data_in      ;
; motorBack_Ground:comb_3|tileMap[665][1]                    ; Stuck at GND due to stuck port data_in      ;
; motorBack_Ground:comb_3|tileMap[665][0]                    ; Stuck at GND due to stuck port data_in      ;
; motorBack_Ground:comb_3|tileMap[666][6]                    ; Stuck at GND due to stuck port data_in      ;
; motorBack_Ground:comb_3|tileMap[666][4]                    ; Stuck at GND due to stuck port data_in      ;
; motorBack_Ground:comb_3|tileMap[666][1]                    ; Stuck at GND due to stuck port data_in      ;
; motorBack_Ground:comb_3|tileMap[666][0]                    ; Stuck at GND due to stuck port data_in      ;
; motorBack_Ground:comb_3|tileMap[667][6]                    ; Stuck at GND due to stuck port data_in      ;
; motorBack_Ground:comb_3|tileMap[667][4]                    ; Stuck at GND due to stuck port data_in      ;
; motorBack_Ground:comb_3|tileMap[667][1]                    ; Stuck at GND due to stuck port data_in      ;
; motorBack_Ground:comb_3|tileMap[667][0]                    ; Stuck at GND due to stuck port data_in      ;
; motorBack_Ground:comb_3|tileMap[668][6]                    ; Stuck at GND due to stuck port data_in      ;
; motorBack_Ground:comb_3|tileMap[668][4]                    ; Stuck at GND due to stuck port data_in      ;
; motorBack_Ground:comb_3|tileMap[668][1]                    ; Stuck at GND due to stuck port data_in      ;
; motorBack_Ground:comb_3|tileMap[668][0]                    ; Stuck at GND due to stuck port data_in      ;
; motorBack_Ground:comb_3|tileMap[669][6]                    ; Stuck at GND due to stuck port data_in      ;
; motorBack_Ground:comb_3|tileMap[669][4]                    ; Stuck at GND due to stuck port data_in      ;
; motorBack_Ground:comb_3|tileMap[669][1]                    ; Stuck at GND due to stuck port data_in      ;
; motorBack_Ground:comb_3|tileMap[669][0]                    ; Stuck at GND due to stuck port data_in      ;
; motorBack_Ground:comb_3|tileMap[670][6]                    ; Stuck at GND due to stuck port data_in      ;
; motorBack_Ground:comb_3|tileMap[670][4]                    ; Stuck at GND due to stuck port data_in      ;
; motorBack_Ground:comb_3|tileMap[670][1]                    ; Stuck at GND due to stuck port data_in      ;
; motorBack_Ground:comb_3|tileMap[670][0]                    ; Stuck at GND due to stuck port data_in      ;
; motorBack_Ground:comb_3|tileMap[671][6]                    ; Stuck at GND due to stuck port data_in      ;
; motorBack_Ground:comb_3|tileMap[671][4]                    ; Stuck at GND due to stuck port data_in      ;
; motorBack_Ground:comb_3|tileMap[671][1]                    ; Stuck at GND due to stuck port data_in      ;
; motorBack_Ground:comb_3|tileMap[671][0]                    ; Stuck at GND due to stuck port data_in      ;
; motorBack_Ground:comb_3|tileMap[672][6]                    ; Stuck at GND due to stuck port data_in      ;
; motorBack_Ground:comb_3|tileMap[672][4]                    ; Stuck at GND due to stuck port data_in      ;
; motorBack_Ground:comb_3|tileMap[672][1]                    ; Stuck at GND due to stuck port data_in      ;
; motorBack_Ground:comb_3|tileMap[672][0]                    ; Stuck at GND due to stuck port data_in      ;
; motorBack_Ground:comb_3|tileMap[673][6]                    ; Stuck at GND due to stuck port data_in      ;
; motorBack_Ground:comb_3|tileMap[673][4]                    ; Stuck at GND due to stuck port data_in      ;
; motorBack_Ground:comb_3|tileMap[673][1]                    ; Stuck at GND due to stuck port data_in      ;
; motorBack_Ground:comb_3|tileMap[673][0]                    ; Stuck at GND due to stuck port data_in      ;
; motorBack_Ground:comb_3|tileMap[674][6]                    ; Stuck at GND due to stuck port data_in      ;
; motorBack_Ground:comb_3|tileMap[674][4]                    ; Stuck at GND due to stuck port data_in      ;
; motorBack_Ground:comb_3|tileMap[674][1]                    ; Stuck at GND due to stuck port data_in      ;
; motorBack_Ground:comb_3|tileMap[674][0]                    ; Stuck at GND due to stuck port data_in      ;
; motorBack_Ground:comb_3|tileMap[675][6]                    ; Stuck at GND due to stuck port data_in      ;
; motorBack_Ground:comb_3|tileMap[675][4]                    ; Stuck at GND due to stuck port data_in      ;
; motorBack_Ground:comb_3|tileMap[675][1]                    ; Stuck at GND due to stuck port data_in      ;
; motorBack_Ground:comb_3|tileMap[675][0]                    ; Stuck at GND due to stuck port data_in      ;
; motorBack_Ground:comb_3|tileMap[676][6]                    ; Stuck at GND due to stuck port data_in      ;
; motorBack_Ground:comb_3|tileMap[676][4]                    ; Stuck at GND due to stuck port data_in      ;
; motorBack_Ground:comb_3|tileMap[676][1]                    ; Stuck at GND due to stuck port data_in      ;
; motorBack_Ground:comb_3|tileMap[676][0]                    ; Stuck at GND due to stuck port data_in      ;
; motorBack_Ground:comb_3|tileMap[677][6]                    ; Stuck at GND due to stuck port data_in      ;
; motorBack_Ground:comb_3|tileMap[677][4]                    ; Stuck at GND due to stuck port data_in      ;
; motorBack_Ground:comb_3|tileMap[677][1]                    ; Stuck at GND due to stuck port data_in      ;
; motorBack_Ground:comb_3|tileMap[677][0]                    ; Stuck at GND due to stuck port data_in      ;
; motorBack_Ground:comb_3|tileMap[678][6]                    ; Stuck at GND due to stuck port data_in      ;
; motorBack_Ground:comb_3|tileMap[678][4]                    ; Stuck at GND due to stuck port data_in      ;
; motorBack_Ground:comb_3|tileMap[678][1]                    ; Stuck at GND due to stuck port data_in      ;
; motorBack_Ground:comb_3|tileMap[678][0]                    ; Stuck at GND due to stuck port data_in      ;
; motorBack_Ground:comb_3|tileMap[679][6]                    ; Stuck at GND due to stuck port data_in      ;
; motorBack_Ground:comb_3|tileMap[679][4]                    ; Stuck at GND due to stuck port data_in      ;
; motorBack_Ground:comb_3|tileMap[679][1]                    ; Stuck at GND due to stuck port data_in      ;
; motorBack_Ground:comb_3|tileMap[679][0]                    ; Stuck at GND due to stuck port data_in      ;
; motorBack_Ground:comb_3|tileMap[680][6]                    ; Stuck at GND due to stuck port data_in      ;
; motorBack_Ground:comb_3|tileMap[680][4]                    ; Stuck at GND due to stuck port data_in      ;
; motorBack_Ground:comb_3|tileMap[680][1]                    ; Stuck at GND due to stuck port data_in      ;
; motorBack_Ground:comb_3|tileMap[680][0]                    ; Stuck at GND due to stuck port data_in      ;
; motorBack_Ground:comb_3|tileMap[681][6]                    ; Stuck at GND due to stuck port data_in      ;
; motorBack_Ground:comb_3|tileMap[681][4]                    ; Stuck at GND due to stuck port data_in      ;
; motorBack_Ground:comb_3|tileMap[681][1]                    ; Stuck at GND due to stuck port data_in      ;
; motorBack_Ground:comb_3|tileMap[681][0]                    ; Stuck at GND due to stuck port data_in      ;
; motorBack_Ground:comb_3|tileMap[682][6]                    ; Stuck at GND due to stuck port data_in      ;
; motorBack_Ground:comb_3|tileMap[682][4]                    ; Stuck at GND due to stuck port data_in      ;
; motorBack_Ground:comb_3|tileMap[682][1]                    ; Stuck at GND due to stuck port data_in      ;
; motorBack_Ground:comb_3|tileMap[682][0]                    ; Stuck at GND due to stuck port data_in      ;
; motorBack_Ground:comb_3|tileMap[683][6]                    ; Stuck at GND due to stuck port data_in      ;
; motorBack_Ground:comb_3|tileMap[683][4]                    ; Stuck at GND due to stuck port data_in      ;
; motorBack_Ground:comb_3|tileMap[683][1]                    ; Stuck at GND due to stuck port data_in      ;
; motorBack_Ground:comb_3|tileMap[683][0]                    ; Stuck at GND due to stuck port data_in      ;
; motorBack_Ground:comb_3|tileMap[684][6]                    ; Stuck at GND due to stuck port data_in      ;
; motorBack_Ground:comb_3|tileMap[684][4]                    ; Stuck at GND due to stuck port data_in      ;
; motorBack_Ground:comb_3|tileMap[684][1]                    ; Stuck at GND due to stuck port data_in      ;
; motorBack_Ground:comb_3|tileMap[684][0]                    ; Stuck at GND due to stuck port data_in      ;
; motorBack_Ground:comb_3|tileMap[685][6]                    ; Stuck at GND due to stuck port data_in      ;
; motorBack_Ground:comb_3|tileMap[685][4]                    ; Stuck at GND due to stuck port data_in      ;
; motorBack_Ground:comb_3|tileMap[685][1]                    ; Stuck at GND due to stuck port data_in      ;
; motorBack_Ground:comb_3|tileMap[685][0]                    ; Stuck at GND due to stuck port data_in      ;
; motorBack_Ground:comb_3|tileMap[686][6]                    ; Stuck at GND due to stuck port data_in      ;
; motorBack_Ground:comb_3|tileMap[686][4]                    ; Stuck at GND due to stuck port data_in      ;
; motorBack_Ground:comb_3|tileMap[686][1]                    ; Stuck at GND due to stuck port data_in      ;
; motorBack_Ground:comb_3|tileMap[686][0]                    ; Stuck at GND due to stuck port data_in      ;
; motorBack_Ground:comb_3|tileMap[687][6]                    ; Stuck at GND due to stuck port data_in      ;
; motorBack_Ground:comb_3|tileMap[687][4]                    ; Stuck at GND due to stuck port data_in      ;
; motorBack_Ground:comb_3|tileMap[687][1]                    ; Stuck at GND due to stuck port data_in      ;
; motorBack_Ground:comb_3|tileMap[687][0]                    ; Stuck at GND due to stuck port data_in      ;
; motorBack_Ground:comb_3|tileMap[688][6]                    ; Stuck at GND due to stuck port data_in      ;
; motorBack_Ground:comb_3|tileMap[688][4]                    ; Stuck at GND due to stuck port data_in      ;
; motorBack_Ground:comb_3|tileMap[688][1]                    ; Stuck at GND due to stuck port data_in      ;
; motorBack_Ground:comb_3|tileMap[688][0]                    ; Stuck at GND due to stuck port data_in      ;
; motorBack_Ground:comb_3|tileMap[689][6]                    ; Stuck at GND due to stuck port data_in      ;
; motorBack_Ground:comb_3|tileMap[689][4]                    ; Stuck at GND due to stuck port data_in      ;
; motorBack_Ground:comb_3|tileMap[689][1]                    ; Stuck at GND due to stuck port data_in      ;
; motorBack_Ground:comb_3|tileMap[689][0]                    ; Stuck at GND due to stuck port data_in      ;
; motorBack_Ground:comb_3|tileMap[690][6]                    ; Stuck at GND due to stuck port data_in      ;
; motorBack_Ground:comb_3|tileMap[690][4]                    ; Stuck at GND due to stuck port data_in      ;
; motorBack_Ground:comb_3|tileMap[690][1]                    ; Stuck at GND due to stuck port data_in      ;
; motorBack_Ground:comb_3|tileMap[690][0]                    ; Stuck at GND due to stuck port data_in      ;
; motorBack_Ground:comb_3|tileMap[691][6]                    ; Stuck at GND due to stuck port data_in      ;
; motorBack_Ground:comb_3|tileMap[691][4]                    ; Stuck at GND due to stuck port data_in      ;
; motorBack_Ground:comb_3|tileMap[691][1]                    ; Stuck at GND due to stuck port data_in      ;
; motorBack_Ground:comb_3|tileMap[691][0]                    ; Stuck at GND due to stuck port data_in      ;
; motorBack_Ground:comb_3|tileMap[692][6]                    ; Stuck at GND due to stuck port data_in      ;
; motorBack_Ground:comb_3|tileMap[692][4]                    ; Stuck at GND due to stuck port data_in      ;
; motorBack_Ground:comb_3|tileMap[692][1]                    ; Stuck at GND due to stuck port data_in      ;
; motorBack_Ground:comb_3|tileMap[692][0]                    ; Stuck at GND due to stuck port data_in      ;
; motorBack_Ground:comb_3|tileMap[693][6]                    ; Stuck at GND due to stuck port data_in      ;
; motorBack_Ground:comb_3|tileMap[693][4]                    ; Stuck at GND due to stuck port data_in      ;
; motorBack_Ground:comb_3|tileMap[693][1]                    ; Stuck at GND due to stuck port data_in      ;
; motorBack_Ground:comb_3|tileMap[693][0]                    ; Stuck at GND due to stuck port data_in      ;
; motorBack_Ground:comb_3|tileMap[694][6]                    ; Stuck at GND due to stuck port data_in      ;
; motorBack_Ground:comb_3|tileMap[694][4]                    ; Stuck at GND due to stuck port data_in      ;
; motorBack_Ground:comb_3|tileMap[694][1]                    ; Stuck at GND due to stuck port data_in      ;
; motorBack_Ground:comb_3|tileMap[694][0]                    ; Stuck at GND due to stuck port data_in      ;
; motorBack_Ground:comb_3|tileMap[695][6]                    ; Stuck at GND due to stuck port data_in      ;
; motorBack_Ground:comb_3|tileMap[695][4]                    ; Stuck at GND due to stuck port data_in      ;
; motorBack_Ground:comb_3|tileMap[695][1]                    ; Stuck at GND due to stuck port data_in      ;
; motorBack_Ground:comb_3|tileMap[695][0]                    ; Stuck at GND due to stuck port data_in      ;
; motorBack_Ground:comb_3|tileMap[696][6]                    ; Stuck at GND due to stuck port data_in      ;
; motorBack_Ground:comb_3|tileMap[696][4]                    ; Stuck at GND due to stuck port data_in      ;
; motorBack_Ground:comb_3|tileMap[696][1]                    ; Stuck at GND due to stuck port data_in      ;
; motorBack_Ground:comb_3|tileMap[696][0]                    ; Stuck at GND due to stuck port data_in      ;
; motorBack_Ground:comb_3|tileMap[697][6]                    ; Stuck at GND due to stuck port data_in      ;
; motorBack_Ground:comb_3|tileMap[697][4]                    ; Stuck at GND due to stuck port data_in      ;
; motorBack_Ground:comb_3|tileMap[697][1]                    ; Stuck at GND due to stuck port data_in      ;
; motorBack_Ground:comb_3|tileMap[697][0]                    ; Stuck at GND due to stuck port data_in      ;
; motorBack_Ground:comb_3|tileMap[698][6]                    ; Stuck at GND due to stuck port data_in      ;
; motorBack_Ground:comb_3|tileMap[698][4]                    ; Stuck at GND due to stuck port data_in      ;
; motorBack_Ground:comb_3|tileMap[698][1]                    ; Stuck at GND due to stuck port data_in      ;
; motorBack_Ground:comb_3|tileMap[698][0]                    ; Stuck at GND due to stuck port data_in      ;
; motorBack_Ground:comb_3|tileMap[699][6]                    ; Stuck at GND due to stuck port data_in      ;
; motorBack_Ground:comb_3|tileMap[699][4]                    ; Stuck at GND due to stuck port data_in      ;
; motorBack_Ground:comb_3|tileMap[699][1]                    ; Stuck at GND due to stuck port data_in      ;
; motorBack_Ground:comb_3|tileMap[699][0]                    ; Stuck at GND due to stuck port data_in      ;
; motorBack_Ground:comb_3|tileMap[700][6]                    ; Stuck at GND due to stuck port data_in      ;
; motorBack_Ground:comb_3|tileMap[700][4]                    ; Stuck at GND due to stuck port data_in      ;
; motorBack_Ground:comb_3|tileMap[700][1]                    ; Stuck at GND due to stuck port data_in      ;
; motorBack_Ground:comb_3|tileMap[700][0]                    ; Stuck at GND due to stuck port data_in      ;
; motorBack_Ground:comb_3|tileMap[701][6]                    ; Stuck at GND due to stuck port data_in      ;
; motorBack_Ground:comb_3|tileMap[701][4]                    ; Stuck at GND due to stuck port data_in      ;
; motorBack_Ground:comb_3|tileMap[701][1]                    ; Stuck at GND due to stuck port data_in      ;
; motorBack_Ground:comb_3|tileMap[701][0]                    ; Stuck at GND due to stuck port data_in      ;
; motorBack_Ground:comb_3|tileMap[702][6]                    ; Stuck at GND due to stuck port data_in      ;
; motorBack_Ground:comb_3|tileMap[702][4]                    ; Stuck at GND due to stuck port data_in      ;
; motorBack_Ground:comb_3|tileMap[702][1]                    ; Stuck at GND due to stuck port data_in      ;
; motorBack_Ground:comb_3|tileMap[702][0]                    ; Stuck at GND due to stuck port data_in      ;
; motorBack_Ground:comb_3|tileMap[703][6]                    ; Stuck at GND due to stuck port data_in      ;
; motorBack_Ground:comb_3|tileMap[703][4]                    ; Stuck at GND due to stuck port data_in      ;
; motorBack_Ground:comb_3|tileMap[703][1]                    ; Stuck at GND due to stuck port data_in      ;
; motorBack_Ground:comb_3|tileMap[703][0]                    ; Stuck at GND due to stuck port data_in      ;
; motorBack_Ground:comb_3|tileMap[704][6]                    ; Stuck at GND due to stuck port data_in      ;
; motorBack_Ground:comb_3|tileMap[704][4]                    ; Stuck at GND due to stuck port data_in      ;
; motorBack_Ground:comb_3|tileMap[704][1]                    ; Stuck at GND due to stuck port data_in      ;
; motorBack_Ground:comb_3|tileMap[704][0]                    ; Stuck at GND due to stuck port data_in      ;
; motorBack_Ground:comb_3|tileMap[705][6]                    ; Stuck at GND due to stuck port data_in      ;
; motorBack_Ground:comb_3|tileMap[705][4]                    ; Stuck at GND due to stuck port data_in      ;
; motorBack_Ground:comb_3|tileMap[705][1]                    ; Stuck at GND due to stuck port data_in      ;
; motorBack_Ground:comb_3|tileMap[705][0]                    ; Stuck at GND due to stuck port data_in      ;
; motorBack_Ground:comb_3|tileMap[706][6]                    ; Stuck at GND due to stuck port data_in      ;
; motorBack_Ground:comb_3|tileMap[706][4]                    ; Stuck at GND due to stuck port data_in      ;
; motorBack_Ground:comb_3|tileMap[706][1]                    ; Stuck at GND due to stuck port data_in      ;
; motorBack_Ground:comb_3|tileMap[706][0]                    ; Stuck at GND due to stuck port data_in      ;
; motorBack_Ground:comb_3|tileMap[707][6]                    ; Stuck at GND due to stuck port data_in      ;
; motorBack_Ground:comb_3|tileMap[707][4]                    ; Stuck at GND due to stuck port data_in      ;
; motorBack_Ground:comb_3|tileMap[707][1]                    ; Stuck at GND due to stuck port data_in      ;
; motorBack_Ground:comb_3|tileMap[707][0]                    ; Stuck at GND due to stuck port data_in      ;
; motorBack_Ground:comb_3|tileMap[708][6]                    ; Stuck at GND due to stuck port data_in      ;
; motorBack_Ground:comb_3|tileMap[708][4]                    ; Stuck at GND due to stuck port data_in      ;
; motorBack_Ground:comb_3|tileMap[708][1]                    ; Stuck at GND due to stuck port data_in      ;
; motorBack_Ground:comb_3|tileMap[708][0]                    ; Stuck at GND due to stuck port data_in      ;
; motorBack_Ground:comb_3|tileMap[709][6]                    ; Stuck at GND due to stuck port data_in      ;
; motorBack_Ground:comb_3|tileMap[709][4]                    ; Stuck at GND due to stuck port data_in      ;
; motorBack_Ground:comb_3|tileMap[709][1]                    ; Stuck at GND due to stuck port data_in      ;
; motorBack_Ground:comb_3|tileMap[709][0]                    ; Stuck at GND due to stuck port data_in      ;
; motorBack_Ground:comb_3|tileMap[710][6]                    ; Stuck at GND due to stuck port data_in      ;
; motorBack_Ground:comb_3|tileMap[710][4]                    ; Stuck at GND due to stuck port data_in      ;
; motorBack_Ground:comb_3|tileMap[710][1]                    ; Stuck at GND due to stuck port data_in      ;
; motorBack_Ground:comb_3|tileMap[710][0]                    ; Stuck at GND due to stuck port data_in      ;
; motorBack_Ground:comb_3|tileMap[711][6]                    ; Stuck at GND due to stuck port data_in      ;
; motorBack_Ground:comb_3|tileMap[711][4]                    ; Stuck at GND due to stuck port data_in      ;
; motorBack_Ground:comb_3|tileMap[711][1]                    ; Stuck at GND due to stuck port data_in      ;
; motorBack_Ground:comb_3|tileMap[711][0]                    ; Stuck at GND due to stuck port data_in      ;
; motorBack_Ground:comb_3|tileMap[712][6]                    ; Stuck at GND due to stuck port data_in      ;
; motorBack_Ground:comb_3|tileMap[712][4]                    ; Stuck at GND due to stuck port data_in      ;
; motorBack_Ground:comb_3|tileMap[712][1]                    ; Stuck at GND due to stuck port data_in      ;
; motorBack_Ground:comb_3|tileMap[712][0]                    ; Stuck at GND due to stuck port data_in      ;
; motorBack_Ground:comb_3|tileMap[713][6]                    ; Stuck at GND due to stuck port data_in      ;
; motorBack_Ground:comb_3|tileMap[713][4]                    ; Stuck at GND due to stuck port data_in      ;
; motorBack_Ground:comb_3|tileMap[713][1]                    ; Stuck at GND due to stuck port data_in      ;
; motorBack_Ground:comb_3|tileMap[713][0]                    ; Stuck at GND due to stuck port data_in      ;
; motorBack_Ground:comb_3|tileMap[714][6]                    ; Stuck at GND due to stuck port data_in      ;
; motorBack_Ground:comb_3|tileMap[714][4]                    ; Stuck at GND due to stuck port data_in      ;
; motorBack_Ground:comb_3|tileMap[714][1]                    ; Stuck at GND due to stuck port data_in      ;
; motorBack_Ground:comb_3|tileMap[714][0]                    ; Stuck at GND due to stuck port data_in      ;
; motorBack_Ground:comb_3|tileMap[715][6]                    ; Stuck at GND due to stuck port data_in      ;
; motorBack_Ground:comb_3|tileMap[715][4]                    ; Stuck at GND due to stuck port data_in      ;
; motorBack_Ground:comb_3|tileMap[715][1]                    ; Stuck at GND due to stuck port data_in      ;
; motorBack_Ground:comb_3|tileMap[715][0]                    ; Stuck at GND due to stuck port data_in      ;
; motorBack_Ground:comb_3|tileMap[716][6]                    ; Stuck at GND due to stuck port data_in      ;
; motorBack_Ground:comb_3|tileMap[716][4]                    ; Stuck at GND due to stuck port data_in      ;
; motorBack_Ground:comb_3|tileMap[716][1]                    ; Stuck at GND due to stuck port data_in      ;
; motorBack_Ground:comb_3|tileMap[716][0]                    ; Stuck at GND due to stuck port data_in      ;
; motorBack_Ground:comb_3|tileMap[717][6]                    ; Stuck at GND due to stuck port data_in      ;
; motorBack_Ground:comb_3|tileMap[717][4]                    ; Stuck at GND due to stuck port data_in      ;
; motorBack_Ground:comb_3|tileMap[717][1]                    ; Stuck at GND due to stuck port data_in      ;
; motorBack_Ground:comb_3|tileMap[717][0]                    ; Stuck at GND due to stuck port data_in      ;
; motorBack_Ground:comb_3|tileMap[718][6]                    ; Stuck at GND due to stuck port data_in      ;
; motorBack_Ground:comb_3|tileMap[718][4]                    ; Stuck at GND due to stuck port data_in      ;
; motorBack_Ground:comb_3|tileMap[718][1]                    ; Stuck at GND due to stuck port data_in      ;
; motorBack_Ground:comb_3|tileMap[718][0]                    ; Stuck at GND due to stuck port data_in      ;
; motorBack_Ground:comb_3|tileMap[719][6]                    ; Stuck at GND due to stuck port data_in      ;
; motorBack_Ground:comb_3|tileMap[719][4]                    ; Stuck at GND due to stuck port data_in      ;
; motorBack_Ground:comb_3|tileMap[719][1]                    ; Stuck at GND due to stuck port data_in      ;
; motorBack_Ground:comb_3|tileMap[719][0]                    ; Stuck at GND due to stuck port data_in      ;
; motorBack_Ground:comb_3|tileMap[720][6]                    ; Stuck at GND due to stuck port data_in      ;
; motorBack_Ground:comb_3|tileMap[720][4]                    ; Stuck at GND due to stuck port data_in      ;
; motorBack_Ground:comb_3|tileMap[720][1]                    ; Stuck at GND due to stuck port data_in      ;
; motorBack_Ground:comb_3|tileMap[720][0]                    ; Stuck at GND due to stuck port data_in      ;
; motorBack_Ground:comb_3|tileMap[721][6]                    ; Stuck at GND due to stuck port data_in      ;
; motorBack_Ground:comb_3|tileMap[721][4]                    ; Stuck at GND due to stuck port data_in      ;
; motorBack_Ground:comb_3|tileMap[721][1]                    ; Stuck at GND due to stuck port data_in      ;
; motorBack_Ground:comb_3|tileMap[721][0]                    ; Stuck at GND due to stuck port data_in      ;
; motorBack_Ground:comb_3|tileMap[722][6]                    ; Stuck at GND due to stuck port data_in      ;
; motorBack_Ground:comb_3|tileMap[722][4]                    ; Stuck at GND due to stuck port data_in      ;
; motorBack_Ground:comb_3|tileMap[722][1]                    ; Stuck at GND due to stuck port data_in      ;
; motorBack_Ground:comb_3|tileMap[722][0]                    ; Stuck at GND due to stuck port data_in      ;
; motorBack_Ground:comb_3|tileMap[723][6]                    ; Stuck at GND due to stuck port data_in      ;
; motorBack_Ground:comb_3|tileMap[723][4]                    ; Stuck at GND due to stuck port data_in      ;
; motorBack_Ground:comb_3|tileMap[723][1]                    ; Stuck at GND due to stuck port data_in      ;
; motorBack_Ground:comb_3|tileMap[723][0]                    ; Stuck at GND due to stuck port data_in      ;
; motorBack_Ground:comb_3|tileMap[724][6]                    ; Stuck at GND due to stuck port data_in      ;
; motorBack_Ground:comb_3|tileMap[724][4]                    ; Stuck at GND due to stuck port data_in      ;
; motorBack_Ground:comb_3|tileMap[724][1]                    ; Stuck at GND due to stuck port data_in      ;
; motorBack_Ground:comb_3|tileMap[724][0]                    ; Stuck at GND due to stuck port data_in      ;
; motorBack_Ground:comb_3|tileMap[725][6]                    ; Stuck at GND due to stuck port data_in      ;
; motorBack_Ground:comb_3|tileMap[725][4]                    ; Stuck at GND due to stuck port data_in      ;
; motorBack_Ground:comb_3|tileMap[725][1]                    ; Stuck at GND due to stuck port data_in      ;
; motorBack_Ground:comb_3|tileMap[725][0]                    ; Stuck at GND due to stuck port data_in      ;
; motorBack_Ground:comb_3|tileMap[726][6]                    ; Stuck at GND due to stuck port data_in      ;
; motorBack_Ground:comb_3|tileMap[726][4]                    ; Stuck at GND due to stuck port data_in      ;
; motorBack_Ground:comb_3|tileMap[726][1]                    ; Stuck at GND due to stuck port data_in      ;
; motorBack_Ground:comb_3|tileMap[726][0]                    ; Stuck at GND due to stuck port data_in      ;
; motorBack_Ground:comb_3|tileMap[727][6]                    ; Stuck at GND due to stuck port data_in      ;
; motorBack_Ground:comb_3|tileMap[727][4]                    ; Stuck at GND due to stuck port data_in      ;
; motorBack_Ground:comb_3|tileMap[727][1]                    ; Stuck at GND due to stuck port data_in      ;
; motorBack_Ground:comb_3|tileMap[727][0]                    ; Stuck at GND due to stuck port data_in      ;
; motorBack_Ground:comb_3|tileMap[728][6]                    ; Stuck at GND due to stuck port data_in      ;
; motorBack_Ground:comb_3|tileMap[728][4]                    ; Stuck at GND due to stuck port data_in      ;
; motorBack_Ground:comb_3|tileMap[728][1]                    ; Stuck at GND due to stuck port data_in      ;
; motorBack_Ground:comb_3|tileMap[728][0]                    ; Stuck at GND due to stuck port data_in      ;
; motorBack_Ground:comb_3|tileMap[729][6]                    ; Stuck at GND due to stuck port data_in      ;
; motorBack_Ground:comb_3|tileMap[729][4]                    ; Stuck at GND due to stuck port data_in      ;
; motorBack_Ground:comb_3|tileMap[729][1]                    ; Stuck at GND due to stuck port data_in      ;
; motorBack_Ground:comb_3|tileMap[729][0]                    ; Stuck at GND due to stuck port data_in      ;
; motorBack_Ground:comb_3|tileMap[730][6]                    ; Stuck at GND due to stuck port data_in      ;
; motorBack_Ground:comb_3|tileMap[730][4]                    ; Stuck at GND due to stuck port data_in      ;
; motorBack_Ground:comb_3|tileMap[730][1]                    ; Stuck at GND due to stuck port data_in      ;
; motorBack_Ground:comb_3|tileMap[730][0]                    ; Stuck at GND due to stuck port data_in      ;
; motorBack_Ground:comb_3|tileMap[731][6]                    ; Stuck at GND due to stuck port data_in      ;
; motorBack_Ground:comb_3|tileMap[731][4]                    ; Stuck at GND due to stuck port data_in      ;
; motorBack_Ground:comb_3|tileMap[731][1]                    ; Stuck at GND due to stuck port data_in      ;
; motorBack_Ground:comb_3|tileMap[731][0]                    ; Stuck at GND due to stuck port data_in      ;
; motorBack_Ground:comb_3|tileMap[732][6]                    ; Stuck at GND due to stuck port data_in      ;
; motorBack_Ground:comb_3|tileMap[732][4]                    ; Stuck at GND due to stuck port data_in      ;
; motorBack_Ground:comb_3|tileMap[732][1]                    ; Stuck at GND due to stuck port data_in      ;
; motorBack_Ground:comb_3|tileMap[732][0]                    ; Stuck at GND due to stuck port data_in      ;
; motorBack_Ground:comb_3|tileMap[733][6]                    ; Stuck at GND due to stuck port data_in      ;
; motorBack_Ground:comb_3|tileMap[733][4]                    ; Stuck at GND due to stuck port data_in      ;
; motorBack_Ground:comb_3|tileMap[733][1]                    ; Stuck at GND due to stuck port data_in      ;
; motorBack_Ground:comb_3|tileMap[733][0]                    ; Stuck at GND due to stuck port data_in      ;
; motorBack_Ground:comb_3|tileMap[734][6]                    ; Stuck at GND due to stuck port data_in      ;
; motorBack_Ground:comb_3|tileMap[734][4]                    ; Stuck at GND due to stuck port data_in      ;
; motorBack_Ground:comb_3|tileMap[734][1]                    ; Stuck at GND due to stuck port data_in      ;
; motorBack_Ground:comb_3|tileMap[734][0]                    ; Stuck at GND due to stuck port data_in      ;
; motorBack_Ground:comb_3|tileMap[735][6]                    ; Stuck at GND due to stuck port data_in      ;
; motorBack_Ground:comb_3|tileMap[735][4]                    ; Stuck at GND due to stuck port data_in      ;
; motorBack_Ground:comb_3|tileMap[735][1]                    ; Stuck at GND due to stuck port data_in      ;
; motorBack_Ground:comb_3|tileMap[735][0]                    ; Stuck at GND due to stuck port data_in      ;
; motorBack_Ground:comb_3|tileMap[736][6]                    ; Stuck at GND due to stuck port data_in      ;
; motorBack_Ground:comb_3|tileMap[736][4]                    ; Stuck at GND due to stuck port data_in      ;
; motorBack_Ground:comb_3|tileMap[736][1]                    ; Stuck at GND due to stuck port data_in      ;
; motorBack_Ground:comb_3|tileMap[736][0]                    ; Stuck at GND due to stuck port data_in      ;
; motorBack_Ground:comb_3|tileMap[737][6]                    ; Stuck at GND due to stuck port data_in      ;
; motorBack_Ground:comb_3|tileMap[737][4]                    ; Stuck at GND due to stuck port data_in      ;
; motorBack_Ground:comb_3|tileMap[737][1]                    ; Stuck at GND due to stuck port data_in      ;
; motorBack_Ground:comb_3|tileMap[737][0]                    ; Stuck at GND due to stuck port data_in      ;
; motorBack_Ground:comb_3|tileMap[738][6]                    ; Stuck at GND due to stuck port data_in      ;
; motorBack_Ground:comb_3|tileMap[738][4]                    ; Stuck at GND due to stuck port data_in      ;
; motorBack_Ground:comb_3|tileMap[738][1]                    ; Stuck at GND due to stuck port data_in      ;
; motorBack_Ground:comb_3|tileMap[738][0]                    ; Stuck at GND due to stuck port data_in      ;
; motorBack_Ground:comb_3|tileMap[739][6]                    ; Stuck at GND due to stuck port data_in      ;
; motorBack_Ground:comb_3|tileMap[739][4]                    ; Stuck at GND due to stuck port data_in      ;
; motorBack_Ground:comb_3|tileMap[739][1]                    ; Stuck at GND due to stuck port data_in      ;
; motorBack_Ground:comb_3|tileMap[739][0]                    ; Stuck at GND due to stuck port data_in      ;
; motorBack_Ground:comb_3|tileMap[740][6]                    ; Stuck at GND due to stuck port data_in      ;
; motorBack_Ground:comb_3|tileMap[740][4]                    ; Stuck at GND due to stuck port data_in      ;
; motorBack_Ground:comb_3|tileMap[740][1]                    ; Stuck at GND due to stuck port data_in      ;
; motorBack_Ground:comb_3|tileMap[740][0]                    ; Stuck at GND due to stuck port data_in      ;
; motorBack_Ground:comb_3|tileMap[741][6]                    ; Stuck at GND due to stuck port data_in      ;
; motorBack_Ground:comb_3|tileMap[741][4]                    ; Stuck at GND due to stuck port data_in      ;
; motorBack_Ground:comb_3|tileMap[741][1]                    ; Stuck at GND due to stuck port data_in      ;
; motorBack_Ground:comb_3|tileMap[741][0]                    ; Stuck at GND due to stuck port data_in      ;
; motorBack_Ground:comb_3|tileMap[742][6]                    ; Stuck at GND due to stuck port data_in      ;
; motorBack_Ground:comb_3|tileMap[742][4]                    ; Stuck at GND due to stuck port data_in      ;
; motorBack_Ground:comb_3|tileMap[742][1]                    ; Stuck at GND due to stuck port data_in      ;
; motorBack_Ground:comb_3|tileMap[742][0]                    ; Stuck at GND due to stuck port data_in      ;
; motorBack_Ground:comb_3|tileMap[743][6]                    ; Stuck at GND due to stuck port data_in      ;
; motorBack_Ground:comb_3|tileMap[743][4]                    ; Stuck at GND due to stuck port data_in      ;
; motorBack_Ground:comb_3|tileMap[743][1]                    ; Stuck at GND due to stuck port data_in      ;
; motorBack_Ground:comb_3|tileMap[743][0]                    ; Stuck at GND due to stuck port data_in      ;
; motorBack_Ground:comb_3|tileMap[744][6]                    ; Stuck at GND due to stuck port data_in      ;
; motorBack_Ground:comb_3|tileMap[744][4]                    ; Stuck at GND due to stuck port data_in      ;
; motorBack_Ground:comb_3|tileMap[744][1]                    ; Stuck at GND due to stuck port data_in      ;
; motorBack_Ground:comb_3|tileMap[744][0]                    ; Stuck at GND due to stuck port data_in      ;
; motorBack_Ground:comb_3|tileMap[745][6]                    ; Stuck at GND due to stuck port data_in      ;
; motorBack_Ground:comb_3|tileMap[745][4]                    ; Stuck at GND due to stuck port data_in      ;
; motorBack_Ground:comb_3|tileMap[745][1]                    ; Stuck at GND due to stuck port data_in      ;
; motorBack_Ground:comb_3|tileMap[745][0]                    ; Stuck at GND due to stuck port data_in      ;
; motorBack_Ground:comb_3|tileMap[746][6]                    ; Stuck at GND due to stuck port data_in      ;
; motorBack_Ground:comb_3|tileMap[746][4]                    ; Stuck at GND due to stuck port data_in      ;
; motorBack_Ground:comb_3|tileMap[746][1]                    ; Stuck at GND due to stuck port data_in      ;
; motorBack_Ground:comb_3|tileMap[746][0]                    ; Stuck at GND due to stuck port data_in      ;
; motorBack_Ground:comb_3|tileMap[747][6]                    ; Stuck at GND due to stuck port data_in      ;
; motorBack_Ground:comb_3|tileMap[747][4]                    ; Stuck at GND due to stuck port data_in      ;
; motorBack_Ground:comb_3|tileMap[747][1]                    ; Stuck at GND due to stuck port data_in      ;
; motorBack_Ground:comb_3|tileMap[747][0]                    ; Stuck at GND due to stuck port data_in      ;
; motorBack_Ground:comb_3|tileMap[748][6]                    ; Stuck at GND due to stuck port data_in      ;
; motorBack_Ground:comb_3|tileMap[748][4]                    ; Stuck at GND due to stuck port data_in      ;
; motorBack_Ground:comb_3|tileMap[748][1]                    ; Stuck at GND due to stuck port data_in      ;
; motorBack_Ground:comb_3|tileMap[748][0]                    ; Stuck at GND due to stuck port data_in      ;
; motorBack_Ground:comb_3|tileMap[749][6]                    ; Stuck at GND due to stuck port data_in      ;
; motorBack_Ground:comb_3|tileMap[749][4]                    ; Stuck at GND due to stuck port data_in      ;
; motorBack_Ground:comb_3|tileMap[749][1]                    ; Stuck at GND due to stuck port data_in      ;
; motorBack_Ground:comb_3|tileMap[749][0]                    ; Stuck at GND due to stuck port data_in      ;
; motorBack_Ground:comb_3|tileMap[750][6]                    ; Stuck at GND due to stuck port data_in      ;
; motorBack_Ground:comb_3|tileMap[750][4]                    ; Stuck at GND due to stuck port data_in      ;
; motorBack_Ground:comb_3|tileMap[750][1]                    ; Stuck at GND due to stuck port data_in      ;
; motorBack_Ground:comb_3|tileMap[750][0]                    ; Stuck at GND due to stuck port data_in      ;
; motorBack_Ground:comb_3|tileMap[751][6]                    ; Stuck at GND due to stuck port data_in      ;
; motorBack_Ground:comb_3|tileMap[751][4]                    ; Stuck at GND due to stuck port data_in      ;
; motorBack_Ground:comb_3|tileMap[751][1]                    ; Stuck at GND due to stuck port data_in      ;
; motorBack_Ground:comb_3|tileMap[751][0]                    ; Stuck at GND due to stuck port data_in      ;
; motorBack_Ground:comb_3|tileMap[752][6]                    ; Stuck at GND due to stuck port data_in      ;
; motorBack_Ground:comb_3|tileMap[752][4]                    ; Stuck at GND due to stuck port data_in      ;
; motorBack_Ground:comb_3|tileMap[752][1]                    ; Stuck at GND due to stuck port data_in      ;
; motorBack_Ground:comb_3|tileMap[752][0]                    ; Stuck at GND due to stuck port data_in      ;
; motorBack_Ground:comb_3|tileMap[753][6]                    ; Stuck at GND due to stuck port data_in      ;
; motorBack_Ground:comb_3|tileMap[753][4]                    ; Stuck at GND due to stuck port data_in      ;
; motorBack_Ground:comb_3|tileMap[753][1]                    ; Stuck at GND due to stuck port data_in      ;
; motorBack_Ground:comb_3|tileMap[753][0]                    ; Stuck at GND due to stuck port data_in      ;
; motorBack_Ground:comb_3|tileMap[754][6]                    ; Stuck at GND due to stuck port data_in      ;
; motorBack_Ground:comb_3|tileMap[754][4]                    ; Stuck at GND due to stuck port data_in      ;
; motorBack_Ground:comb_3|tileMap[754][1]                    ; Stuck at GND due to stuck port data_in      ;
; motorBack_Ground:comb_3|tileMap[754][0]                    ; Stuck at GND due to stuck port data_in      ;
; motorBack_Ground:comb_3|tileMap[755][6]                    ; Stuck at GND due to stuck port data_in      ;
; motorBack_Ground:comb_3|tileMap[755][4]                    ; Stuck at GND due to stuck port data_in      ;
; motorBack_Ground:comb_3|tileMap[755][1]                    ; Stuck at GND due to stuck port data_in      ;
; motorBack_Ground:comb_3|tileMap[755][0]                    ; Stuck at GND due to stuck port data_in      ;
; motorBack_Ground:comb_3|tileMap[756][6]                    ; Stuck at GND due to stuck port data_in      ;
; motorBack_Ground:comb_3|tileMap[756][4]                    ; Stuck at GND due to stuck port data_in      ;
; motorBack_Ground:comb_3|tileMap[756][1]                    ; Stuck at GND due to stuck port data_in      ;
; motorBack_Ground:comb_3|tileMap[756][0]                    ; Stuck at GND due to stuck port data_in      ;
; motorBack_Ground:comb_3|tileMap[757][6]                    ; Stuck at GND due to stuck port data_in      ;
; motorBack_Ground:comb_3|tileMap[757][4]                    ; Stuck at GND due to stuck port data_in      ;
; motorBack_Ground:comb_3|tileMap[757][1]                    ; Stuck at GND due to stuck port data_in      ;
; motorBack_Ground:comb_3|tileMap[757][0]                    ; Stuck at GND due to stuck port data_in      ;
; motorBack_Ground:comb_3|tileMap[758][6]                    ; Stuck at GND due to stuck port data_in      ;
; motorBack_Ground:comb_3|tileMap[758][4]                    ; Stuck at GND due to stuck port data_in      ;
; motorBack_Ground:comb_3|tileMap[758][1]                    ; Stuck at GND due to stuck port data_in      ;
; motorBack_Ground:comb_3|tileMap[758][0]                    ; Stuck at GND due to stuck port data_in      ;
; motorBack_Ground:comb_3|tileMap[759][6]                    ; Stuck at GND due to stuck port data_in      ;
; motorBack_Ground:comb_3|tileMap[759][4]                    ; Stuck at GND due to stuck port data_in      ;
; motorBack_Ground:comb_3|tileMap[759][1]                    ; Stuck at GND due to stuck port data_in      ;
; motorBack_Ground:comb_3|tileMap[759][0]                    ; Stuck at GND due to stuck port data_in      ;
; motorBack_Ground:comb_3|tileMap[760][6]                    ; Stuck at GND due to stuck port data_in      ;
; motorBack_Ground:comb_3|tileMap[760][4]                    ; Stuck at GND due to stuck port data_in      ;
; motorBack_Ground:comb_3|tileMap[760][1]                    ; Stuck at GND due to stuck port data_in      ;
; motorBack_Ground:comb_3|tileMap[760][0]                    ; Stuck at GND due to stuck port data_in      ;
; motorBack_Ground:comb_3|tileMap[761][6]                    ; Stuck at GND due to stuck port data_in      ;
; motorBack_Ground:comb_3|tileMap[761][4]                    ; Stuck at GND due to stuck port data_in      ;
; motorBack_Ground:comb_3|tileMap[761][1]                    ; Stuck at GND due to stuck port data_in      ;
; motorBack_Ground:comb_3|tileMap[761][0]                    ; Stuck at GND due to stuck port data_in      ;
; motorBack_Ground:comb_3|tileMap[762][6]                    ; Stuck at GND due to stuck port data_in      ;
; motorBack_Ground:comb_3|tileMap[762][4]                    ; Stuck at GND due to stuck port data_in      ;
; motorBack_Ground:comb_3|tileMap[762][1]                    ; Stuck at GND due to stuck port data_in      ;
; motorBack_Ground:comb_3|tileMap[762][0]                    ; Stuck at GND due to stuck port data_in      ;
; motorBack_Ground:comb_3|tileMap[763][6]                    ; Stuck at GND due to stuck port data_in      ;
; motorBack_Ground:comb_3|tileMap[763][4]                    ; Stuck at GND due to stuck port data_in      ;
; motorBack_Ground:comb_3|tileMap[763][1]                    ; Stuck at GND due to stuck port data_in      ;
; motorBack_Ground:comb_3|tileMap[763][0]                    ; Stuck at GND due to stuck port data_in      ;
; motorBack_Ground:comb_3|tileMap[764][6]                    ; Stuck at GND due to stuck port data_in      ;
; motorBack_Ground:comb_3|tileMap[764][4]                    ; Stuck at GND due to stuck port data_in      ;
; motorBack_Ground:comb_3|tileMap[764][1]                    ; Stuck at GND due to stuck port data_in      ;
; motorBack_Ground:comb_3|tileMap[764][0]                    ; Stuck at GND due to stuck port data_in      ;
; motorBack_Ground:comb_3|tileMap[765][6]                    ; Stuck at GND due to stuck port data_in      ;
; motorBack_Ground:comb_3|tileMap[765][4]                    ; Stuck at GND due to stuck port data_in      ;
; motorBack_Ground:comb_3|tileMap[765][1]                    ; Stuck at GND due to stuck port data_in      ;
; motorBack_Ground:comb_3|tileMap[765][0]                    ; Stuck at GND due to stuck port data_in      ;
; motorBack_Ground:comb_3|tileMap[766][6]                    ; Stuck at GND due to stuck port data_in      ;
; motorBack_Ground:comb_3|tileMap[766][4]                    ; Stuck at GND due to stuck port data_in      ;
; motorBack_Ground:comb_3|tileMap[766][1]                    ; Stuck at GND due to stuck port data_in      ;
; motorBack_Ground:comb_3|tileMap[766][0]                    ; Stuck at GND due to stuck port data_in      ;
; motorBack_Ground:comb_3|tileMap[767][6]                    ; Stuck at GND due to stuck port data_in      ;
; motorBack_Ground:comb_3|tileMap[767][4]                    ; Stuck at GND due to stuck port data_in      ;
; motorBack_Ground:comb_3|tileMap[767][1]                    ; Stuck at GND due to stuck port data_in      ;
; motorBack_Ground:comb_3|tileMap[767][0]                    ; Stuck at GND due to stuck port data_in      ;
; motorBack_Ground:comb_3|tileMap[768][6]                    ; Stuck at GND due to stuck port data_in      ;
; motorBack_Ground:comb_3|tileMap[768][4]                    ; Stuck at GND due to stuck port data_in      ;
; motorBack_Ground:comb_3|tileMap[768][1]                    ; Stuck at GND due to stuck port data_in      ;
; motorBack_Ground:comb_3|tileMap[768][0]                    ; Stuck at GND due to stuck port data_in      ;
; motorBack_Ground:comb_3|tileMap[769][6]                    ; Stuck at GND due to stuck port data_in      ;
; motorBack_Ground:comb_3|tileMap[769][4]                    ; Stuck at GND due to stuck port data_in      ;
; motorBack_Ground:comb_3|tileMap[769][1]                    ; Stuck at GND due to stuck port data_in      ;
; motorBack_Ground:comb_3|tileMap[769][0]                    ; Stuck at GND due to stuck port data_in      ;
; motorBack_Ground:comb_3|tileMap[770][6]                    ; Stuck at GND due to stuck port data_in      ;
; motorBack_Ground:comb_3|tileMap[770][4]                    ; Stuck at GND due to stuck port data_in      ;
; motorBack_Ground:comb_3|tileMap[770][1]                    ; Stuck at GND due to stuck port data_in      ;
; motorBack_Ground:comb_3|tileMap[770][0]                    ; Stuck at GND due to stuck port data_in      ;
; motorBack_Ground:comb_3|tileMap[771][6]                    ; Stuck at GND due to stuck port data_in      ;
; motorBack_Ground:comb_3|tileMap[771][4]                    ; Stuck at GND due to stuck port data_in      ;
; motorBack_Ground:comb_3|tileMap[771][1]                    ; Stuck at GND due to stuck port data_in      ;
; motorBack_Ground:comb_3|tileMap[771][0]                    ; Stuck at GND due to stuck port data_in      ;
; motorBack_Ground:comb_3|tileMap[772][6]                    ; Stuck at GND due to stuck port data_in      ;
; motorBack_Ground:comb_3|tileMap[772][4]                    ; Stuck at GND due to stuck port data_in      ;
; motorBack_Ground:comb_3|tileMap[772][1]                    ; Stuck at GND due to stuck port data_in      ;
; motorBack_Ground:comb_3|tileMap[772][0]                    ; Stuck at GND due to stuck port data_in      ;
; motorBack_Ground:comb_3|tileMap[773][6]                    ; Stuck at GND due to stuck port data_in      ;
; motorBack_Ground:comb_3|tileMap[773][4]                    ; Stuck at GND due to stuck port data_in      ;
; motorBack_Ground:comb_3|tileMap[773][1]                    ; Stuck at GND due to stuck port data_in      ;
; motorBack_Ground:comb_3|tileMap[773][0]                    ; Stuck at GND due to stuck port data_in      ;
; motorBack_Ground:comb_3|tileMap[774][6]                    ; Stuck at GND due to stuck port data_in      ;
; motorBack_Ground:comb_3|tileMap[774][4]                    ; Stuck at GND due to stuck port data_in      ;
; motorBack_Ground:comb_3|tileMap[774][1]                    ; Stuck at GND due to stuck port data_in      ;
; motorBack_Ground:comb_3|tileMap[774][0]                    ; Stuck at GND due to stuck port data_in      ;
; motorBack_Ground:comb_3|tileMap[775][6]                    ; Stuck at GND due to stuck port data_in      ;
; motorBack_Ground:comb_3|tileMap[775][4]                    ; Stuck at GND due to stuck port data_in      ;
; motorBack_Ground:comb_3|tileMap[775][1]                    ; Stuck at GND due to stuck port data_in      ;
; motorBack_Ground:comb_3|tileMap[775][0]                    ; Stuck at GND due to stuck port data_in      ;
; motorBack_Ground:comb_3|tileMap[776][6]                    ; Stuck at GND due to stuck port data_in      ;
; motorBack_Ground:comb_3|tileMap[776][4]                    ; Stuck at GND due to stuck port data_in      ;
; motorBack_Ground:comb_3|tileMap[776][1]                    ; Stuck at GND due to stuck port data_in      ;
; motorBack_Ground:comb_3|tileMap[776][0]                    ; Stuck at GND due to stuck port data_in      ;
; motorBack_Ground:comb_3|tileMap[777][6]                    ; Stuck at GND due to stuck port data_in      ;
; motorBack_Ground:comb_3|tileMap[777][4]                    ; Stuck at GND due to stuck port data_in      ;
; motorBack_Ground:comb_3|tileMap[777][1]                    ; Stuck at GND due to stuck port data_in      ;
; motorBack_Ground:comb_3|tileMap[777][0]                    ; Stuck at GND due to stuck port data_in      ;
; motorBack_Ground:comb_3|tileMap[778][6]                    ; Stuck at GND due to stuck port data_in      ;
; motorBack_Ground:comb_3|tileMap[778][4]                    ; Stuck at GND due to stuck port data_in      ;
; motorBack_Ground:comb_3|tileMap[778][1]                    ; Stuck at GND due to stuck port data_in      ;
; motorBack_Ground:comb_3|tileMap[778][0]                    ; Stuck at GND due to stuck port data_in      ;
; motorBack_Ground:comb_3|tileMap[779][6]                    ; Stuck at GND due to stuck port data_in      ;
; motorBack_Ground:comb_3|tileMap[779][4]                    ; Stuck at GND due to stuck port data_in      ;
; motorBack_Ground:comb_3|tileMap[779][1]                    ; Stuck at GND due to stuck port data_in      ;
; motorBack_Ground:comb_3|tileMap[779][0]                    ; Stuck at GND due to stuck port data_in      ;
; motorBack_Ground:comb_3|tileMap[780][6]                    ; Stuck at GND due to stuck port data_in      ;
; motorBack_Ground:comb_3|tileMap[780][4]                    ; Stuck at GND due to stuck port data_in      ;
; motorBack_Ground:comb_3|tileMap[780][1]                    ; Stuck at GND due to stuck port data_in      ;
; motorBack_Ground:comb_3|tileMap[780][0]                    ; Stuck at GND due to stuck port data_in      ;
; motorBack_Ground:comb_3|tileMap[781][6]                    ; Stuck at GND due to stuck port data_in      ;
; motorBack_Ground:comb_3|tileMap[781][4]                    ; Stuck at GND due to stuck port data_in      ;
; motorBack_Ground:comb_3|tileMap[781][1]                    ; Stuck at GND due to stuck port data_in      ;
; motorBack_Ground:comb_3|tileMap[781][0]                    ; Stuck at GND due to stuck port data_in      ;
; motorBack_Ground:comb_3|tileMap[782][6]                    ; Stuck at GND due to stuck port data_in      ;
; motorBack_Ground:comb_3|tileMap[782][4]                    ; Stuck at GND due to stuck port data_in      ;
; motorBack_Ground:comb_3|tileMap[782][1]                    ; Stuck at GND due to stuck port data_in      ;
; motorBack_Ground:comb_3|tileMap[782][0]                    ; Stuck at GND due to stuck port data_in      ;
; motorBack_Ground:comb_3|tileMap[783][6]                    ; Stuck at GND due to stuck port data_in      ;
; motorBack_Ground:comb_3|tileMap[783][4]                    ; Stuck at GND due to stuck port data_in      ;
; motorBack_Ground:comb_3|tileMap[783][1]                    ; Stuck at GND due to stuck port data_in      ;
; motorBack_Ground:comb_3|tileMap[783][0]                    ; Stuck at GND due to stuck port data_in      ;
; motorBack_Ground:comb_3|tileMap[784][6]                    ; Stuck at GND due to stuck port data_in      ;
; motorBack_Ground:comb_3|tileMap[784][4]                    ; Stuck at GND due to stuck port data_in      ;
; motorBack_Ground:comb_3|tileMap[784][1]                    ; Stuck at GND due to stuck port data_in      ;
; motorBack_Ground:comb_3|tileMap[784][0]                    ; Stuck at GND due to stuck port data_in      ;
; motorBack_Ground:comb_3|tileMap[785][6]                    ; Stuck at GND due to stuck port data_in      ;
; motorBack_Ground:comb_3|tileMap[785][4]                    ; Stuck at GND due to stuck port data_in      ;
; motorBack_Ground:comb_3|tileMap[785][1]                    ; Stuck at GND due to stuck port data_in      ;
; motorBack_Ground:comb_3|tileMap[785][0]                    ; Stuck at GND due to stuck port data_in      ;
; motorBack_Ground:comb_3|tileMap[786][6]                    ; Stuck at GND due to stuck port data_in      ;
; motorBack_Ground:comb_3|tileMap[786][4]                    ; Stuck at GND due to stuck port data_in      ;
; motorBack_Ground:comb_3|tileMap[786][1]                    ; Stuck at GND due to stuck port data_in      ;
; motorBack_Ground:comb_3|tileMap[786][0]                    ; Stuck at GND due to stuck port data_in      ;
; motorBack_Ground:comb_3|tileMap[787][6]                    ; Stuck at GND due to stuck port data_in      ;
; motorBack_Ground:comb_3|tileMap[787][4]                    ; Stuck at GND due to stuck port data_in      ;
; motorBack_Ground:comb_3|tileMap[787][1]                    ; Stuck at GND due to stuck port data_in      ;
; motorBack_Ground:comb_3|tileMap[787][0]                    ; Stuck at GND due to stuck port data_in      ;
; motorBack_Ground:comb_3|tileMap[788][6]                    ; Stuck at GND due to stuck port data_in      ;
; motorBack_Ground:comb_3|tileMap[788][4]                    ; Stuck at GND due to stuck port data_in      ;
; motorBack_Ground:comb_3|tileMap[788][1]                    ; Stuck at GND due to stuck port data_in      ;
; motorBack_Ground:comb_3|tileMap[788][0]                    ; Stuck at GND due to stuck port data_in      ;
; motorBack_Ground:comb_3|tileMap[789][6]                    ; Stuck at GND due to stuck port data_in      ;
; motorBack_Ground:comb_3|tileMap[789][4]                    ; Stuck at GND due to stuck port data_in      ;
; motorBack_Ground:comb_3|tileMap[789][1]                    ; Stuck at GND due to stuck port data_in      ;
; motorBack_Ground:comb_3|tileMap[789][0]                    ; Stuck at GND due to stuck port data_in      ;
; motorBack_Ground:comb_3|tileMap[790][6]                    ; Stuck at GND due to stuck port data_in      ;
; motorBack_Ground:comb_3|tileMap[790][4]                    ; Stuck at GND due to stuck port data_in      ;
; motorBack_Ground:comb_3|tileMap[790][1]                    ; Stuck at GND due to stuck port data_in      ;
; motorBack_Ground:comb_3|tileMap[790][0]                    ; Stuck at GND due to stuck port data_in      ;
; motorBack_Ground:comb_3|tileMap[791][6]                    ; Stuck at GND due to stuck port data_in      ;
; motorBack_Ground:comb_3|tileMap[791][4]                    ; Stuck at GND due to stuck port data_in      ;
; motorBack_Ground:comb_3|tileMap[791][1]                    ; Stuck at GND due to stuck port data_in      ;
; motorBack_Ground:comb_3|tileMap[791][0]                    ; Stuck at GND due to stuck port data_in      ;
; motorBack_Ground:comb_3|tileMap[792][6]                    ; Stuck at GND due to stuck port data_in      ;
; motorBack_Ground:comb_3|tileMap[792][4]                    ; Stuck at GND due to stuck port data_in      ;
; motorBack_Ground:comb_3|tileMap[792][1]                    ; Stuck at GND due to stuck port data_in      ;
; motorBack_Ground:comb_3|tileMap[792][0]                    ; Stuck at GND due to stuck port data_in      ;
; motorBack_Ground:comb_3|tileMap[793][6]                    ; Stuck at GND due to stuck port data_in      ;
; motorBack_Ground:comb_3|tileMap[793][4]                    ; Stuck at GND due to stuck port data_in      ;
; motorBack_Ground:comb_3|tileMap[793][1]                    ; Stuck at GND due to stuck port data_in      ;
; motorBack_Ground:comb_3|tileMap[793][0]                    ; Stuck at GND due to stuck port data_in      ;
; motorBack_Ground:comb_3|tileMap[794][6]                    ; Stuck at GND due to stuck port data_in      ;
; motorBack_Ground:comb_3|tileMap[794][4]                    ; Stuck at GND due to stuck port data_in      ;
; motorBack_Ground:comb_3|tileMap[794][1]                    ; Stuck at GND due to stuck port data_in      ;
; motorBack_Ground:comb_3|tileMap[794][0]                    ; Stuck at GND due to stuck port data_in      ;
; motorBack_Ground:comb_3|tileMap[795][6]                    ; Stuck at GND due to stuck port data_in      ;
; motorBack_Ground:comb_3|tileMap[795][4]                    ; Stuck at GND due to stuck port data_in      ;
; motorBack_Ground:comb_3|tileMap[795][1]                    ; Stuck at GND due to stuck port data_in      ;
; motorBack_Ground:comb_3|tileMap[795][0]                    ; Stuck at GND due to stuck port data_in      ;
; motorBack_Ground:comb_3|tileMap[796][6]                    ; Stuck at GND due to stuck port data_in      ;
; motorBack_Ground:comb_3|tileMap[796][4]                    ; Stuck at GND due to stuck port data_in      ;
; motorBack_Ground:comb_3|tileMap[796][1]                    ; Stuck at GND due to stuck port data_in      ;
; motorBack_Ground:comb_3|tileMap[796][0]                    ; Stuck at GND due to stuck port data_in      ;
; motorBack_Ground:comb_3|tileMap[797][6]                    ; Stuck at GND due to stuck port data_in      ;
; motorBack_Ground:comb_3|tileMap[797][4]                    ; Stuck at GND due to stuck port data_in      ;
; motorBack_Ground:comb_3|tileMap[797][1]                    ; Stuck at GND due to stuck port data_in      ;
; motorBack_Ground:comb_3|tileMap[797][0]                    ; Stuck at GND due to stuck port data_in      ;
; motorBack_Ground:comb_3|tileMap[798][6]                    ; Stuck at GND due to stuck port data_in      ;
; motorBack_Ground:comb_3|tileMap[798][4]                    ; Stuck at GND due to stuck port data_in      ;
; motorBack_Ground:comb_3|tileMap[798][1]                    ; Stuck at GND due to stuck port data_in      ;
; motorBack_Ground:comb_3|tileMap[798][0]                    ; Stuck at GND due to stuck port data_in      ;
; motorBack_Ground:comb_3|tileMap[799][6]                    ; Stuck at GND due to stuck port data_in      ;
; motorBack_Ground:comb_3|tileMap[799][4]                    ; Stuck at GND due to stuck port data_in      ;
; motorBack_Ground:comb_3|tileMap[799][1]                    ; Stuck at GND due to stuck port data_in      ;
; motorBack_Ground:comb_3|tileMap[799][0]                    ; Stuck at GND due to stuck port data_in      ;
; motorBack_Ground:comb_3|tileMap[800][6]                    ; Stuck at GND due to stuck port data_in      ;
; motorBack_Ground:comb_3|tileMap[800][4]                    ; Stuck at GND due to stuck port data_in      ;
; motorBack_Ground:comb_3|tileMap[800][1]                    ; Stuck at GND due to stuck port data_in      ;
; motorBack_Ground:comb_3|tileMap[800][0]                    ; Stuck at GND due to stuck port data_in      ;
; motorBack_Ground:comb_3|tileMap[801][6]                    ; Stuck at GND due to stuck port data_in      ;
; motorBack_Ground:comb_3|tileMap[801][4]                    ; Stuck at GND due to stuck port data_in      ;
; motorBack_Ground:comb_3|tileMap[801][1]                    ; Stuck at GND due to stuck port data_in      ;
; motorBack_Ground:comb_3|tileMap[801][0]                    ; Stuck at GND due to stuck port data_in      ;
; motorBack_Ground:comb_3|tileMap[802][6]                    ; Stuck at GND due to stuck port data_in      ;
; motorBack_Ground:comb_3|tileMap[802][4]                    ; Stuck at GND due to stuck port data_in      ;
; motorBack_Ground:comb_3|tileMap[802][1]                    ; Stuck at GND due to stuck port data_in      ;
; motorBack_Ground:comb_3|tileMap[802][0]                    ; Stuck at GND due to stuck port data_in      ;
; motorBack_Ground:comb_3|tileMap[803][6]                    ; Stuck at GND due to stuck port data_in      ;
; motorBack_Ground:comb_3|tileMap[803][4]                    ; Stuck at GND due to stuck port data_in      ;
; motorBack_Ground:comb_3|tileMap[803][1]                    ; Stuck at GND due to stuck port data_in      ;
; motorBack_Ground:comb_3|tileMap[803][0]                    ; Stuck at GND due to stuck port data_in      ;
; motorBack_Ground:comb_3|tileMap[804][6]                    ; Stuck at GND due to stuck port data_in      ;
; motorBack_Ground:comb_3|tileMap[804][4]                    ; Stuck at GND due to stuck port data_in      ;
; motorBack_Ground:comb_3|tileMap[804][1]                    ; Stuck at GND due to stuck port data_in      ;
; motorBack_Ground:comb_3|tileMap[804][0]                    ; Stuck at GND due to stuck port data_in      ;
; motorBack_Ground:comb_3|tileMap[805][6]                    ; Stuck at GND due to stuck port data_in      ;
; motorBack_Ground:comb_3|tileMap[805][4]                    ; Stuck at GND due to stuck port data_in      ;
; motorBack_Ground:comb_3|tileMap[805][1]                    ; Stuck at GND due to stuck port data_in      ;
; motorBack_Ground:comb_3|tileMap[805][0]                    ; Stuck at GND due to stuck port data_in      ;
; motorBack_Ground:comb_3|tileMap[806][6]                    ; Stuck at GND due to stuck port data_in      ;
; motorBack_Ground:comb_3|tileMap[806][4]                    ; Stuck at GND due to stuck port data_in      ;
; motorBack_Ground:comb_3|tileMap[806][1]                    ; Stuck at GND due to stuck port data_in      ;
; motorBack_Ground:comb_3|tileMap[806][0]                    ; Stuck at GND due to stuck port data_in      ;
; motorBack_Ground:comb_3|tileMap[807][6]                    ; Stuck at GND due to stuck port data_in      ;
; motorBack_Ground:comb_3|tileMap[807][4]                    ; Stuck at GND due to stuck port data_in      ;
; motorBack_Ground:comb_3|tileMap[807][1]                    ; Stuck at GND due to stuck port data_in      ;
; motorBack_Ground:comb_3|tileMap[807][0]                    ; Stuck at GND due to stuck port data_in      ;
; motorBack_Ground:comb_3|tileMap[808][6]                    ; Stuck at GND due to stuck port data_in      ;
; motorBack_Ground:comb_3|tileMap[808][4]                    ; Stuck at GND due to stuck port data_in      ;
; motorBack_Ground:comb_3|tileMap[808][1]                    ; Stuck at GND due to stuck port data_in      ;
; motorBack_Ground:comb_3|tileMap[808][0]                    ; Stuck at GND due to stuck port data_in      ;
; motorBack_Ground:comb_3|tileMap[809][6]                    ; Stuck at GND due to stuck port data_in      ;
; motorBack_Ground:comb_3|tileMap[809][4]                    ; Stuck at GND due to stuck port data_in      ;
; motorBack_Ground:comb_3|tileMap[809][1]                    ; Stuck at GND due to stuck port data_in      ;
; motorBack_Ground:comb_3|tileMap[809][0]                    ; Stuck at GND due to stuck port data_in      ;
; motorBack_Ground:comb_3|tileMap[810][6]                    ; Stuck at GND due to stuck port data_in      ;
; motorBack_Ground:comb_3|tileMap[810][4]                    ; Stuck at GND due to stuck port data_in      ;
; motorBack_Ground:comb_3|tileMap[810][1]                    ; Stuck at GND due to stuck port data_in      ;
; motorBack_Ground:comb_3|tileMap[810][0]                    ; Stuck at GND due to stuck port data_in      ;
; motorBack_Ground:comb_3|tileMap[811][6]                    ; Stuck at GND due to stuck port data_in      ;
; motorBack_Ground:comb_3|tileMap[811][4]                    ; Stuck at GND due to stuck port data_in      ;
; motorBack_Ground:comb_3|tileMap[811][1]                    ; Stuck at GND due to stuck port data_in      ;
; motorBack_Ground:comb_3|tileMap[811][0]                    ; Stuck at GND due to stuck port data_in      ;
; motorBack_Ground:comb_3|tileMap[812][6]                    ; Stuck at GND due to stuck port data_in      ;
; motorBack_Ground:comb_3|tileMap[812][4]                    ; Stuck at GND due to stuck port data_in      ;
; motorBack_Ground:comb_3|tileMap[812][1]                    ; Stuck at GND due to stuck port data_in      ;
; motorBack_Ground:comb_3|tileMap[812][0]                    ; Stuck at GND due to stuck port data_in      ;
; motorBack_Ground:comb_3|tileMap[813][6]                    ; Stuck at GND due to stuck port data_in      ;
; motorBack_Ground:comb_3|tileMap[813][4]                    ; Stuck at GND due to stuck port data_in      ;
; motorBack_Ground:comb_3|tileMap[813][1]                    ; Stuck at GND due to stuck port data_in      ;
; motorBack_Ground:comb_3|tileMap[813][0]                    ; Stuck at GND due to stuck port data_in      ;
; motorBack_Ground:comb_3|tileMap[814][6]                    ; Stuck at GND due to stuck port data_in      ;
; motorBack_Ground:comb_3|tileMap[814][4]                    ; Stuck at GND due to stuck port data_in      ;
; motorBack_Ground:comb_3|tileMap[814][1]                    ; Stuck at GND due to stuck port data_in      ;
; motorBack_Ground:comb_3|tileMap[814][0]                    ; Stuck at GND due to stuck port data_in      ;
; motorBack_Ground:comb_3|tileMap[815][6]                    ; Stuck at GND due to stuck port data_in      ;
; motorBack_Ground:comb_3|tileMap[815][4]                    ; Stuck at GND due to stuck port data_in      ;
; motorBack_Ground:comb_3|tileMap[815][1]                    ; Stuck at GND due to stuck port data_in      ;
; motorBack_Ground:comb_3|tileMap[815][0]                    ; Stuck at GND due to stuck port data_in      ;
; motorBack_Ground:comb_3|tileMap[816][6]                    ; Stuck at GND due to stuck port data_in      ;
; motorBack_Ground:comb_3|tileMap[816][4]                    ; Stuck at GND due to stuck port data_in      ;
; motorBack_Ground:comb_3|tileMap[816][1]                    ; Stuck at GND due to stuck port data_in      ;
; motorBack_Ground:comb_3|tileMap[816][0]                    ; Stuck at GND due to stuck port data_in      ;
; motorBack_Ground:comb_3|tileMap[817][6]                    ; Stuck at GND due to stuck port data_in      ;
; motorBack_Ground:comb_3|tileMap[817][4]                    ; Stuck at GND due to stuck port data_in      ;
; motorBack_Ground:comb_3|tileMap[817][1]                    ; Stuck at GND due to stuck port data_in      ;
; motorBack_Ground:comb_3|tileMap[817][0]                    ; Stuck at GND due to stuck port data_in      ;
; motorBack_Ground:comb_3|tileMap[818][6]                    ; Stuck at GND due to stuck port data_in      ;
; motorBack_Ground:comb_3|tileMap[818][4]                    ; Stuck at GND due to stuck port data_in      ;
; motorBack_Ground:comb_3|tileMap[818][1]                    ; Stuck at GND due to stuck port data_in      ;
; motorBack_Ground:comb_3|tileMap[818][0]                    ; Stuck at GND due to stuck port data_in      ;
; motorBack_Ground:comb_3|tileMap[819][6]                    ; Stuck at GND due to stuck port data_in      ;
; motorBack_Ground:comb_3|tileMap[819][4]                    ; Stuck at GND due to stuck port data_in      ;
; motorBack_Ground:comb_3|tileMap[819][1]                    ; Stuck at GND due to stuck port data_in      ;
; motorBack_Ground:comb_3|tileMap[819][0]                    ; Stuck at GND due to stuck port data_in      ;
; motorBack_Ground:comb_3|tileMap[820][6]                    ; Stuck at GND due to stuck port data_in      ;
; motorBack_Ground:comb_3|tileMap[820][4]                    ; Stuck at GND due to stuck port data_in      ;
; motorBack_Ground:comb_3|tileMap[820][1]                    ; Stuck at GND due to stuck port data_in      ;
; motorBack_Ground:comb_3|tileMap[820][0]                    ; Stuck at GND due to stuck port data_in      ;
; motorBack_Ground:comb_3|tileMap[821][6]                    ; Stuck at GND due to stuck port data_in      ;
; motorBack_Ground:comb_3|tileMap[821][4]                    ; Stuck at GND due to stuck port data_in      ;
; motorBack_Ground:comb_3|tileMap[821][1]                    ; Stuck at GND due to stuck port data_in      ;
; motorBack_Ground:comb_3|tileMap[821][0]                    ; Stuck at GND due to stuck port data_in      ;
; motorBack_Ground:comb_3|tileMap[822][6]                    ; Stuck at GND due to stuck port data_in      ;
; motorBack_Ground:comb_3|tileMap[822][4]                    ; Stuck at GND due to stuck port data_in      ;
; motorBack_Ground:comb_3|tileMap[822][1]                    ; Stuck at GND due to stuck port data_in      ;
; motorBack_Ground:comb_3|tileMap[822][0]                    ; Stuck at GND due to stuck port data_in      ;
; motorBack_Ground:comb_3|tileMap[823][6]                    ; Stuck at GND due to stuck port data_in      ;
; motorBack_Ground:comb_3|tileMap[823][4]                    ; Stuck at GND due to stuck port data_in      ;
; motorBack_Ground:comb_3|tileMap[823][1]                    ; Stuck at GND due to stuck port data_in      ;
; motorBack_Ground:comb_3|tileMap[823][0]                    ; Stuck at GND due to stuck port data_in      ;
; motorBack_Ground:comb_3|tileMap[824][6]                    ; Stuck at GND due to stuck port data_in      ;
; motorBack_Ground:comb_3|tileMap[824][4]                    ; Stuck at GND due to stuck port data_in      ;
; motorBack_Ground:comb_3|tileMap[824][1]                    ; Stuck at GND due to stuck port data_in      ;
; motorBack_Ground:comb_3|tileMap[824][0]                    ; Stuck at GND due to stuck port data_in      ;
; motorBack_Ground:comb_3|tileMap[825][6]                    ; Stuck at GND due to stuck port data_in      ;
; motorBack_Ground:comb_3|tileMap[825][4]                    ; Stuck at GND due to stuck port data_in      ;
; motorBack_Ground:comb_3|tileMap[825][1]                    ; Stuck at GND due to stuck port data_in      ;
; motorBack_Ground:comb_3|tileMap[825][0]                    ; Stuck at GND due to stuck port data_in      ;
; motorBack_Ground:comb_3|tileMap[826][6]                    ; Stuck at GND due to stuck port data_in      ;
; motorBack_Ground:comb_3|tileMap[826][4]                    ; Stuck at GND due to stuck port data_in      ;
; motorBack_Ground:comb_3|tileMap[826][1]                    ; Stuck at GND due to stuck port data_in      ;
; motorBack_Ground:comb_3|tileMap[826][0]                    ; Stuck at GND due to stuck port data_in      ;
; motorBack_Ground:comb_3|tileMap[827][6]                    ; Stuck at GND due to stuck port data_in      ;
; motorBack_Ground:comb_3|tileMap[827][4]                    ; Stuck at GND due to stuck port data_in      ;
; motorBack_Ground:comb_3|tileMap[827][1]                    ; Stuck at GND due to stuck port data_in      ;
; motorBack_Ground:comb_3|tileMap[827][0]                    ; Stuck at GND due to stuck port data_in      ;
; motorBack_Ground:comb_3|tileMap[828][6]                    ; Stuck at GND due to stuck port data_in      ;
; motorBack_Ground:comb_3|tileMap[828][4]                    ; Stuck at GND due to stuck port data_in      ;
; motorBack_Ground:comb_3|tileMap[828][1]                    ; Stuck at GND due to stuck port data_in      ;
; motorBack_Ground:comb_3|tileMap[828][0]                    ; Stuck at GND due to stuck port data_in      ;
; motorBack_Ground:comb_3|tileMap[829][6]                    ; Stuck at GND due to stuck port data_in      ;
; motorBack_Ground:comb_3|tileMap[829][4]                    ; Stuck at GND due to stuck port data_in      ;
; motorBack_Ground:comb_3|tileMap[829][1]                    ; Stuck at GND due to stuck port data_in      ;
; motorBack_Ground:comb_3|tileMap[829][0]                    ; Stuck at GND due to stuck port data_in      ;
; motorBack_Ground:comb_3|tileMap[830][6]                    ; Stuck at GND due to stuck port data_in      ;
; motorBack_Ground:comb_3|tileMap[830][4]                    ; Stuck at GND due to stuck port data_in      ;
; motorBack_Ground:comb_3|tileMap[830][1]                    ; Stuck at GND due to stuck port data_in      ;
; motorBack_Ground:comb_3|tileMap[830][0]                    ; Stuck at GND due to stuck port data_in      ;
; motorBack_Ground:comb_3|tileMap[831][6]                    ; Stuck at GND due to stuck port data_in      ;
; motorBack_Ground:comb_3|tileMap[831][4]                    ; Stuck at GND due to stuck port data_in      ;
; motorBack_Ground:comb_3|tileMap[831][1]                    ; Stuck at GND due to stuck port data_in      ;
; motorBack_Ground:comb_3|tileMap[831][0]                    ; Stuck at GND due to stuck port data_in      ;
; motorBack_Ground:comb_3|tileMap[832][6]                    ; Stuck at GND due to stuck port data_in      ;
; motorBack_Ground:comb_3|tileMap[832][4]                    ; Stuck at GND due to stuck port data_in      ;
; motorBack_Ground:comb_3|tileMap[832][1]                    ; Stuck at GND due to stuck port data_in      ;
; motorBack_Ground:comb_3|tileMap[832][0]                    ; Stuck at GND due to stuck port data_in      ;
; motorBack_Ground:comb_3|tileMap[833][6]                    ; Stuck at GND due to stuck port data_in      ;
; motorBack_Ground:comb_3|tileMap[833][4]                    ; Stuck at GND due to stuck port data_in      ;
; motorBack_Ground:comb_3|tileMap[833][1]                    ; Stuck at GND due to stuck port data_in      ;
; motorBack_Ground:comb_3|tileMap[833][0]                    ; Stuck at GND due to stuck port data_in      ;
; motorBack_Ground:comb_3|tileMap[834][6]                    ; Stuck at GND due to stuck port data_in      ;
; motorBack_Ground:comb_3|tileMap[834][4]                    ; Stuck at GND due to stuck port data_in      ;
; motorBack_Ground:comb_3|tileMap[834][1]                    ; Stuck at GND due to stuck port data_in      ;
; motorBack_Ground:comb_3|tileMap[834][0]                    ; Stuck at GND due to stuck port data_in      ;
; motorBack_Ground:comb_3|tileMap[835][6]                    ; Stuck at GND due to stuck port data_in      ;
; motorBack_Ground:comb_3|tileMap[835][4]                    ; Stuck at GND due to stuck port data_in      ;
; motorBack_Ground:comb_3|tileMap[835][1]                    ; Stuck at GND due to stuck port data_in      ;
; motorBack_Ground:comb_3|tileMap[835][0]                    ; Stuck at GND due to stuck port data_in      ;
; motorBack_Ground:comb_3|tileMap[836][6]                    ; Stuck at GND due to stuck port data_in      ;
; motorBack_Ground:comb_3|tileMap[836][4]                    ; Stuck at GND due to stuck port data_in      ;
; motorBack_Ground:comb_3|tileMap[836][1]                    ; Stuck at GND due to stuck port data_in      ;
; motorBack_Ground:comb_3|tileMap[836][0]                    ; Stuck at GND due to stuck port data_in      ;
; motorBack_Ground:comb_3|tileMap[837][6]                    ; Stuck at GND due to stuck port data_in      ;
; motorBack_Ground:comb_3|tileMap[837][4]                    ; Stuck at GND due to stuck port data_in      ;
; motorBack_Ground:comb_3|tileMap[837][1]                    ; Stuck at GND due to stuck port data_in      ;
; motorBack_Ground:comb_3|tileMap[837][0]                    ; Stuck at GND due to stuck port data_in      ;
; motorBack_Ground:comb_3|tileMap[838][6]                    ; Stuck at GND due to stuck port data_in      ;
; motorBack_Ground:comb_3|tileMap[838][4]                    ; Stuck at GND due to stuck port data_in      ;
; motorBack_Ground:comb_3|tileMap[838][1]                    ; Stuck at GND due to stuck port data_in      ;
; motorBack_Ground:comb_3|tileMap[838][0]                    ; Stuck at GND due to stuck port data_in      ;
; motorBack_Ground:comb_3|tileMap[839][6]                    ; Stuck at GND due to stuck port data_in      ;
; motorBack_Ground:comb_3|tileMap[839][4]                    ; Stuck at GND due to stuck port data_in      ;
; motorBack_Ground:comb_3|tileMap[839][1]                    ; Stuck at GND due to stuck port data_in      ;
; motorBack_Ground:comb_3|tileMap[839][0]                    ; Stuck at GND due to stuck port data_in      ;
; motorBack_Ground:comb_3|tileMap[840][6]                    ; Stuck at GND due to stuck port data_in      ;
; motorBack_Ground:comb_3|tileMap[840][4]                    ; Stuck at GND due to stuck port data_in      ;
; motorBack_Ground:comb_3|tileMap[840][1]                    ; Stuck at GND due to stuck port data_in      ;
; motorBack_Ground:comb_3|tileMap[840][0]                    ; Stuck at GND due to stuck port data_in      ;
; motorBack_Ground:comb_3|tileMap[841][6]                    ; Stuck at GND due to stuck port data_in      ;
; motorBack_Ground:comb_3|tileMap[841][4]                    ; Stuck at GND due to stuck port data_in      ;
; motorBack_Ground:comb_3|tileMap[841][1]                    ; Stuck at GND due to stuck port data_in      ;
; motorBack_Ground:comb_3|tileMap[841][0]                    ; Stuck at GND due to stuck port data_in      ;
; motorBack_Ground:comb_3|tileMap[842][6]                    ; Stuck at GND due to stuck port data_in      ;
; motorBack_Ground:comb_3|tileMap[842][4]                    ; Stuck at GND due to stuck port data_in      ;
; motorBack_Ground:comb_3|tileMap[842][1]                    ; Stuck at GND due to stuck port data_in      ;
; motorBack_Ground:comb_3|tileMap[842][0]                    ; Stuck at GND due to stuck port data_in      ;
; motorBack_Ground:comb_3|tileMap[843][6]                    ; Stuck at GND due to stuck port data_in      ;
; motorBack_Ground:comb_3|tileMap[843][4]                    ; Stuck at GND due to stuck port data_in      ;
; motorBack_Ground:comb_3|tileMap[843][1]                    ; Stuck at GND due to stuck port data_in      ;
; motorBack_Ground:comb_3|tileMap[843][0]                    ; Stuck at GND due to stuck port data_in      ;
; motorBack_Ground:comb_3|tileMap[844][6]                    ; Stuck at GND due to stuck port data_in      ;
; motorBack_Ground:comb_3|tileMap[844][4]                    ; Stuck at GND due to stuck port data_in      ;
; motorBack_Ground:comb_3|tileMap[844][1]                    ; Stuck at GND due to stuck port data_in      ;
; motorBack_Ground:comb_3|tileMap[844][0]                    ; Stuck at GND due to stuck port data_in      ;
; motorBack_Ground:comb_3|tileMap[845][6]                    ; Stuck at GND due to stuck port data_in      ;
; motorBack_Ground:comb_3|tileMap[845][4]                    ; Stuck at GND due to stuck port data_in      ;
; motorBack_Ground:comb_3|tileMap[845][1]                    ; Stuck at GND due to stuck port data_in      ;
; motorBack_Ground:comb_3|tileMap[845][0]                    ; Stuck at GND due to stuck port data_in      ;
; motorBack_Ground:comb_3|tileMap[846][6]                    ; Stuck at GND due to stuck port data_in      ;
; motorBack_Ground:comb_3|tileMap[846][4]                    ; Stuck at GND due to stuck port data_in      ;
; motorBack_Ground:comb_3|tileMap[846][1]                    ; Stuck at GND due to stuck port data_in      ;
; motorBack_Ground:comb_3|tileMap[846][0]                    ; Stuck at GND due to stuck port data_in      ;
; motorBack_Ground:comb_3|tileMap[847][6]                    ; Stuck at GND due to stuck port data_in      ;
; motorBack_Ground:comb_3|tileMap[847][4]                    ; Stuck at GND due to stuck port data_in      ;
; motorBack_Ground:comb_3|tileMap[847][1]                    ; Stuck at GND due to stuck port data_in      ;
; motorBack_Ground:comb_3|tileMap[847][0]                    ; Stuck at GND due to stuck port data_in      ;
; motorBack_Ground:comb_3|tileMap[848][6]                    ; Stuck at GND due to stuck port data_in      ;
; motorBack_Ground:comb_3|tileMap[848][4]                    ; Stuck at GND due to stuck port data_in      ;
; motorBack_Ground:comb_3|tileMap[848][1]                    ; Stuck at GND due to stuck port data_in      ;
; motorBack_Ground:comb_3|tileMap[848][0]                    ; Stuck at GND due to stuck port data_in      ;
; motorBack_Ground:comb_3|tileMap[849][6]                    ; Stuck at GND due to stuck port data_in      ;
; motorBack_Ground:comb_3|tileMap[849][4]                    ; Stuck at GND due to stuck port data_in      ;
; motorBack_Ground:comb_3|tileMap[849][1]                    ; Stuck at GND due to stuck port data_in      ;
; motorBack_Ground:comb_3|tileMap[849][0]                    ; Stuck at GND due to stuck port data_in      ;
; motorBack_Ground:comb_3|tileMap[850][6]                    ; Stuck at GND due to stuck port data_in      ;
; motorBack_Ground:comb_3|tileMap[850][4]                    ; Stuck at GND due to stuck port data_in      ;
; motorBack_Ground:comb_3|tileMap[850][1]                    ; Stuck at GND due to stuck port data_in      ;
; motorBack_Ground:comb_3|tileMap[850][0]                    ; Stuck at GND due to stuck port data_in      ;
; motorBack_Ground:comb_3|tileMap[851][6]                    ; Stuck at GND due to stuck port data_in      ;
; motorBack_Ground:comb_3|tileMap[851][4]                    ; Stuck at GND due to stuck port data_in      ;
; motorBack_Ground:comb_3|tileMap[851][1]                    ; Stuck at GND due to stuck port data_in      ;
; motorBack_Ground:comb_3|tileMap[851][0]                    ; Stuck at GND due to stuck port data_in      ;
; motorBack_Ground:comb_3|tileMap[852][6]                    ; Stuck at GND due to stuck port data_in      ;
; motorBack_Ground:comb_3|tileMap[852][4]                    ; Stuck at GND due to stuck port data_in      ;
; motorBack_Ground:comb_3|tileMap[852][1]                    ; Stuck at GND due to stuck port data_in      ;
; motorBack_Ground:comb_3|tileMap[852][0]                    ; Stuck at GND due to stuck port data_in      ;
; motorBack_Ground:comb_3|tileMap[853][6]                    ; Stuck at GND due to stuck port data_in      ;
; motorBack_Ground:comb_3|tileMap[853][4]                    ; Stuck at GND due to stuck port data_in      ;
; motorBack_Ground:comb_3|tileMap[853][1]                    ; Stuck at GND due to stuck port data_in      ;
; motorBack_Ground:comb_3|tileMap[853][0]                    ; Stuck at GND due to stuck port data_in      ;
; motorBack_Ground:comb_3|tileMap[854][6]                    ; Stuck at GND due to stuck port data_in      ;
; motorBack_Ground:comb_3|tileMap[854][4]                    ; Stuck at GND due to stuck port data_in      ;
; motorBack_Ground:comb_3|tileMap[854][1]                    ; Stuck at GND due to stuck port data_in      ;
; motorBack_Ground:comb_3|tileMap[854][0]                    ; Stuck at GND due to stuck port data_in      ;
; motorBack_Ground:comb_3|tileMap[855][6]                    ; Stuck at GND due to stuck port data_in      ;
; motorBack_Ground:comb_3|tileMap[855][4]                    ; Stuck at GND due to stuck port data_in      ;
; motorBack_Ground:comb_3|tileMap[855][1]                    ; Stuck at GND due to stuck port data_in      ;
; motorBack_Ground:comb_3|tileMap[855][0]                    ; Stuck at GND due to stuck port data_in      ;
; motorBack_Ground:comb_3|tileMap[856][6]                    ; Stuck at GND due to stuck port data_in      ;
; motorBack_Ground:comb_3|tileMap[856][4]                    ; Stuck at GND due to stuck port data_in      ;
; motorBack_Ground:comb_3|tileMap[856][1]                    ; Stuck at GND due to stuck port data_in      ;
; motorBack_Ground:comb_3|tileMap[856][0]                    ; Stuck at GND due to stuck port data_in      ;
; motorBack_Ground:comb_3|tileMap[857][6]                    ; Stuck at GND due to stuck port data_in      ;
; motorBack_Ground:comb_3|tileMap[857][4]                    ; Stuck at GND due to stuck port data_in      ;
; motorBack_Ground:comb_3|tileMap[857][1]                    ; Stuck at GND due to stuck port data_in      ;
; motorBack_Ground:comb_3|tileMap[857][0]                    ; Stuck at GND due to stuck port data_in      ;
; motorBack_Ground:comb_3|tileMap[858][6]                    ; Stuck at GND due to stuck port data_in      ;
; motorBack_Ground:comb_3|tileMap[858][4]                    ; Stuck at GND due to stuck port data_in      ;
; motorBack_Ground:comb_3|tileMap[858][1]                    ; Stuck at GND due to stuck port data_in      ;
; motorBack_Ground:comb_3|tileMap[858][0]                    ; Stuck at GND due to stuck port data_in      ;
; motorBack_Ground:comb_3|tileMap[859][6]                    ; Stuck at GND due to stuck port data_in      ;
; motorBack_Ground:comb_3|tileMap[859][4]                    ; Stuck at GND due to stuck port data_in      ;
; motorBack_Ground:comb_3|tileMap[859][1]                    ; Stuck at GND due to stuck port data_in      ;
; motorBack_Ground:comb_3|tileMap[859][0]                    ; Stuck at GND due to stuck port data_in      ;
; motorBack_Ground:comb_3|tileMap[860][6]                    ; Stuck at GND due to stuck port data_in      ;
; motorBack_Ground:comb_3|tileMap[860][4]                    ; Stuck at GND due to stuck port data_in      ;
; motorBack_Ground:comb_3|tileMap[860][1]                    ; Stuck at GND due to stuck port data_in      ;
; motorBack_Ground:comb_3|tileMap[860][0]                    ; Stuck at GND due to stuck port data_in      ;
; motorBack_Ground:comb_3|tileMap[861][6]                    ; Stuck at GND due to stuck port data_in      ;
; motorBack_Ground:comb_3|tileMap[861][4]                    ; Stuck at GND due to stuck port data_in      ;
; motorBack_Ground:comb_3|tileMap[861][1]                    ; Stuck at GND due to stuck port data_in      ;
; motorBack_Ground:comb_3|tileMap[861][0]                    ; Stuck at GND due to stuck port data_in      ;
; motorBack_Ground:comb_3|tileMap[862][6]                    ; Stuck at GND due to stuck port data_in      ;
; motorBack_Ground:comb_3|tileMap[862][4]                    ; Stuck at GND due to stuck port data_in      ;
; motorBack_Ground:comb_3|tileMap[862][1]                    ; Stuck at GND due to stuck port data_in      ;
; motorBack_Ground:comb_3|tileMap[862][0]                    ; Stuck at GND due to stuck port data_in      ;
; motorBack_Ground:comb_3|tileMap[863][6]                    ; Stuck at GND due to stuck port data_in      ;
; motorBack_Ground:comb_3|tileMap[863][4]                    ; Stuck at GND due to stuck port data_in      ;
; motorBack_Ground:comb_3|tileMap[863][1]                    ; Stuck at GND due to stuck port data_in      ;
; motorBack_Ground:comb_3|tileMap[863][0]                    ; Stuck at GND due to stuck port data_in      ;
; motorBack_Ground:comb_3|tileMap[864][6]                    ; Stuck at GND due to stuck port data_in      ;
; motorBack_Ground:comb_3|tileMap[864][4]                    ; Stuck at GND due to stuck port data_in      ;
; motorBack_Ground:comb_3|tileMap[864][1]                    ; Stuck at GND due to stuck port data_in      ;
; motorBack_Ground:comb_3|tileMap[864][0]                    ; Stuck at GND due to stuck port data_in      ;
; motorBack_Ground:comb_3|tileMap[865][6]                    ; Stuck at GND due to stuck port data_in      ;
; motorBack_Ground:comb_3|tileMap[865][4]                    ; Stuck at GND due to stuck port data_in      ;
; motorBack_Ground:comb_3|tileMap[865][1]                    ; Stuck at GND due to stuck port data_in      ;
; motorBack_Ground:comb_3|tileMap[865][0]                    ; Stuck at GND due to stuck port data_in      ;
; motorBack_Ground:comb_3|tileMap[866][6]                    ; Stuck at GND due to stuck port data_in      ;
; motorBack_Ground:comb_3|tileMap[866][4]                    ; Stuck at GND due to stuck port data_in      ;
; motorBack_Ground:comb_3|tileMap[866][1]                    ; Stuck at GND due to stuck port data_in      ;
; motorBack_Ground:comb_3|tileMap[866][0]                    ; Stuck at GND due to stuck port data_in      ;
; motorBack_Ground:comb_3|tileMap[867][6]                    ; Stuck at GND due to stuck port data_in      ;
; motorBack_Ground:comb_3|tileMap[867][4]                    ; Stuck at GND due to stuck port data_in      ;
; motorBack_Ground:comb_3|tileMap[867][1]                    ; Stuck at GND due to stuck port data_in      ;
; motorBack_Ground:comb_3|tileMap[867][0]                    ; Stuck at GND due to stuck port data_in      ;
; motorBack_Ground:comb_3|tileMap[868][6]                    ; Stuck at GND due to stuck port data_in      ;
; motorBack_Ground:comb_3|tileMap[868][4]                    ; Stuck at GND due to stuck port data_in      ;
; motorBack_Ground:comb_3|tileMap[868][1]                    ; Stuck at GND due to stuck port data_in      ;
; motorBack_Ground:comb_3|tileMap[868][0]                    ; Stuck at GND due to stuck port data_in      ;
; motorBack_Ground:comb_3|tileMap[869][6]                    ; Stuck at GND due to stuck port data_in      ;
; motorBack_Ground:comb_3|tileMap[869][4]                    ; Stuck at GND due to stuck port data_in      ;
; motorBack_Ground:comb_3|tileMap[869][1]                    ; Stuck at GND due to stuck port data_in      ;
; motorBack_Ground:comb_3|tileMap[869][0]                    ; Stuck at GND due to stuck port data_in      ;
; motorBack_Ground:comb_3|tileMap[870][6]                    ; Stuck at GND due to stuck port data_in      ;
; motorBack_Ground:comb_3|tileMap[870][4]                    ; Stuck at GND due to stuck port data_in      ;
; motorBack_Ground:comb_3|tileMap[870][1]                    ; Stuck at GND due to stuck port data_in      ;
; motorBack_Ground:comb_3|tileMap[870][0]                    ; Stuck at GND due to stuck port data_in      ;
; motorBack_Ground:comb_3|tileMap[871][6]                    ; Stuck at GND due to stuck port data_in      ;
; motorBack_Ground:comb_3|tileMap[871][4]                    ; Stuck at GND due to stuck port data_in      ;
; motorBack_Ground:comb_3|tileMap[871][1]                    ; Stuck at GND due to stuck port data_in      ;
; motorBack_Ground:comb_3|tileMap[871][0]                    ; Stuck at GND due to stuck port data_in      ;
; motorBack_Ground:comb_3|tileMap[872][6]                    ; Stuck at GND due to stuck port data_in      ;
; motorBack_Ground:comb_3|tileMap[872][4]                    ; Stuck at GND due to stuck port data_in      ;
; motorBack_Ground:comb_3|tileMap[872][1]                    ; Stuck at GND due to stuck port data_in      ;
; motorBack_Ground:comb_3|tileMap[872][0]                    ; Stuck at GND due to stuck port data_in      ;
; motorBack_Ground:comb_3|tileMap[873][6]                    ; Stuck at GND due to stuck port data_in      ;
; motorBack_Ground:comb_3|tileMap[873][4]                    ; Stuck at GND due to stuck port data_in      ;
; motorBack_Ground:comb_3|tileMap[873][1]                    ; Stuck at GND due to stuck port data_in      ;
; motorBack_Ground:comb_3|tileMap[873][0]                    ; Stuck at GND due to stuck port data_in      ;
; motorBack_Ground:comb_3|tileMap[874][6]                    ; Stuck at GND due to stuck port data_in      ;
; motorBack_Ground:comb_3|tileMap[874][4]                    ; Stuck at GND due to stuck port data_in      ;
; motorBack_Ground:comb_3|tileMap[874][1]                    ; Stuck at GND due to stuck port data_in      ;
; motorBack_Ground:comb_3|tileMap[874][0]                    ; Stuck at GND due to stuck port data_in      ;
; motorBack_Ground:comb_3|tileMap[875][6]                    ; Stuck at GND due to stuck port data_in      ;
; motorBack_Ground:comb_3|tileMap[875][4]                    ; Stuck at GND due to stuck port data_in      ;
; motorBack_Ground:comb_3|tileMap[875][1]                    ; Stuck at GND due to stuck port data_in      ;
; motorBack_Ground:comb_3|tileMap[875][0]                    ; Stuck at GND due to stuck port data_in      ;
; motorBack_Ground:comb_3|tileMap[876][6]                    ; Stuck at GND due to stuck port data_in      ;
; motorBack_Ground:comb_3|tileMap[876][4]                    ; Stuck at GND due to stuck port data_in      ;
; motorBack_Ground:comb_3|tileMap[876][1]                    ; Stuck at GND due to stuck port data_in      ;
; motorBack_Ground:comb_3|tileMap[876][0]                    ; Stuck at GND due to stuck port data_in      ;
; motorBack_Ground:comb_3|tileMap[877][6]                    ; Stuck at GND due to stuck port data_in      ;
; motorBack_Ground:comb_3|tileMap[877][4]                    ; Stuck at GND due to stuck port data_in      ;
; motorBack_Ground:comb_3|tileMap[877][1]                    ; Stuck at GND due to stuck port data_in      ;
; motorBack_Ground:comb_3|tileMap[877][0]                    ; Stuck at GND due to stuck port data_in      ;
; motorBack_Ground:comb_3|tileMap[878][6]                    ; Stuck at GND due to stuck port data_in      ;
; motorBack_Ground:comb_3|tileMap[878][4]                    ; Stuck at GND due to stuck port data_in      ;
; motorBack_Ground:comb_3|tileMap[878][1]                    ; Stuck at GND due to stuck port data_in      ;
; motorBack_Ground:comb_3|tileMap[878][0]                    ; Stuck at GND due to stuck port data_in      ;
; motorBack_Ground:comb_3|tileMap[879][6]                    ; Stuck at GND due to stuck port data_in      ;
; motorBack_Ground:comb_3|tileMap[879][4]                    ; Stuck at GND due to stuck port data_in      ;
; motorBack_Ground:comb_3|tileMap[879][1]                    ; Stuck at GND due to stuck port data_in      ;
; motorBack_Ground:comb_3|tileMap[879][0]                    ; Stuck at GND due to stuck port data_in      ;
; motorBack_Ground:comb_3|tileMap[880][6]                    ; Stuck at GND due to stuck port data_in      ;
; motorBack_Ground:comb_3|tileMap[880][4]                    ; Stuck at GND due to stuck port data_in      ;
; motorBack_Ground:comb_3|tileMap[880][1]                    ; Stuck at GND due to stuck port data_in      ;
; motorBack_Ground:comb_3|tileMap[880][0]                    ; Stuck at GND due to stuck port data_in      ;
; motorBack_Ground:comb_3|tileMap[881][6]                    ; Stuck at GND due to stuck port data_in      ;
; motorBack_Ground:comb_3|tileMap[881][4]                    ; Stuck at GND due to stuck port data_in      ;
; motorBack_Ground:comb_3|tileMap[881][1]                    ; Stuck at GND due to stuck port data_in      ;
; motorBack_Ground:comb_3|tileMap[881][0]                    ; Stuck at GND due to stuck port data_in      ;
; motorBack_Ground:comb_3|tileMap[882][6]                    ; Stuck at GND due to stuck port data_in      ;
; motorBack_Ground:comb_3|tileMap[882][4]                    ; Stuck at GND due to stuck port data_in      ;
; motorBack_Ground:comb_3|tileMap[882][1]                    ; Stuck at GND due to stuck port data_in      ;
; motorBack_Ground:comb_3|tileMap[882][0]                    ; Stuck at GND due to stuck port data_in      ;
; motorBack_Ground:comb_3|tileMap[883][6]                    ; Stuck at GND due to stuck port data_in      ;
; motorBack_Ground:comb_3|tileMap[883][4]                    ; Stuck at GND due to stuck port data_in      ;
; motorBack_Ground:comb_3|tileMap[883][1]                    ; Stuck at GND due to stuck port data_in      ;
; motorBack_Ground:comb_3|tileMap[883][0]                    ; Stuck at GND due to stuck port data_in      ;
; motorBack_Ground:comb_3|tileMap[884][6]                    ; Stuck at GND due to stuck port data_in      ;
; motorBack_Ground:comb_3|tileMap[884][4]                    ; Stuck at GND due to stuck port data_in      ;
; motorBack_Ground:comb_3|tileMap[884][1]                    ; Stuck at GND due to stuck port data_in      ;
; motorBack_Ground:comb_3|tileMap[884][0]                    ; Stuck at GND due to stuck port data_in      ;
; motorBack_Ground:comb_3|tileMap[885][6]                    ; Stuck at GND due to stuck port data_in      ;
; motorBack_Ground:comb_3|tileMap[885][4]                    ; Stuck at GND due to stuck port data_in      ;
; motorBack_Ground:comb_3|tileMap[885][1]                    ; Stuck at GND due to stuck port data_in      ;
; motorBack_Ground:comb_3|tileMap[885][0]                    ; Stuck at GND due to stuck port data_in      ;
; motorBack_Ground:comb_3|tileMap[886][6]                    ; Stuck at GND due to stuck port data_in      ;
; motorBack_Ground:comb_3|tileMap[886][4]                    ; Stuck at GND due to stuck port data_in      ;
; motorBack_Ground:comb_3|tileMap[886][1]                    ; Stuck at GND due to stuck port data_in      ;
; motorBack_Ground:comb_3|tileMap[886][0]                    ; Stuck at GND due to stuck port data_in      ;
; motorBack_Ground:comb_3|tileMap[887][6]                    ; Stuck at GND due to stuck port data_in      ;
; motorBack_Ground:comb_3|tileMap[887][4]                    ; Stuck at GND due to stuck port data_in      ;
; motorBack_Ground:comb_3|tileMap[887][1]                    ; Stuck at GND due to stuck port data_in      ;
; motorBack_Ground:comb_3|tileMap[887][0]                    ; Stuck at GND due to stuck port data_in      ;
; motorBack_Ground:comb_3|tileMap[888][6]                    ; Stuck at GND due to stuck port data_in      ;
; motorBack_Ground:comb_3|tileMap[888][4]                    ; Stuck at GND due to stuck port data_in      ;
; motorBack_Ground:comb_3|tileMap[888][1]                    ; Stuck at GND due to stuck port data_in      ;
; motorBack_Ground:comb_3|tileMap[888][0]                    ; Stuck at GND due to stuck port data_in      ;
; motorBack_Ground:comb_3|tileMap[889][6]                    ; Stuck at GND due to stuck port data_in      ;
; motorBack_Ground:comb_3|tileMap[889][4]                    ; Stuck at GND due to stuck port data_in      ;
; motorBack_Ground:comb_3|tileMap[889][1]                    ; Stuck at GND due to stuck port data_in      ;
; motorBack_Ground:comb_3|tileMap[889][0]                    ; Stuck at GND due to stuck port data_in      ;
; motorBack_Ground:comb_3|tileMap[890][6]                    ; Stuck at GND due to stuck port data_in      ;
; motorBack_Ground:comb_3|tileMap[890][4]                    ; Stuck at GND due to stuck port data_in      ;
; motorBack_Ground:comb_3|tileMap[890][1]                    ; Stuck at GND due to stuck port data_in      ;
; motorBack_Ground:comb_3|tileMap[890][0]                    ; Stuck at GND due to stuck port data_in      ;
; motorBack_Ground:comb_3|tileMap[891][6]                    ; Stuck at GND due to stuck port data_in      ;
; motorBack_Ground:comb_3|tileMap[891][4]                    ; Stuck at GND due to stuck port data_in      ;
; motorBack_Ground:comb_3|tileMap[891][1]                    ; Stuck at GND due to stuck port data_in      ;
; motorBack_Ground:comb_3|tileMap[891][0]                    ; Stuck at GND due to stuck port data_in      ;
; motorBack_Ground:comb_3|tileMap[892][6]                    ; Stuck at GND due to stuck port data_in      ;
; motorBack_Ground:comb_3|tileMap[892][4]                    ; Stuck at GND due to stuck port data_in      ;
; motorBack_Ground:comb_3|tileMap[892][1]                    ; Stuck at GND due to stuck port data_in      ;
; motorBack_Ground:comb_3|tileMap[892][0]                    ; Stuck at GND due to stuck port data_in      ;
; motorBack_Ground:comb_3|tileMap[893][6]                    ; Stuck at GND due to stuck port data_in      ;
; motorBack_Ground:comb_3|tileMap[893][4]                    ; Stuck at GND due to stuck port data_in      ;
; motorBack_Ground:comb_3|tileMap[893][1]                    ; Stuck at GND due to stuck port data_in      ;
; motorBack_Ground:comb_3|tileMap[893][0]                    ; Stuck at GND due to stuck port data_in      ;
; motorBack_Ground:comb_3|tileMap[894][6]                    ; Stuck at GND due to stuck port data_in      ;
; motorBack_Ground:comb_3|tileMap[894][4]                    ; Stuck at GND due to stuck port data_in      ;
; motorBack_Ground:comb_3|tileMap[894][1]                    ; Stuck at GND due to stuck port data_in      ;
; motorBack_Ground:comb_3|tileMap[894][0]                    ; Stuck at GND due to stuck port data_in      ;
; motorBack_Ground:comb_3|tileMap[895][6]                    ; Stuck at GND due to stuck port data_in      ;
; motorBack_Ground:comb_3|tileMap[895][4]                    ; Stuck at GND due to stuck port data_in      ;
; motorBack_Ground:comb_3|tileMap[895][1]                    ; Stuck at GND due to stuck port data_in      ;
; motorBack_Ground:comb_3|tileMap[895][0]                    ; Stuck at GND due to stuck port data_in      ;
; motorBack_Ground:comb_3|tileMap[896][6]                    ; Stuck at GND due to stuck port data_in      ;
; motorBack_Ground:comb_3|tileMap[896][4]                    ; Stuck at GND due to stuck port data_in      ;
; motorBack_Ground:comb_3|tileMap[896][1]                    ; Stuck at GND due to stuck port data_in      ;
; motorBack_Ground:comb_3|tileMap[896][0]                    ; Stuck at GND due to stuck port data_in      ;
; motorBack_Ground:comb_3|tileMap[897][6]                    ; Stuck at GND due to stuck port data_in      ;
; motorBack_Ground:comb_3|tileMap[897][4]                    ; Stuck at GND due to stuck port data_in      ;
; motorBack_Ground:comb_3|tileMap[897][1]                    ; Stuck at GND due to stuck port data_in      ;
; motorBack_Ground:comb_3|tileMap[897][0]                    ; Stuck at GND due to stuck port data_in      ;
; motorBack_Ground:comb_3|tileMap[898][6]                    ; Stuck at GND due to stuck port data_in      ;
; motorBack_Ground:comb_3|tileMap[898][4]                    ; Stuck at GND due to stuck port data_in      ;
; motorBack_Ground:comb_3|tileMap[898][1]                    ; Stuck at GND due to stuck port data_in      ;
; motorBack_Ground:comb_3|tileMap[898][0]                    ; Stuck at GND due to stuck port data_in      ;
; motorBack_Ground:comb_3|tileMap[899][6]                    ; Stuck at GND due to stuck port data_in      ;
; motorBack_Ground:comb_3|tileMap[899][4]                    ; Stuck at GND due to stuck port data_in      ;
; motorBack_Ground:comb_3|tileMap[899][1]                    ; Stuck at GND due to stuck port data_in      ;
; motorBack_Ground:comb_3|tileMap[899][0]                    ; Stuck at GND due to stuck port data_in      ;
; motorBack_Ground:comb_3|tileMap[900][6]                    ; Stuck at GND due to stuck port data_in      ;
; motorBack_Ground:comb_3|tileMap[900][4]                    ; Stuck at GND due to stuck port data_in      ;
; motorBack_Ground:comb_3|tileMap[900][1]                    ; Stuck at GND due to stuck port data_in      ;
; motorBack_Ground:comb_3|tileMap[900][0]                    ; Stuck at GND due to stuck port data_in      ;
; motorBack_Ground:comb_3|tileMap[901][6]                    ; Stuck at GND due to stuck port data_in      ;
; motorBack_Ground:comb_3|tileMap[901][4]                    ; Stuck at GND due to stuck port data_in      ;
; motorBack_Ground:comb_3|tileMap[901][1]                    ; Stuck at GND due to stuck port data_in      ;
; motorBack_Ground:comb_3|tileMap[901][0]                    ; Stuck at GND due to stuck port data_in      ;
; motorBack_Ground:comb_3|tileMap[902][6]                    ; Stuck at GND due to stuck port data_in      ;
; motorBack_Ground:comb_3|tileMap[902][4]                    ; Stuck at GND due to stuck port data_in      ;
; motorBack_Ground:comb_3|tileMap[902][1]                    ; Stuck at GND due to stuck port data_in      ;
; motorBack_Ground:comb_3|tileMap[902][0]                    ; Stuck at GND due to stuck port data_in      ;
; motorBack_Ground:comb_3|tileMap[903][6]                    ; Stuck at GND due to stuck port data_in      ;
; motorBack_Ground:comb_3|tileMap[903][4]                    ; Stuck at GND due to stuck port data_in      ;
; motorBack_Ground:comb_3|tileMap[903][1]                    ; Stuck at GND due to stuck port data_in      ;
; motorBack_Ground:comb_3|tileMap[903][0]                    ; Stuck at GND due to stuck port data_in      ;
; motorBack_Ground:comb_3|tileMap[904][6]                    ; Stuck at GND due to stuck port data_in      ;
; motorBack_Ground:comb_3|tileMap[904][4]                    ; Stuck at GND due to stuck port data_in      ;
; motorBack_Ground:comb_3|tileMap[904][1]                    ; Stuck at GND due to stuck port data_in      ;
; motorBack_Ground:comb_3|tileMap[904][0]                    ; Stuck at GND due to stuck port data_in      ;
; motorBack_Ground:comb_3|tileMap[905][6]                    ; Stuck at GND due to stuck port data_in      ;
; motorBack_Ground:comb_3|tileMap[905][4]                    ; Stuck at GND due to stuck port data_in      ;
; motorBack_Ground:comb_3|tileMap[905][1]                    ; Stuck at GND due to stuck port data_in      ;
; motorBack_Ground:comb_3|tileMap[905][0]                    ; Stuck at GND due to stuck port data_in      ;
; motorBack_Ground:comb_3|tileMap[906][6]                    ; Stuck at GND due to stuck port data_in      ;
; motorBack_Ground:comb_3|tileMap[906][4]                    ; Stuck at GND due to stuck port data_in      ;
; motorBack_Ground:comb_3|tileMap[906][1]                    ; Stuck at GND due to stuck port data_in      ;
; motorBack_Ground:comb_3|tileMap[906][0]                    ; Stuck at GND due to stuck port data_in      ;
; motorBack_Ground:comb_3|tileMap[907][6]                    ; Stuck at GND due to stuck port data_in      ;
; motorBack_Ground:comb_3|tileMap[907][4]                    ; Stuck at GND due to stuck port data_in      ;
; motorBack_Ground:comb_3|tileMap[907][1]                    ; Stuck at GND due to stuck port data_in      ;
; motorBack_Ground:comb_3|tileMap[907][0]                    ; Stuck at GND due to stuck port data_in      ;
; motorBack_Ground:comb_3|tileMap[908][6]                    ; Stuck at GND due to stuck port data_in      ;
; motorBack_Ground:comb_3|tileMap[908][4]                    ; Stuck at GND due to stuck port data_in      ;
; motorBack_Ground:comb_3|tileMap[908][1]                    ; Stuck at GND due to stuck port data_in      ;
; motorBack_Ground:comb_3|tileMap[908][0]                    ; Stuck at GND due to stuck port data_in      ;
; motorBack_Ground:comb_3|tileMap[909][6]                    ; Stuck at GND due to stuck port data_in      ;
; motorBack_Ground:comb_3|tileMap[909][4]                    ; Stuck at GND due to stuck port data_in      ;
; motorBack_Ground:comb_3|tileMap[909][1]                    ; Stuck at GND due to stuck port data_in      ;
; motorBack_Ground:comb_3|tileMap[909][0]                    ; Stuck at GND due to stuck port data_in      ;
; motorBack_Ground:comb_3|tileMap[910][6]                    ; Stuck at GND due to stuck port data_in      ;
; motorBack_Ground:comb_3|tileMap[910][4]                    ; Stuck at GND due to stuck port data_in      ;
; motorBack_Ground:comb_3|tileMap[910][1]                    ; Stuck at GND due to stuck port data_in      ;
; motorBack_Ground:comb_3|tileMap[910][0]                    ; Stuck at GND due to stuck port data_in      ;
; motorBack_Ground:comb_3|tileMap[911][6]                    ; Stuck at GND due to stuck port data_in      ;
; motorBack_Ground:comb_3|tileMap[911][4]                    ; Stuck at GND due to stuck port data_in      ;
; motorBack_Ground:comb_3|tileMap[911][1]                    ; Stuck at GND due to stuck port data_in      ;
; motorBack_Ground:comb_3|tileMap[911][0]                    ; Stuck at GND due to stuck port data_in      ;
; motorBack_Ground:comb_3|tileMap[912][6]                    ; Stuck at GND due to stuck port data_in      ;
; motorBack_Ground:comb_3|tileMap[912][4]                    ; Stuck at GND due to stuck port data_in      ;
; motorBack_Ground:comb_3|tileMap[912][1]                    ; Stuck at GND due to stuck port data_in      ;
; motorBack_Ground:comb_3|tileMap[912][0]                    ; Stuck at GND due to stuck port data_in      ;
; motorBack_Ground:comb_3|tileMap[913][6]                    ; Stuck at GND due to stuck port data_in      ;
; motorBack_Ground:comb_3|tileMap[913][4]                    ; Stuck at GND due to stuck port data_in      ;
; motorBack_Ground:comb_3|tileMap[913][1]                    ; Stuck at GND due to stuck port data_in      ;
; motorBack_Ground:comb_3|tileMap[913][0]                    ; Stuck at GND due to stuck port data_in      ;
; motorBack_Ground:comb_3|tileMap[914][6]                    ; Stuck at GND due to stuck port data_in      ;
; motorBack_Ground:comb_3|tileMap[914][4]                    ; Stuck at GND due to stuck port data_in      ;
; motorBack_Ground:comb_3|tileMap[914][1]                    ; Stuck at GND due to stuck port data_in      ;
; motorBack_Ground:comb_3|tileMap[914][0]                    ; Stuck at GND due to stuck port data_in      ;
; motorBack_Ground:comb_3|tileMap[915][6]                    ; Stuck at GND due to stuck port data_in      ;
; motorBack_Ground:comb_3|tileMap[915][4]                    ; Stuck at GND due to stuck port data_in      ;
; motorBack_Ground:comb_3|tileMap[915][1]                    ; Stuck at GND due to stuck port data_in      ;
; motorBack_Ground:comb_3|tileMap[915][0]                    ; Stuck at GND due to stuck port data_in      ;
; motorBack_Ground:comb_3|tileMap[916][6]                    ; Stuck at GND due to stuck port data_in      ;
; motorBack_Ground:comb_3|tileMap[916][4]                    ; Stuck at GND due to stuck port data_in      ;
; motorBack_Ground:comb_3|tileMap[916][1]                    ; Stuck at GND due to stuck port data_in      ;
; motorBack_Ground:comb_3|tileMap[916][0]                    ; Stuck at GND due to stuck port data_in      ;
; motorBack_Ground:comb_3|tileMap[917][6]                    ; Stuck at GND due to stuck port data_in      ;
; motorBack_Ground:comb_3|tileMap[917][4]                    ; Stuck at GND due to stuck port data_in      ;
; motorBack_Ground:comb_3|tileMap[917][1]                    ; Stuck at GND due to stuck port data_in      ;
; motorBack_Ground:comb_3|tileMap[917][0]                    ; Stuck at GND due to stuck port data_in      ;
; motorBack_Ground:comb_3|tileMap[918][6]                    ; Stuck at GND due to stuck port data_in      ;
; motorBack_Ground:comb_3|tileMap[918][4]                    ; Stuck at GND due to stuck port data_in      ;
; motorBack_Ground:comb_3|tileMap[918][1]                    ; Stuck at GND due to stuck port data_in      ;
; motorBack_Ground:comb_3|tileMap[918][0]                    ; Stuck at GND due to stuck port data_in      ;
; motorBack_Ground:comb_3|tileMap[919][6]                    ; Stuck at GND due to stuck port data_in      ;
; motorBack_Ground:comb_3|tileMap[919][4]                    ; Stuck at GND due to stuck port data_in      ;
; motorBack_Ground:comb_3|tileMap[919][1]                    ; Stuck at GND due to stuck port data_in      ;
; motorBack_Ground:comb_3|tileMap[919][0]                    ; Stuck at GND due to stuck port data_in      ;
; motorBack_Ground:comb_3|tileMap[920][6]                    ; Stuck at GND due to stuck port data_in      ;
; motorBack_Ground:comb_3|tileMap[920][4]                    ; Stuck at GND due to stuck port data_in      ;
; motorBack_Ground:comb_3|tileMap[920][1]                    ; Stuck at GND due to stuck port data_in      ;
; motorBack_Ground:comb_3|tileMap[920][0]                    ; Stuck at GND due to stuck port data_in      ;
; motorBack_Ground:comb_3|tileMap[921][6]                    ; Stuck at GND due to stuck port data_in      ;
; motorBack_Ground:comb_3|tileMap[921][4]                    ; Stuck at GND due to stuck port data_in      ;
; motorBack_Ground:comb_3|tileMap[921][1]                    ; Stuck at GND due to stuck port data_in      ;
; motorBack_Ground:comb_3|tileMap[921][0]                    ; Stuck at GND due to stuck port data_in      ;
; motorBack_Ground:comb_3|tileMap[922][6]                    ; Stuck at GND due to stuck port data_in      ;
; motorBack_Ground:comb_3|tileMap[922][4]                    ; Stuck at GND due to stuck port data_in      ;
; motorBack_Ground:comb_3|tileMap[922][1]                    ; Stuck at GND due to stuck port data_in      ;
; motorBack_Ground:comb_3|tileMap[922][0]                    ; Stuck at GND due to stuck port data_in      ;
; motorBack_Ground:comb_3|tileMap[923][6]                    ; Stuck at GND due to stuck port data_in      ;
; motorBack_Ground:comb_3|tileMap[923][4]                    ; Stuck at GND due to stuck port data_in      ;
; motorBack_Ground:comb_3|tileMap[923][1]                    ; Stuck at GND due to stuck port data_in      ;
; motorBack_Ground:comb_3|tileMap[923][0]                    ; Stuck at GND due to stuck port data_in      ;
; motorBack_Ground:comb_3|tileMap[924][6]                    ; Stuck at GND due to stuck port data_in      ;
; motorBack_Ground:comb_3|tileMap[924][4]                    ; Stuck at GND due to stuck port data_in      ;
; motorBack_Ground:comb_3|tileMap[924][1]                    ; Stuck at GND due to stuck port data_in      ;
; motorBack_Ground:comb_3|tileMap[924][0]                    ; Stuck at GND due to stuck port data_in      ;
; motorBack_Ground:comb_3|tileMap[925][6]                    ; Stuck at GND due to stuck port data_in      ;
; motorBack_Ground:comb_3|tileMap[925][4]                    ; Stuck at GND due to stuck port data_in      ;
; motorBack_Ground:comb_3|tileMap[925][1]                    ; Stuck at GND due to stuck port data_in      ;
; motorBack_Ground:comb_3|tileMap[925][0]                    ; Stuck at GND due to stuck port data_in      ;
; motorBack_Ground:comb_3|tileMap[926][6]                    ; Stuck at GND due to stuck port data_in      ;
; motorBack_Ground:comb_3|tileMap[926][4]                    ; Stuck at GND due to stuck port data_in      ;
; motorBack_Ground:comb_3|tileMap[926][1]                    ; Stuck at GND due to stuck port data_in      ;
; motorBack_Ground:comb_3|tileMap[926][0]                    ; Stuck at GND due to stuck port data_in      ;
; motorBack_Ground:comb_3|tileMap[927][6]                    ; Stuck at GND due to stuck port data_in      ;
; motorBack_Ground:comb_3|tileMap[927][4]                    ; Stuck at GND due to stuck port data_in      ;
; motorBack_Ground:comb_3|tileMap[927][1]                    ; Stuck at GND due to stuck port data_in      ;
; motorBack_Ground:comb_3|tileMap[927][0]                    ; Stuck at GND due to stuck port data_in      ;
; motorBack_Ground:comb_3|tileMap[928][6]                    ; Stuck at GND due to stuck port data_in      ;
; motorBack_Ground:comb_3|tileMap[928][4]                    ; Stuck at GND due to stuck port data_in      ;
; motorBack_Ground:comb_3|tileMap[928][1]                    ; Stuck at GND due to stuck port data_in      ;
; motorBack_Ground:comb_3|tileMap[928][0]                    ; Stuck at GND due to stuck port data_in      ;
; motorBack_Ground:comb_3|tileMap[929][6]                    ; Stuck at GND due to stuck port data_in      ;
; motorBack_Ground:comb_3|tileMap[929][4]                    ; Stuck at GND due to stuck port data_in      ;
; motorBack_Ground:comb_3|tileMap[929][1]                    ; Stuck at GND due to stuck port data_in      ;
; motorBack_Ground:comb_3|tileMap[929][0]                    ; Stuck at GND due to stuck port data_in      ;
; motorBack_Ground:comb_3|tileMap[930][6]                    ; Stuck at GND due to stuck port data_in      ;
; motorBack_Ground:comb_3|tileMap[930][4]                    ; Stuck at GND due to stuck port data_in      ;
; motorBack_Ground:comb_3|tileMap[930][1]                    ; Stuck at GND due to stuck port data_in      ;
; motorBack_Ground:comb_3|tileMap[930][0]                    ; Stuck at GND due to stuck port data_in      ;
; motorBack_Ground:comb_3|tileMap[931][6]                    ; Stuck at GND due to stuck port data_in      ;
; motorBack_Ground:comb_3|tileMap[931][4]                    ; Stuck at GND due to stuck port data_in      ;
; motorBack_Ground:comb_3|tileMap[931][1]                    ; Stuck at GND due to stuck port data_in      ;
; motorBack_Ground:comb_3|tileMap[931][0]                    ; Stuck at GND due to stuck port data_in      ;
; motorBack_Ground:comb_3|tileMap[932][6]                    ; Stuck at GND due to stuck port data_in      ;
; motorBack_Ground:comb_3|tileMap[932][4]                    ; Stuck at GND due to stuck port data_in      ;
; motorBack_Ground:comb_3|tileMap[932][1]                    ; Stuck at GND due to stuck port data_in      ;
; motorBack_Ground:comb_3|tileMap[932][0]                    ; Stuck at GND due to stuck port data_in      ;
; motorBack_Ground:comb_3|tileMap[933][6]                    ; Stuck at GND due to stuck port data_in      ;
; motorBack_Ground:comb_3|tileMap[933][4]                    ; Stuck at GND due to stuck port data_in      ;
; motorBack_Ground:comb_3|tileMap[933][1]                    ; Stuck at GND due to stuck port data_in      ;
; motorBack_Ground:comb_3|tileMap[933][0]                    ; Stuck at GND due to stuck port data_in      ;
; motorBack_Ground:comb_3|tileMap[934][6]                    ; Stuck at GND due to stuck port data_in      ;
; motorBack_Ground:comb_3|tileMap[934][4]                    ; Stuck at GND due to stuck port data_in      ;
; motorBack_Ground:comb_3|tileMap[934][1]                    ; Stuck at GND due to stuck port data_in      ;
; motorBack_Ground:comb_3|tileMap[934][0]                    ; Stuck at GND due to stuck port data_in      ;
; motorBack_Ground:comb_3|tileMap[935][6]                    ; Stuck at GND due to stuck port data_in      ;
; motorBack_Ground:comb_3|tileMap[935][4]                    ; Stuck at GND due to stuck port data_in      ;
; motorBack_Ground:comb_3|tileMap[935][1]                    ; Stuck at GND due to stuck port data_in      ;
; motorBack_Ground:comb_3|tileMap[935][0]                    ; Stuck at GND due to stuck port data_in      ;
; motorBack_Ground:comb_3|tileMap[936][6]                    ; Stuck at GND due to stuck port data_in      ;
; motorBack_Ground:comb_3|tileMap[936][4]                    ; Stuck at GND due to stuck port data_in      ;
; motorBack_Ground:comb_3|tileMap[936][1]                    ; Stuck at GND due to stuck port data_in      ;
; motorBack_Ground:comb_3|tileMap[936][0]                    ; Stuck at GND due to stuck port data_in      ;
; motorBack_Ground:comb_3|tileMap[937][6]                    ; Stuck at GND due to stuck port data_in      ;
; motorBack_Ground:comb_3|tileMap[937][4]                    ; Stuck at GND due to stuck port data_in      ;
; motorBack_Ground:comb_3|tileMap[937][1]                    ; Stuck at GND due to stuck port data_in      ;
; motorBack_Ground:comb_3|tileMap[937][0]                    ; Stuck at GND due to stuck port data_in      ;
; motorBack_Ground:comb_3|tileMap[938][6]                    ; Stuck at GND due to stuck port data_in      ;
; motorBack_Ground:comb_3|tileMap[938][4]                    ; Stuck at GND due to stuck port data_in      ;
; motorBack_Ground:comb_3|tileMap[938][1]                    ; Stuck at GND due to stuck port data_in      ;
; motorBack_Ground:comb_3|tileMap[938][0]                    ; Stuck at GND due to stuck port data_in      ;
; motorBack_Ground:comb_3|tileMap[939][6]                    ; Stuck at GND due to stuck port data_in      ;
; motorBack_Ground:comb_3|tileMap[939][4]                    ; Stuck at GND due to stuck port data_in      ;
; motorBack_Ground:comb_3|tileMap[939][1]                    ; Stuck at GND due to stuck port data_in      ;
; motorBack_Ground:comb_3|tileMap[939][0]                    ; Stuck at GND due to stuck port data_in      ;
; motorBack_Ground:comb_3|tileMap[940][6]                    ; Stuck at GND due to stuck port data_in      ;
; motorBack_Ground:comb_3|tileMap[940][4]                    ; Stuck at GND due to stuck port data_in      ;
; motorBack_Ground:comb_3|tileMap[940][1]                    ; Stuck at GND due to stuck port data_in      ;
; motorBack_Ground:comb_3|tileMap[940][0]                    ; Stuck at GND due to stuck port data_in      ;
; motorBack_Ground:comb_3|tileMap[941][6]                    ; Stuck at GND due to stuck port data_in      ;
; motorBack_Ground:comb_3|tileMap[941][4]                    ; Stuck at GND due to stuck port data_in      ;
; motorBack_Ground:comb_3|tileMap[941][1]                    ; Stuck at GND due to stuck port data_in      ;
; motorBack_Ground:comb_3|tileMap[941][0]                    ; Stuck at GND due to stuck port data_in      ;
; motorBack_Ground:comb_3|tileMap[942][6]                    ; Stuck at GND due to stuck port data_in      ;
; motorBack_Ground:comb_3|tileMap[942][4]                    ; Stuck at GND due to stuck port data_in      ;
; motorBack_Ground:comb_3|tileMap[942][1]                    ; Stuck at GND due to stuck port data_in      ;
; motorBack_Ground:comb_3|tileMap[942][0]                    ; Stuck at GND due to stuck port data_in      ;
; motorBack_Ground:comb_3|tileMap[943][6]                    ; Stuck at GND due to stuck port data_in      ;
; motorBack_Ground:comb_3|tileMap[943][4]                    ; Stuck at GND due to stuck port data_in      ;
; motorBack_Ground:comb_3|tileMap[943][1]                    ; Stuck at GND due to stuck port data_in      ;
; motorBack_Ground:comb_3|tileMap[943][0]                    ; Stuck at GND due to stuck port data_in      ;
; motorBack_Ground:comb_3|tileMap[944][6]                    ; Stuck at GND due to stuck port data_in      ;
; motorBack_Ground:comb_3|tileMap[944][4]                    ; Stuck at GND due to stuck port data_in      ;
; motorBack_Ground:comb_3|tileMap[944][1]                    ; Stuck at GND due to stuck port data_in      ;
; motorBack_Ground:comb_3|tileMap[944][0]                    ; Stuck at GND due to stuck port data_in      ;
; motorBack_Ground:comb_3|tileMap[945][6]                    ; Stuck at GND due to stuck port data_in      ;
; motorBack_Ground:comb_3|tileMap[945][4]                    ; Stuck at GND due to stuck port data_in      ;
; motorBack_Ground:comb_3|tileMap[945][1]                    ; Stuck at GND due to stuck port data_in      ;
; motorBack_Ground:comb_3|tileMap[945][0]                    ; Stuck at GND due to stuck port data_in      ;
; motorBack_Ground:comb_3|tileMap[946][6]                    ; Stuck at GND due to stuck port data_in      ;
; motorBack_Ground:comb_3|tileMap[946][4]                    ; Stuck at GND due to stuck port data_in      ;
; motorBack_Ground:comb_3|tileMap[946][1]                    ; Stuck at GND due to stuck port data_in      ;
; motorBack_Ground:comb_3|tileMap[946][0]                    ; Stuck at GND due to stuck port data_in      ;
; motorBack_Ground:comb_3|tileMap[947][6]                    ; Stuck at GND due to stuck port data_in      ;
; motorBack_Ground:comb_3|tileMap[947][4]                    ; Stuck at GND due to stuck port data_in      ;
; motorBack_Ground:comb_3|tileMap[947][1]                    ; Stuck at GND due to stuck port data_in      ;
; motorBack_Ground:comb_3|tileMap[947][0]                    ; Stuck at GND due to stuck port data_in      ;
; motorBack_Ground:comb_3|tileMap[948][6]                    ; Stuck at GND due to stuck port data_in      ;
; motorBack_Ground:comb_3|tileMap[948][4]                    ; Stuck at GND due to stuck port data_in      ;
; motorBack_Ground:comb_3|tileMap[948][1]                    ; Stuck at GND due to stuck port data_in      ;
; motorBack_Ground:comb_3|tileMap[948][0]                    ; Stuck at GND due to stuck port data_in      ;
; motorBack_Ground:comb_3|tileMap[949][6]                    ; Stuck at GND due to stuck port data_in      ;
; motorBack_Ground:comb_3|tileMap[949][4]                    ; Stuck at GND due to stuck port data_in      ;
; motorBack_Ground:comb_3|tileMap[949][1]                    ; Stuck at GND due to stuck port data_in      ;
; motorBack_Ground:comb_3|tileMap[949][0]                    ; Stuck at GND due to stuck port data_in      ;
; motorBack_Ground:comb_3|tileMap[950][6]                    ; Stuck at GND due to stuck port data_in      ;
; motorBack_Ground:comb_3|tileMap[950][4]                    ; Stuck at GND due to stuck port data_in      ;
; motorBack_Ground:comb_3|tileMap[950][1]                    ; Stuck at GND due to stuck port data_in      ;
; motorBack_Ground:comb_3|tileMap[950][0]                    ; Stuck at GND due to stuck port data_in      ;
; motorBack_Ground:comb_3|tileMap[951][6]                    ; Stuck at GND due to stuck port data_in      ;
; motorBack_Ground:comb_3|tileMap[951][4]                    ; Stuck at GND due to stuck port data_in      ;
; motorBack_Ground:comb_3|tileMap[951][1]                    ; Stuck at GND due to stuck port data_in      ;
; motorBack_Ground:comb_3|tileMap[951][0]                    ; Stuck at GND due to stuck port data_in      ;
; motorBack_Ground:comb_3|tileMap[952][6]                    ; Stuck at GND due to stuck port data_in      ;
; motorBack_Ground:comb_3|tileMap[952][4]                    ; Stuck at GND due to stuck port data_in      ;
; motorBack_Ground:comb_3|tileMap[952][1]                    ; Stuck at GND due to stuck port data_in      ;
; motorBack_Ground:comb_3|tileMap[952][0]                    ; Stuck at GND due to stuck port data_in      ;
; motorBack_Ground:comb_3|tileMap[953][6]                    ; Stuck at GND due to stuck port data_in      ;
; motorBack_Ground:comb_3|tileMap[953][4]                    ; Stuck at GND due to stuck port data_in      ;
; motorBack_Ground:comb_3|tileMap[953][1]                    ; Stuck at GND due to stuck port data_in      ;
; motorBack_Ground:comb_3|tileMap[953][0]                    ; Stuck at GND due to stuck port data_in      ;
; motorBack_Ground:comb_3|tileMap[954][6]                    ; Stuck at GND due to stuck port data_in      ;
; motorBack_Ground:comb_3|tileMap[954][4]                    ; Stuck at GND due to stuck port data_in      ;
; motorBack_Ground:comb_3|tileMap[954][1]                    ; Stuck at GND due to stuck port data_in      ;
; motorBack_Ground:comb_3|tileMap[954][0]                    ; Stuck at GND due to stuck port data_in      ;
; motorBack_Ground:comb_3|tileMap[955][6]                    ; Stuck at GND due to stuck port data_in      ;
; motorBack_Ground:comb_3|tileMap[955][4]                    ; Stuck at GND due to stuck port data_in      ;
; motorBack_Ground:comb_3|tileMap[955][1]                    ; Stuck at GND due to stuck port data_in      ;
; motorBack_Ground:comb_3|tileMap[955][0]                    ; Stuck at GND due to stuck port data_in      ;
; motorBack_Ground:comb_3|tileMap[956][6]                    ; Stuck at GND due to stuck port data_in      ;
; motorBack_Ground:comb_3|tileMap[956][4]                    ; Stuck at GND due to stuck port data_in      ;
; motorBack_Ground:comb_3|tileMap[956][1]                    ; Stuck at GND due to stuck port data_in      ;
; motorBack_Ground:comb_3|tileMap[956][0]                    ; Stuck at GND due to stuck port data_in      ;
; motorBack_Ground:comb_3|tileMap[957][6]                    ; Stuck at GND due to stuck port data_in      ;
; motorBack_Ground:comb_3|tileMap[957][4]                    ; Stuck at GND due to stuck port data_in      ;
; motorBack_Ground:comb_3|tileMap[957][1]                    ; Stuck at GND due to stuck port data_in      ;
; motorBack_Ground:comb_3|tileMap[957][0]                    ; Stuck at GND due to stuck port data_in      ;
; motorBack_Ground:comb_3|tileMap[958][6]                    ; Stuck at GND due to stuck port data_in      ;
; motorBack_Ground:comb_3|tileMap[958][4]                    ; Stuck at GND due to stuck port data_in      ;
; motorBack_Ground:comb_3|tileMap[958][1]                    ; Stuck at GND due to stuck port data_in      ;
; motorBack_Ground:comb_3|tileMap[958][0]                    ; Stuck at GND due to stuck port data_in      ;
; motorBack_Ground:comb_3|tileMap[959][6]                    ; Stuck at GND due to stuck port data_in      ;
; motorBack_Ground:comb_3|tileMap[959][4]                    ; Stuck at GND due to stuck port data_in      ;
; motorBack_Ground:comb_3|tileMap[959][1]                    ; Stuck at GND due to stuck port data_in      ;
; motorBack_Ground:comb_3|tileMap[959][0]                    ; Stuck at GND due to stuck port data_in      ;
; motorBack_Ground:comb_3|tileMap[960][6]                    ; Stuck at GND due to stuck port data_in      ;
; motorBack_Ground:comb_3|tileMap[960][4]                    ; Stuck at GND due to stuck port data_in      ;
; motorBack_Ground:comb_3|tileMap[960][1]                    ; Stuck at GND due to stuck port data_in      ;
; motorBack_Ground:comb_3|tileMap[960][0]                    ; Stuck at GND due to stuck port data_in      ;
; motorBack_Ground:comb_3|tileMap[961][6]                    ; Stuck at GND due to stuck port data_in      ;
; motorBack_Ground:comb_3|tileMap[961][4]                    ; Stuck at GND due to stuck port data_in      ;
; motorBack_Ground:comb_3|tileMap[961][1]                    ; Stuck at GND due to stuck port data_in      ;
; motorBack_Ground:comb_3|tileMap[961][0]                    ; Stuck at GND due to stuck port data_in      ;
; motorBack_Ground:comb_3|tileMap[962][6]                    ; Stuck at GND due to stuck port data_in      ;
; motorBack_Ground:comb_3|tileMap[962][4]                    ; Stuck at GND due to stuck port data_in      ;
; motorBack_Ground:comb_3|tileMap[962][1]                    ; Stuck at GND due to stuck port data_in      ;
; motorBack_Ground:comb_3|tileMap[962][0]                    ; Stuck at GND due to stuck port data_in      ;
; motorBack_Ground:comb_3|tileMap[963][6]                    ; Stuck at GND due to stuck port data_in      ;
; motorBack_Ground:comb_3|tileMap[963][4]                    ; Stuck at GND due to stuck port data_in      ;
; motorBack_Ground:comb_3|tileMap[963][1]                    ; Stuck at GND due to stuck port data_in      ;
; motorBack_Ground:comb_3|tileMap[963][0]                    ; Stuck at GND due to stuck port data_in      ;
; motorBack_Ground:comb_3|tileMap[964][6]                    ; Stuck at GND due to stuck port data_in      ;
; motorBack_Ground:comb_3|tileMap[964][4]                    ; Stuck at GND due to stuck port data_in      ;
; motorBack_Ground:comb_3|tileMap[964][1]                    ; Stuck at GND due to stuck port data_in      ;
; motorBack_Ground:comb_3|tileMap[964][0]                    ; Stuck at GND due to stuck port data_in      ;
; motorBack_Ground:comb_3|tileMap[965][6]                    ; Stuck at GND due to stuck port data_in      ;
; motorBack_Ground:comb_3|tileMap[965][4]                    ; Stuck at GND due to stuck port data_in      ;
; motorBack_Ground:comb_3|tileMap[965][1]                    ; Stuck at GND due to stuck port data_in      ;
; motorBack_Ground:comb_3|tileMap[965][0]                    ; Stuck at GND due to stuck port data_in      ;
; motorBack_Ground:comb_3|tileMap[966][6]                    ; Stuck at GND due to stuck port data_in      ;
; motorBack_Ground:comb_3|tileMap[966][4]                    ; Stuck at GND due to stuck port data_in      ;
; motorBack_Ground:comb_3|tileMap[966][1]                    ; Stuck at GND due to stuck port data_in      ;
; motorBack_Ground:comb_3|tileMap[966][0]                    ; Stuck at GND due to stuck port data_in      ;
; motorBack_Ground:comb_3|tileMap[967][6]                    ; Stuck at GND due to stuck port data_in      ;
; motorBack_Ground:comb_3|tileMap[967][4]                    ; Stuck at GND due to stuck port data_in      ;
; motorBack_Ground:comb_3|tileMap[967][1]                    ; Stuck at GND due to stuck port data_in      ;
; motorBack_Ground:comb_3|tileMap[967][0]                    ; Stuck at GND due to stuck port data_in      ;
; motorBack_Ground:comb_3|tileMap[968][6]                    ; Stuck at GND due to stuck port data_in      ;
; motorBack_Ground:comb_3|tileMap[968][4]                    ; Stuck at GND due to stuck port data_in      ;
; motorBack_Ground:comb_3|tileMap[968][1]                    ; Stuck at GND due to stuck port data_in      ;
; motorBack_Ground:comb_3|tileMap[968][0]                    ; Stuck at GND due to stuck port data_in      ;
; motorBack_Ground:comb_3|tileMap[969][6]                    ; Stuck at GND due to stuck port data_in      ;
; motorBack_Ground:comb_3|tileMap[969][4]                    ; Stuck at GND due to stuck port data_in      ;
; motorBack_Ground:comb_3|tileMap[969][1]                    ; Stuck at GND due to stuck port data_in      ;
; motorBack_Ground:comb_3|tileMap[969][0]                    ; Stuck at GND due to stuck port data_in      ;
; motorBack_Ground:comb_3|tileMap[970][6]                    ; Stuck at GND due to stuck port data_in      ;
; motorBack_Ground:comb_3|tileMap[970][4]                    ; Stuck at GND due to stuck port data_in      ;
; motorBack_Ground:comb_3|tileMap[970][1]                    ; Stuck at GND due to stuck port data_in      ;
; motorBack_Ground:comb_3|tileMap[970][0]                    ; Stuck at GND due to stuck port data_in      ;
; motorBack_Ground:comb_3|tileMap[971][6]                    ; Stuck at GND due to stuck port data_in      ;
; motorBack_Ground:comb_3|tileMap[971][4]                    ; Stuck at GND due to stuck port data_in      ;
; motorBack_Ground:comb_3|tileMap[971][1]                    ; Stuck at GND due to stuck port data_in      ;
; motorBack_Ground:comb_3|tileMap[971][0]                    ; Stuck at GND due to stuck port data_in      ;
; motorBack_Ground:comb_3|tileMap[972][6]                    ; Stuck at GND due to stuck port data_in      ;
; motorBack_Ground:comb_3|tileMap[972][4]                    ; Stuck at GND due to stuck port data_in      ;
; motorBack_Ground:comb_3|tileMap[972][1]                    ; Stuck at GND due to stuck port data_in      ;
; motorBack_Ground:comb_3|tileMap[972][0]                    ; Stuck at GND due to stuck port data_in      ;
; motorBack_Ground:comb_3|tileMap[973][6]                    ; Stuck at GND due to stuck port data_in      ;
; motorBack_Ground:comb_3|tileMap[973][4]                    ; Stuck at GND due to stuck port data_in      ;
; motorBack_Ground:comb_3|tileMap[973][1]                    ; Stuck at GND due to stuck port data_in      ;
; motorBack_Ground:comb_3|tileMap[973][0]                    ; Stuck at GND due to stuck port data_in      ;
; motorBack_Ground:comb_3|tileMap[974][6]                    ; Stuck at GND due to stuck port data_in      ;
; motorBack_Ground:comb_3|tileMap[974][4]                    ; Stuck at GND due to stuck port data_in      ;
; motorBack_Ground:comb_3|tileMap[974][1]                    ; Stuck at GND due to stuck port data_in      ;
; motorBack_Ground:comb_3|tileMap[974][0]                    ; Stuck at GND due to stuck port data_in      ;
; motorBack_Ground:comb_3|tileMap[975][6]                    ; Stuck at GND due to stuck port data_in      ;
; motorBack_Ground:comb_3|tileMap[975][4]                    ; Stuck at GND due to stuck port data_in      ;
; motorBack_Ground:comb_3|tileMap[975][1]                    ; Stuck at GND due to stuck port data_in      ;
; motorBack_Ground:comb_3|tileMap[975][0]                    ; Stuck at GND due to stuck port data_in      ;
; motorBack_Ground:comb_3|tileMap[976][6]                    ; Stuck at GND due to stuck port data_in      ;
; motorBack_Ground:comb_3|tileMap[976][4]                    ; Stuck at GND due to stuck port data_in      ;
; motorBack_Ground:comb_3|tileMap[976][1]                    ; Stuck at GND due to stuck port data_in      ;
; motorBack_Ground:comb_3|tileMap[976][0]                    ; Stuck at GND due to stuck port data_in      ;
; motorBack_Ground:comb_3|tileMap[977][6]                    ; Stuck at GND due to stuck port data_in      ;
; motorBack_Ground:comb_3|tileMap[977][4]                    ; Stuck at GND due to stuck port data_in      ;
; motorBack_Ground:comb_3|tileMap[977][1]                    ; Stuck at GND due to stuck port data_in      ;
; motorBack_Ground:comb_3|tileMap[977][0]                    ; Stuck at GND due to stuck port data_in      ;
; motorBack_Ground:comb_3|tileMap[978][6]                    ; Stuck at GND due to stuck port data_in      ;
; motorBack_Ground:comb_3|tileMap[978][4]                    ; Stuck at GND due to stuck port data_in      ;
; motorBack_Ground:comb_3|tileMap[978][1]                    ; Stuck at GND due to stuck port data_in      ;
; motorBack_Ground:comb_3|tileMap[978][0]                    ; Stuck at GND due to stuck port data_in      ;
; motorBack_Ground:comb_3|tileMap[979][6]                    ; Stuck at GND due to stuck port data_in      ;
; motorBack_Ground:comb_3|tileMap[979][4]                    ; Stuck at GND due to stuck port data_in      ;
; motorBack_Ground:comb_3|tileMap[979][1]                    ; Stuck at GND due to stuck port data_in      ;
; motorBack_Ground:comb_3|tileMap[979][0]                    ; Stuck at GND due to stuck port data_in      ;
; motorBack_Ground:comb_3|tileMap[980][6]                    ; Stuck at GND due to stuck port data_in      ;
; motorBack_Ground:comb_3|tileMap[980][4]                    ; Stuck at GND due to stuck port data_in      ;
; motorBack_Ground:comb_3|tileMap[980][1]                    ; Stuck at GND due to stuck port data_in      ;
; motorBack_Ground:comb_3|tileMap[980][0]                    ; Stuck at GND due to stuck port data_in      ;
; motorBack_Ground:comb_3|tileMap[981][6]                    ; Stuck at GND due to stuck port data_in      ;
; motorBack_Ground:comb_3|tileMap[981][4]                    ; Stuck at GND due to stuck port data_in      ;
; motorBack_Ground:comb_3|tileMap[981][1]                    ; Stuck at GND due to stuck port data_in      ;
; motorBack_Ground:comb_3|tileMap[981][0]                    ; Stuck at GND due to stuck port data_in      ;
; motorBack_Ground:comb_3|tileMap[982][6]                    ; Stuck at GND due to stuck port data_in      ;
; motorBack_Ground:comb_3|tileMap[982][4]                    ; Stuck at GND due to stuck port data_in      ;
; motorBack_Ground:comb_3|tileMap[982][1]                    ; Stuck at GND due to stuck port data_in      ;
; motorBack_Ground:comb_3|tileMap[982][0]                    ; Stuck at GND due to stuck port data_in      ;
; motorBack_Ground:comb_3|tileMap[983][6]                    ; Stuck at GND due to stuck port data_in      ;
; motorBack_Ground:comb_3|tileMap[983][4]                    ; Stuck at GND due to stuck port data_in      ;
; motorBack_Ground:comb_3|tileMap[983][1]                    ; Stuck at GND due to stuck port data_in      ;
; motorBack_Ground:comb_3|tileMap[983][0]                    ; Stuck at GND due to stuck port data_in      ;
; motorBack_Ground:comb_3|tileMap[984][6]                    ; Stuck at GND due to stuck port data_in      ;
; motorBack_Ground:comb_3|tileMap[984][4]                    ; Stuck at GND due to stuck port data_in      ;
; motorBack_Ground:comb_3|tileMap[984][1]                    ; Stuck at GND due to stuck port data_in      ;
; motorBack_Ground:comb_3|tileMap[984][0]                    ; Stuck at GND due to stuck port data_in      ;
; motorBack_Ground:comb_3|tileMap[985][6]                    ; Stuck at GND due to stuck port data_in      ;
; motorBack_Ground:comb_3|tileMap[985][4]                    ; Stuck at GND due to stuck port data_in      ;
; motorBack_Ground:comb_3|tileMap[985][1]                    ; Stuck at GND due to stuck port data_in      ;
; motorBack_Ground:comb_3|tileMap[985][0]                    ; Stuck at GND due to stuck port data_in      ;
; motorBack_Ground:comb_3|tileMap[986][6]                    ; Stuck at GND due to stuck port data_in      ;
; motorBack_Ground:comb_3|tileMap[986][4]                    ; Stuck at GND due to stuck port data_in      ;
; motorBack_Ground:comb_3|tileMap[986][1]                    ; Stuck at GND due to stuck port data_in      ;
; motorBack_Ground:comb_3|tileMap[986][0]                    ; Stuck at GND due to stuck port data_in      ;
; motorBack_Ground:comb_3|tileMap[987][6]                    ; Stuck at GND due to stuck port data_in      ;
; motorBack_Ground:comb_3|tileMap[987][4]                    ; Stuck at GND due to stuck port data_in      ;
; motorBack_Ground:comb_3|tileMap[987][1]                    ; Stuck at GND due to stuck port data_in      ;
; motorBack_Ground:comb_3|tileMap[987][0]                    ; Stuck at GND due to stuck port data_in      ;
; motorBack_Ground:comb_3|tileMap[988][6]                    ; Stuck at GND due to stuck port data_in      ;
; motorBack_Ground:comb_3|tileMap[988][4]                    ; Stuck at GND due to stuck port data_in      ;
; motorBack_Ground:comb_3|tileMap[988][1]                    ; Stuck at GND due to stuck port data_in      ;
; motorBack_Ground:comb_3|tileMap[988][0]                    ; Stuck at GND due to stuck port data_in      ;
; motorBack_Ground:comb_3|tileMap[989][6]                    ; Stuck at GND due to stuck port data_in      ;
; motorBack_Ground:comb_3|tileMap[989][4]                    ; Stuck at GND due to stuck port data_in      ;
; motorBack_Ground:comb_3|tileMap[989][1]                    ; Stuck at GND due to stuck port data_in      ;
; motorBack_Ground:comb_3|tileMap[989][0]                    ; Stuck at GND due to stuck port data_in      ;
; motorBack_Ground:comb_3|tileMap[990][6]                    ; Stuck at GND due to stuck port data_in      ;
; motorBack_Ground:comb_3|tileMap[990][4]                    ; Stuck at GND due to stuck port data_in      ;
; motorBack_Ground:comb_3|tileMap[990][1]                    ; Stuck at GND due to stuck port data_in      ;
; motorBack_Ground:comb_3|tileMap[990][0]                    ; Stuck at GND due to stuck port data_in      ;
; motorBack_Ground:comb_3|tileMap[991][6]                    ; Stuck at GND due to stuck port data_in      ;
; motorBack_Ground:comb_3|tileMap[991][4]                    ; Stuck at GND due to stuck port data_in      ;
; motorBack_Ground:comb_3|tileMap[991][1]                    ; Stuck at GND due to stuck port data_in      ;
; motorBack_Ground:comb_3|tileMap[991][0]                    ; Stuck at GND due to stuck port data_in      ;
; motorBack_Ground:comb_3|tileMap[992][6]                    ; Stuck at GND due to stuck port data_in      ;
; motorBack_Ground:comb_3|tileMap[992][4]                    ; Stuck at GND due to stuck port data_in      ;
; motorBack_Ground:comb_3|tileMap[992][1]                    ; Stuck at GND due to stuck port data_in      ;
; motorBack_Ground:comb_3|tileMap[992][0]                    ; Stuck at GND due to stuck port data_in      ;
; motorBack_Ground:comb_3|tileMap[993][6]                    ; Stuck at GND due to stuck port data_in      ;
; motorBack_Ground:comb_3|tileMap[993][4]                    ; Stuck at GND due to stuck port data_in      ;
; motorBack_Ground:comb_3|tileMap[993][1]                    ; Stuck at GND due to stuck port data_in      ;
; motorBack_Ground:comb_3|tileMap[993][0]                    ; Stuck at GND due to stuck port data_in      ;
; motorBack_Ground:comb_3|tileMap[994][6]                    ; Stuck at GND due to stuck port data_in      ;
; motorBack_Ground:comb_3|tileMap[994][4]                    ; Stuck at GND due to stuck port data_in      ;
; motorBack_Ground:comb_3|tileMap[994][1]                    ; Stuck at GND due to stuck port data_in      ;
; motorBack_Ground:comb_3|tileMap[994][0]                    ; Stuck at GND due to stuck port data_in      ;
; motorBack_Ground:comb_3|tileMap[995][6]                    ; Stuck at GND due to stuck port data_in      ;
; motorBack_Ground:comb_3|tileMap[995][4]                    ; Stuck at GND due to stuck port data_in      ;
; motorBack_Ground:comb_3|tileMap[995][1]                    ; Stuck at GND due to stuck port data_in      ;
; motorBack_Ground:comb_3|tileMap[995][0]                    ; Stuck at GND due to stuck port data_in      ;
; motorBack_Ground:comb_3|tileMap[996][6]                    ; Stuck at GND due to stuck port data_in      ;
; motorBack_Ground:comb_3|tileMap[996][4]                    ; Stuck at GND due to stuck port data_in      ;
; motorBack_Ground:comb_3|tileMap[996][1]                    ; Stuck at GND due to stuck port data_in      ;
; motorBack_Ground:comb_3|tileMap[996][0]                    ; Stuck at GND due to stuck port data_in      ;
; motorBack_Ground:comb_3|tileMap[997][6]                    ; Stuck at GND due to stuck port data_in      ;
; motorBack_Ground:comb_3|tileMap[997][4]                    ; Stuck at GND due to stuck port data_in      ;
; motorBack_Ground:comb_3|tileMap[997][1]                    ; Stuck at GND due to stuck port data_in      ;
; motorBack_Ground:comb_3|tileMap[997][0]                    ; Stuck at GND due to stuck port data_in      ;
; motorBack_Ground:comb_3|tileMap[998][6]                    ; Stuck at GND due to stuck port data_in      ;
; motorBack_Ground:comb_3|tileMap[998][4]                    ; Stuck at GND due to stuck port data_in      ;
; motorBack_Ground:comb_3|tileMap[998][1]                    ; Stuck at GND due to stuck port data_in      ;
; motorBack_Ground:comb_3|tileMap[998][0]                    ; Stuck at GND due to stuck port data_in      ;
; motorBack_Ground:comb_3|tileMap[999][6]                    ; Stuck at GND due to stuck port data_in      ;
; motorBack_Ground:comb_3|tileMap[999][4]                    ; Stuck at GND due to stuck port data_in      ;
; motorBack_Ground:comb_3|tileMap[999][1]                    ; Stuck at GND due to stuck port data_in      ;
; motorBack_Ground:comb_3|tileMap[999][0]                    ; Stuck at GND due to stuck port data_in      ;
; motorBack_Ground:comb_3|tileMap[1000][6]                   ; Stuck at GND due to stuck port data_in      ;
; motorBack_Ground:comb_3|tileMap[1000][4]                   ; Stuck at GND due to stuck port data_in      ;
; motorBack_Ground:comb_3|tileMap[1000][1]                   ; Stuck at GND due to stuck port data_in      ;
; motorBack_Ground:comb_3|tileMap[1000][0]                   ; Stuck at GND due to stuck port data_in      ;
; motorBack_Ground:comb_3|tileMap[1001][6]                   ; Stuck at GND due to stuck port data_in      ;
; motorBack_Ground:comb_3|tileMap[1001][4]                   ; Stuck at GND due to stuck port data_in      ;
; motorBack_Ground:comb_3|tileMap[1001][1]                   ; Stuck at GND due to stuck port data_in      ;
; motorBack_Ground:comb_3|tileMap[1001][0]                   ; Stuck at GND due to stuck port data_in      ;
; motorBack_Ground:comb_3|tileMap[1002][6]                   ; Stuck at GND due to stuck port data_in      ;
; motorBack_Ground:comb_3|tileMap[1002][4]                   ; Stuck at GND due to stuck port data_in      ;
; motorBack_Ground:comb_3|tileMap[1002][1]                   ; Stuck at GND due to stuck port data_in      ;
; motorBack_Ground:comb_3|tileMap[1002][0]                   ; Stuck at GND due to stuck port data_in      ;
; motorBack_Ground:comb_3|tileMap[1003][6]                   ; Stuck at GND due to stuck port data_in      ;
; motorBack_Ground:comb_3|tileMap[1003][4]                   ; Stuck at GND due to stuck port data_in      ;
; motorBack_Ground:comb_3|tileMap[1003][1]                   ; Stuck at GND due to stuck port data_in      ;
; motorBack_Ground:comb_3|tileMap[1003][0]                   ; Stuck at GND due to stuck port data_in      ;
; motorBack_Ground:comb_3|tileMap[1004][6]                   ; Stuck at GND due to stuck port data_in      ;
; motorBack_Ground:comb_3|tileMap[1004][4]                   ; Stuck at GND due to stuck port data_in      ;
; motorBack_Ground:comb_3|tileMap[1004][1]                   ; Stuck at GND due to stuck port data_in      ;
; motorBack_Ground:comb_3|tileMap[1004][0]                   ; Stuck at GND due to stuck port data_in      ;
; motorBack_Ground:comb_3|tileMap[1005][6]                   ; Stuck at GND due to stuck port data_in      ;
; motorBack_Ground:comb_3|tileMap[1005][4]                   ; Stuck at GND due to stuck port data_in      ;
; motorBack_Ground:comb_3|tileMap[1005][1]                   ; Stuck at GND due to stuck port data_in      ;
; motorBack_Ground:comb_3|tileMap[1005][0]                   ; Stuck at GND due to stuck port data_in      ;
; motorBack_Ground:comb_3|tileMap[1006][6]                   ; Stuck at GND due to stuck port data_in      ;
; motorBack_Ground:comb_3|tileMap[1006][4]                   ; Stuck at GND due to stuck port data_in      ;
; motorBack_Ground:comb_3|tileMap[1006][1]                   ; Stuck at GND due to stuck port data_in      ;
; motorBack_Ground:comb_3|tileMap[1006][0]                   ; Stuck at GND due to stuck port data_in      ;
; motorBack_Ground:comb_3|tileMap[1007][6]                   ; Stuck at GND due to stuck port data_in      ;
; motorBack_Ground:comb_3|tileMap[1007][4]                   ; Stuck at GND due to stuck port data_in      ;
; motorBack_Ground:comb_3|tileMap[1007][1]                   ; Stuck at GND due to stuck port data_in      ;
; motorBack_Ground:comb_3|tileMap[1007][0]                   ; Stuck at GND due to stuck port data_in      ;
; motorBack_Ground:comb_3|tileMap[1008][6]                   ; Stuck at GND due to stuck port data_in      ;
; motorBack_Ground:comb_3|tileMap[1008][4]                   ; Stuck at GND due to stuck port data_in      ;
; motorBack_Ground:comb_3|tileMap[1008][1]                   ; Stuck at GND due to stuck port data_in      ;
; motorBack_Ground:comb_3|tileMap[1008][0]                   ; Stuck at GND due to stuck port data_in      ;
; motorBack_Ground:comb_3|tileMap[1009][6]                   ; Stuck at GND due to stuck port data_in      ;
; motorBack_Ground:comb_3|tileMap[1009][4]                   ; Stuck at GND due to stuck port data_in      ;
; motorBack_Ground:comb_3|tileMap[1009][1]                   ; Stuck at GND due to stuck port data_in      ;
; motorBack_Ground:comb_3|tileMap[1009][0]                   ; Stuck at GND due to stuck port data_in      ;
; motorBack_Ground:comb_3|tileMap[1010][6]                   ; Stuck at GND due to stuck port data_in      ;
; motorBack_Ground:comb_3|tileMap[1010][4]                   ; Stuck at GND due to stuck port data_in      ;
; motorBack_Ground:comb_3|tileMap[1010][1]                   ; Stuck at GND due to stuck port data_in      ;
; motorBack_Ground:comb_3|tileMap[1010][0]                   ; Stuck at GND due to stuck port data_in      ;
; motorBack_Ground:comb_3|tileMap[1011][6]                   ; Stuck at GND due to stuck port data_in      ;
; motorBack_Ground:comb_3|tileMap[1011][4]                   ; Stuck at GND due to stuck port data_in      ;
; motorBack_Ground:comb_3|tileMap[1011][1]                   ; Stuck at GND due to stuck port data_in      ;
; motorBack_Ground:comb_3|tileMap[1011][0]                   ; Stuck at GND due to stuck port data_in      ;
; motorBack_Ground:comb_3|tileMap[1012][6]                   ; Stuck at GND due to stuck port data_in      ;
; motorBack_Ground:comb_3|tileMap[1012][4]                   ; Stuck at GND due to stuck port data_in      ;
; motorBack_Ground:comb_3|tileMap[1012][1]                   ; Stuck at GND due to stuck port data_in      ;
; motorBack_Ground:comb_3|tileMap[1012][0]                   ; Stuck at GND due to stuck port data_in      ;
; motorBack_Ground:comb_3|tileMap[1013][6]                   ; Stuck at GND due to stuck port data_in      ;
; motorBack_Ground:comb_3|tileMap[1013][4]                   ; Stuck at GND due to stuck port data_in      ;
; motorBack_Ground:comb_3|tileMap[1013][1]                   ; Stuck at GND due to stuck port data_in      ;
; motorBack_Ground:comb_3|tileMap[1013][0]                   ; Stuck at GND due to stuck port data_in      ;
; motorBack_Ground:comb_3|tileMap[1014][6]                   ; Stuck at GND due to stuck port data_in      ;
; motorBack_Ground:comb_3|tileMap[1014][4]                   ; Stuck at GND due to stuck port data_in      ;
; motorBack_Ground:comb_3|tileMap[1014][1]                   ; Stuck at GND due to stuck port data_in      ;
; motorBack_Ground:comb_3|tileMap[1014][0]                   ; Stuck at GND due to stuck port data_in      ;
; motorBack_Ground:comb_3|tileMap[1015][6]                   ; Stuck at GND due to stuck port data_in      ;
; motorBack_Ground:comb_3|tileMap[1015][4]                   ; Stuck at GND due to stuck port data_in      ;
; motorBack_Ground:comb_3|tileMap[1015][1]                   ; Stuck at GND due to stuck port data_in      ;
; motorBack_Ground:comb_3|tileMap[1015][0]                   ; Stuck at GND due to stuck port data_in      ;
; motorBack_Ground:comb_3|tileMap[1016][6]                   ; Stuck at GND due to stuck port data_in      ;
; motorBack_Ground:comb_3|tileMap[1016][4]                   ; Stuck at GND due to stuck port data_in      ;
; motorBack_Ground:comb_3|tileMap[1016][1]                   ; Stuck at GND due to stuck port data_in      ;
; motorBack_Ground:comb_3|tileMap[1016][0]                   ; Stuck at GND due to stuck port data_in      ;
; motorBack_Ground:comb_3|tileMap[1017][6]                   ; Stuck at GND due to stuck port data_in      ;
; motorBack_Ground:comb_3|tileMap[1017][4]                   ; Stuck at GND due to stuck port data_in      ;
; motorBack_Ground:comb_3|tileMap[1017][1]                   ; Stuck at GND due to stuck port data_in      ;
; motorBack_Ground:comb_3|tileMap[1017][0]                   ; Stuck at GND due to stuck port data_in      ;
; motorBack_Ground:comb_3|tileMap[1018][6]                   ; Stuck at GND due to stuck port data_in      ;
; motorBack_Ground:comb_3|tileMap[1018][4]                   ; Stuck at GND due to stuck port data_in      ;
; motorBack_Ground:comb_3|tileMap[1018][1]                   ; Stuck at GND due to stuck port data_in      ;
; motorBack_Ground:comb_3|tileMap[1018][0]                   ; Stuck at GND due to stuck port data_in      ;
; motorBack_Ground:comb_3|tileMap[1019][6]                   ; Stuck at GND due to stuck port data_in      ;
; motorBack_Ground:comb_3|tileMap[1019][4]                   ; Stuck at GND due to stuck port data_in      ;
; motorBack_Ground:comb_3|tileMap[1019][1]                   ; Stuck at GND due to stuck port data_in      ;
; motorBack_Ground:comb_3|tileMap[1019][0]                   ; Stuck at GND due to stuck port data_in      ;
; motorBack_Ground:comb_3|tileMap[1020][6]                   ; Stuck at GND due to stuck port data_in      ;
; motorBack_Ground:comb_3|tileMap[1020][4]                   ; Stuck at GND due to stuck port data_in      ;
; motorBack_Ground:comb_3|tileMap[1020][1]                   ; Stuck at GND due to stuck port data_in      ;
; motorBack_Ground:comb_3|tileMap[1020][0]                   ; Stuck at GND due to stuck port data_in      ;
; motorBack_Ground:comb_3|tileMap[1021][6]                   ; Stuck at GND due to stuck port data_in      ;
; motorBack_Ground:comb_3|tileMap[1021][4]                   ; Stuck at GND due to stuck port data_in      ;
; motorBack_Ground:comb_3|tileMap[1021][1]                   ; Stuck at GND due to stuck port data_in      ;
; motorBack_Ground:comb_3|tileMap[1021][0]                   ; Stuck at GND due to stuck port data_in      ;
; motorBack_Ground:comb_3|tileMap[1022][6]                   ; Stuck at GND due to stuck port data_in      ;
; motorBack_Ground:comb_3|tileMap[1022][4]                   ; Stuck at GND due to stuck port data_in      ;
; motorBack_Ground:comb_3|tileMap[1022][1]                   ; Stuck at GND due to stuck port data_in      ;
; motorBack_Ground:comb_3|tileMap[1022][0]                   ; Stuck at GND due to stuck port data_in      ;
; motorBack_Ground:comb_3|tileMap[1023][6]                   ; Stuck at GND due to stuck port data_in      ;
; motorBack_Ground:comb_3|tileMap[1023][4]                   ; Stuck at GND due to stuck port data_in      ;
; motorBack_Ground:comb_3|tileMap[1023][1]                   ; Stuck at GND due to stuck port data_in      ;
; motorBack_Ground:comb_3|tileMap[1023][0]                   ; Stuck at GND due to stuck port data_in      ;
; motorBack_Ground:comb_3|tileMap[1024][6]                   ; Stuck at GND due to stuck port data_in      ;
; motorBack_Ground:comb_3|tileMap[1024][4]                   ; Stuck at GND due to stuck port data_in      ;
; motorBack_Ground:comb_3|tileMap[1024][1]                   ; Stuck at GND due to stuck port data_in      ;
; motorBack_Ground:comb_3|tileMap[1024][0]                   ; Stuck at GND due to stuck port data_in      ;
; motorBack_Ground:comb_3|tileMap[1025][6]                   ; Stuck at GND due to stuck port data_in      ;
; motorBack_Ground:comb_3|tileMap[1025][4]                   ; Stuck at GND due to stuck port data_in      ;
; motorBack_Ground:comb_3|tileMap[1025][1]                   ; Stuck at GND due to stuck port data_in      ;
; motorBack_Ground:comb_3|tileMap[1025][0]                   ; Stuck at GND due to stuck port data_in      ;
; motorBack_Ground:comb_3|tileMap[1026][6]                   ; Stuck at GND due to stuck port data_in      ;
; motorBack_Ground:comb_3|tileMap[1026][4]                   ; Stuck at GND due to stuck port data_in      ;
; motorBack_Ground:comb_3|tileMap[1026][1]                   ; Stuck at GND due to stuck port data_in      ;
; motorBack_Ground:comb_3|tileMap[1026][0]                   ; Stuck at GND due to stuck port data_in      ;
; motorBack_Ground:comb_3|tileMap[1027][6]                   ; Stuck at GND due to stuck port data_in      ;
; motorBack_Ground:comb_3|tileMap[1027][4]                   ; Stuck at GND due to stuck port data_in      ;
; motorBack_Ground:comb_3|tileMap[1027][1]                   ; Stuck at GND due to stuck port data_in      ;
; motorBack_Ground:comb_3|tileMap[1027][0]                   ; Stuck at GND due to stuck port data_in      ;
; motorBack_Ground:comb_3|tileMap[1028][6]                   ; Stuck at GND due to stuck port data_in      ;
; motorBack_Ground:comb_3|tileMap[1028][4]                   ; Stuck at GND due to stuck port data_in      ;
; motorBack_Ground:comb_3|tileMap[1028][1]                   ; Stuck at GND due to stuck port data_in      ;
; motorBack_Ground:comb_3|tileMap[1028][0]                   ; Stuck at GND due to stuck port data_in      ;
; motorBack_Ground:comb_3|tileMap[1029][6]                   ; Stuck at GND due to stuck port data_in      ;
; motorBack_Ground:comb_3|tileMap[1029][4]                   ; Stuck at GND due to stuck port data_in      ;
; motorBack_Ground:comb_3|tileMap[1029][1]                   ; Stuck at GND due to stuck port data_in      ;
; motorBack_Ground:comb_3|tileMap[1029][0]                   ; Stuck at GND due to stuck port data_in      ;
; motorBack_Ground:comb_3|tileMap[1030][6]                   ; Stuck at GND due to stuck port data_in      ;
; motorBack_Ground:comb_3|tileMap[1030][4]                   ; Stuck at GND due to stuck port data_in      ;
; motorBack_Ground:comb_3|tileMap[1030][1]                   ; Stuck at GND due to stuck port data_in      ;
; motorBack_Ground:comb_3|tileMap[1030][0]                   ; Stuck at GND due to stuck port data_in      ;
; motorBack_Ground:comb_3|tileMap[1031][6]                   ; Stuck at GND due to stuck port data_in      ;
; motorBack_Ground:comb_3|tileMap[1031][4]                   ; Stuck at GND due to stuck port data_in      ;
; motorBack_Ground:comb_3|tileMap[1031][1]                   ; Stuck at GND due to stuck port data_in      ;
; motorBack_Ground:comb_3|tileMap[1031][0]                   ; Stuck at GND due to stuck port data_in      ;
; motorBack_Ground:comb_3|tileMap[1032][6]                   ; Stuck at GND due to stuck port data_in      ;
; motorBack_Ground:comb_3|tileMap[1032][4]                   ; Stuck at GND due to stuck port data_in      ;
; motorBack_Ground:comb_3|tileMap[1032][1]                   ; Stuck at GND due to stuck port data_in      ;
; motorBack_Ground:comb_3|tileMap[1032][0]                   ; Stuck at GND due to stuck port data_in      ;
; motorBack_Ground:comb_3|tileMap[1033][6]                   ; Stuck at GND due to stuck port data_in      ;
; motorBack_Ground:comb_3|tileMap[1033][4]                   ; Stuck at GND due to stuck port data_in      ;
; motorBack_Ground:comb_3|tileMap[1033][1]                   ; Stuck at GND due to stuck port data_in      ;
; motorBack_Ground:comb_3|tileMap[1033][0]                   ; Stuck at GND due to stuck port data_in      ;
; motorBack_Ground:comb_3|tileMap[1034][6]                   ; Stuck at GND due to stuck port data_in      ;
; motorBack_Ground:comb_3|tileMap[1034][4]                   ; Stuck at GND due to stuck port data_in      ;
; motorBack_Ground:comb_3|tileMap[1034][1]                   ; Stuck at GND due to stuck port data_in      ;
; motorBack_Ground:comb_3|tileMap[1034][0]                   ; Stuck at GND due to stuck port data_in      ;
; motorBack_Ground:comb_3|tileMap[1035][6]                   ; Stuck at GND due to stuck port data_in      ;
; motorBack_Ground:comb_3|tileMap[1035][4]                   ; Stuck at GND due to stuck port data_in      ;
; motorBack_Ground:comb_3|tileMap[1035][1]                   ; Stuck at GND due to stuck port data_in      ;
; motorBack_Ground:comb_3|tileMap[1035][0]                   ; Stuck at GND due to stuck port data_in      ;
; motorBack_Ground:comb_3|tileMap[1036][6]                   ; Stuck at GND due to stuck port data_in      ;
; motorBack_Ground:comb_3|tileMap[1036][4]                   ; Stuck at GND due to stuck port data_in      ;
; motorBack_Ground:comb_3|tileMap[1036][1]                   ; Stuck at GND due to stuck port data_in      ;
; motorBack_Ground:comb_3|tileMap[1036][0]                   ; Stuck at GND due to stuck port data_in      ;
; motorBack_Ground:comb_3|tileMap[1037][6]                   ; Stuck at GND due to stuck port data_in      ;
; motorBack_Ground:comb_3|tileMap[1037][4]                   ; Stuck at GND due to stuck port data_in      ;
; motorBack_Ground:comb_3|tileMap[1037][1]                   ; Stuck at GND due to stuck port data_in      ;
; motorBack_Ground:comb_3|tileMap[1037][0]                   ; Stuck at GND due to stuck port data_in      ;
; motorBack_Ground:comb_3|tileMap[1038][6]                   ; Stuck at GND due to stuck port data_in      ;
; motorBack_Ground:comb_3|tileMap[1038][4]                   ; Stuck at GND due to stuck port data_in      ;
; motorBack_Ground:comb_3|tileMap[1038][1]                   ; Stuck at GND due to stuck port data_in      ;
; motorBack_Ground:comb_3|tileMap[1038][0]                   ; Stuck at GND due to stuck port data_in      ;
; motorBack_Ground:comb_3|tileMap[1039][6]                   ; Stuck at GND due to stuck port data_in      ;
; motorBack_Ground:comb_3|tileMap[1039][4]                   ; Stuck at GND due to stuck port data_in      ;
; motorBack_Ground:comb_3|tileMap[1039][1]                   ; Stuck at GND due to stuck port data_in      ;
; motorBack_Ground:comb_3|tileMap[1039][0]                   ; Stuck at GND due to stuck port data_in      ;
; motorBack_Ground:comb_3|tileMap[1040][6]                   ; Stuck at GND due to stuck port data_in      ;
; motorBack_Ground:comb_3|tileMap[1040][4]                   ; Stuck at GND due to stuck port data_in      ;
; motorBack_Ground:comb_3|tileMap[1040][1]                   ; Stuck at GND due to stuck port data_in      ;
; motorBack_Ground:comb_3|tileMap[1040][0]                   ; Stuck at GND due to stuck port data_in      ;
; motorBack_Ground:comb_3|tileMap[1041][6]                   ; Stuck at GND due to stuck port data_in      ;
; motorBack_Ground:comb_3|tileMap[1041][4]                   ; Stuck at GND due to stuck port data_in      ;
; motorBack_Ground:comb_3|tileMap[1041][1]                   ; Stuck at GND due to stuck port data_in      ;
; motorBack_Ground:comb_3|tileMap[1041][0]                   ; Stuck at GND due to stuck port data_in      ;
; motorBack_Ground:comb_3|tileMap[1042][6]                   ; Stuck at GND due to stuck port data_in      ;
; motorBack_Ground:comb_3|tileMap[1042][4]                   ; Stuck at GND due to stuck port data_in      ;
; motorBack_Ground:comb_3|tileMap[1042][1]                   ; Stuck at GND due to stuck port data_in      ;
; motorBack_Ground:comb_3|tileMap[1042][0]                   ; Stuck at GND due to stuck port data_in      ;
; motorBack_Ground:comb_3|tileMap[1043][6]                   ; Stuck at GND due to stuck port data_in      ;
; motorBack_Ground:comb_3|tileMap[1043][4]                   ; Stuck at GND due to stuck port data_in      ;
; motorBack_Ground:comb_3|tileMap[1043][1]                   ; Stuck at GND due to stuck port data_in      ;
; motorBack_Ground:comb_3|tileMap[1043][0]                   ; Stuck at GND due to stuck port data_in      ;
; motorBack_Ground:comb_3|tileMap[1044][6]                   ; Stuck at GND due to stuck port data_in      ;
; motorBack_Ground:comb_3|tileMap[1044][4]                   ; Stuck at GND due to stuck port data_in      ;
; motorBack_Ground:comb_3|tileMap[1044][1]                   ; Stuck at GND due to stuck port data_in      ;
; motorBack_Ground:comb_3|tileMap[1044][0]                   ; Stuck at GND due to stuck port data_in      ;
; motorBack_Ground:comb_3|tileMap[1045][6]                   ; Stuck at GND due to stuck port data_in      ;
; motorBack_Ground:comb_3|tileMap[1045][4]                   ; Stuck at GND due to stuck port data_in      ;
; motorBack_Ground:comb_3|tileMap[1045][1]                   ; Stuck at GND due to stuck port data_in      ;
; motorBack_Ground:comb_3|tileMap[1045][0]                   ; Stuck at GND due to stuck port data_in      ;
; motorBack_Ground:comb_3|tileMap[1046][6]                   ; Stuck at GND due to stuck port data_in      ;
; motorBack_Ground:comb_3|tileMap[1046][4]                   ; Stuck at GND due to stuck port data_in      ;
; motorBack_Ground:comb_3|tileMap[1046][1]                   ; Stuck at GND due to stuck port data_in      ;
; motorBack_Ground:comb_3|tileMap[1046][0]                   ; Stuck at GND due to stuck port data_in      ;
; motorBack_Ground:comb_3|tileMap[1047][6]                   ; Stuck at GND due to stuck port data_in      ;
; motorBack_Ground:comb_3|tileMap[1047][4]                   ; Stuck at GND due to stuck port data_in      ;
; motorBack_Ground:comb_3|tileMap[1047][1]                   ; Stuck at GND due to stuck port data_in      ;
; motorBack_Ground:comb_3|tileMap[1047][0]                   ; Stuck at GND due to stuck port data_in      ;
; motorBack_Ground:comb_3|tileMap[1048][6]                   ; Stuck at GND due to stuck port data_in      ;
; motorBack_Ground:comb_3|tileMap[1048][4]                   ; Stuck at GND due to stuck port data_in      ;
; motorBack_Ground:comb_3|tileMap[1048][1]                   ; Stuck at GND due to stuck port data_in      ;
; motorBack_Ground:comb_3|tileMap[1048][0]                   ; Stuck at GND due to stuck port data_in      ;
; motorBack_Ground:comb_3|tileMap[1049][6]                   ; Stuck at GND due to stuck port data_in      ;
; motorBack_Ground:comb_3|tileMap[1049][4]                   ; Stuck at GND due to stuck port data_in      ;
; motorBack_Ground:comb_3|tileMap[1049][1]                   ; Stuck at GND due to stuck port data_in      ;
; motorBack_Ground:comb_3|tileMap[1049][0]                   ; Stuck at GND due to stuck port data_in      ;
; motorBack_Ground:comb_3|tileMap[1050][6]                   ; Stuck at GND due to stuck port data_in      ;
; motorBack_Ground:comb_3|tileMap[1050][4]                   ; Stuck at GND due to stuck port data_in      ;
; motorBack_Ground:comb_3|tileMap[1050][1]                   ; Stuck at GND due to stuck port data_in      ;
; motorBack_Ground:comb_3|tileMap[1050][0]                   ; Stuck at GND due to stuck port data_in      ;
; motorBack_Ground:comb_3|tileMap[1051][6]                   ; Stuck at GND due to stuck port data_in      ;
; motorBack_Ground:comb_3|tileMap[1051][4]                   ; Stuck at GND due to stuck port data_in      ;
; motorBack_Ground:comb_3|tileMap[1051][1]                   ; Stuck at GND due to stuck port data_in      ;
; motorBack_Ground:comb_3|tileMap[1051][0]                   ; Stuck at GND due to stuck port data_in      ;
; motorBack_Ground:comb_3|tileMap[1052][6]                   ; Stuck at GND due to stuck port data_in      ;
; motorBack_Ground:comb_3|tileMap[1052][4]                   ; Stuck at GND due to stuck port data_in      ;
; motorBack_Ground:comb_3|tileMap[1052][1]                   ; Stuck at GND due to stuck port data_in      ;
; motorBack_Ground:comb_3|tileMap[1052][0]                   ; Stuck at GND due to stuck port data_in      ;
; motorBack_Ground:comb_3|tileMap[1053][6]                   ; Stuck at GND due to stuck port data_in      ;
; motorBack_Ground:comb_3|tileMap[1053][4]                   ; Stuck at GND due to stuck port data_in      ;
; motorBack_Ground:comb_3|tileMap[1053][1]                   ; Stuck at GND due to stuck port data_in      ;
; motorBack_Ground:comb_3|tileMap[1053][0]                   ; Stuck at GND due to stuck port data_in      ;
; motorBack_Ground:comb_3|tileMap[1054][6]                   ; Stuck at GND due to stuck port data_in      ;
; motorBack_Ground:comb_3|tileMap[1054][4]                   ; Stuck at GND due to stuck port data_in      ;
; motorBack_Ground:comb_3|tileMap[1054][1]                   ; Stuck at GND due to stuck port data_in      ;
; motorBack_Ground:comb_3|tileMap[1054][0]                   ; Stuck at GND due to stuck port data_in      ;
; motorBack_Ground:comb_3|tileMap[1055][6]                   ; Stuck at GND due to stuck port data_in      ;
; motorBack_Ground:comb_3|tileMap[1055][4]                   ; Stuck at GND due to stuck port data_in      ;
; motorBack_Ground:comb_3|tileMap[1055][1]                   ; Stuck at GND due to stuck port data_in      ;
; motorBack_Ground:comb_3|tileMap[1055][0]                   ; Stuck at GND due to stuck port data_in      ;
; motorBack_Ground:comb_3|tileMap[1056][6]                   ; Stuck at GND due to stuck port data_in      ;
; motorBack_Ground:comb_3|tileMap[1056][4]                   ; Stuck at GND due to stuck port data_in      ;
; motorBack_Ground:comb_3|tileMap[1056][1]                   ; Stuck at GND due to stuck port data_in      ;
; motorBack_Ground:comb_3|tileMap[1056][0]                   ; Stuck at GND due to stuck port data_in      ;
; motorBack_Ground:comb_3|tileMap[1057][6]                   ; Stuck at GND due to stuck port data_in      ;
; motorBack_Ground:comb_3|tileMap[1057][4]                   ; Stuck at GND due to stuck port data_in      ;
; motorBack_Ground:comb_3|tileMap[1057][1]                   ; Stuck at GND due to stuck port data_in      ;
; motorBack_Ground:comb_3|tileMap[1057][0]                   ; Stuck at GND due to stuck port data_in      ;
; motorBack_Ground:comb_3|tileMap[1058][6]                   ; Stuck at GND due to stuck port data_in      ;
; motorBack_Ground:comb_3|tileMap[1058][4]                   ; Stuck at GND due to stuck port data_in      ;
; motorBack_Ground:comb_3|tileMap[1058][1]                   ; Stuck at GND due to stuck port data_in      ;
; motorBack_Ground:comb_3|tileMap[1058][0]                   ; Stuck at GND due to stuck port data_in      ;
; motorBack_Ground:comb_3|tileMap[1059][6]                   ; Stuck at GND due to stuck port data_in      ;
; motorBack_Ground:comb_3|tileMap[1059][4]                   ; Stuck at GND due to stuck port data_in      ;
; motorBack_Ground:comb_3|tileMap[1059][1]                   ; Stuck at GND due to stuck port data_in      ;
; motorBack_Ground:comb_3|tileMap[1059][0]                   ; Stuck at GND due to stuck port data_in      ;
; motorBack_Ground:comb_3|tileMap[1060][6]                   ; Stuck at GND due to stuck port data_in      ;
; motorBack_Ground:comb_3|tileMap[1060][4]                   ; Stuck at GND due to stuck port data_in      ;
; motorBack_Ground:comb_3|tileMap[1060][1]                   ; Stuck at GND due to stuck port data_in      ;
; motorBack_Ground:comb_3|tileMap[1060][0]                   ; Stuck at GND due to stuck port data_in      ;
; motorBack_Ground:comb_3|tileMap[1061][6]                   ; Stuck at GND due to stuck port data_in      ;
; motorBack_Ground:comb_3|tileMap[1061][4]                   ; Stuck at GND due to stuck port data_in      ;
; motorBack_Ground:comb_3|tileMap[1061][1]                   ; Stuck at GND due to stuck port data_in      ;
; motorBack_Ground:comb_3|tileMap[1061][0]                   ; Stuck at GND due to stuck port data_in      ;
; motorBack_Ground:comb_3|tileMap[1062][6]                   ; Stuck at GND due to stuck port data_in      ;
; motorBack_Ground:comb_3|tileMap[1062][4]                   ; Stuck at GND due to stuck port data_in      ;
; motorBack_Ground:comb_3|tileMap[1062][1]                   ; Stuck at GND due to stuck port data_in      ;
; motorBack_Ground:comb_3|tileMap[1062][0]                   ; Stuck at GND due to stuck port data_in      ;
; motorBack_Ground:comb_3|tileMap[1063][6]                   ; Stuck at GND due to stuck port data_in      ;
; motorBack_Ground:comb_3|tileMap[1063][4]                   ; Stuck at GND due to stuck port data_in      ;
; motorBack_Ground:comb_3|tileMap[1063][1]                   ; Stuck at GND due to stuck port data_in      ;
; motorBack_Ground:comb_3|tileMap[1063][0]                   ; Stuck at GND due to stuck port data_in      ;
; motorBack_Ground:comb_3|tileMap[1064][6]                   ; Stuck at GND due to stuck port data_in      ;
; motorBack_Ground:comb_3|tileMap[1064][4]                   ; Stuck at GND due to stuck port data_in      ;
; motorBack_Ground:comb_3|tileMap[1064][1]                   ; Stuck at GND due to stuck port data_in      ;
; motorBack_Ground:comb_3|tileMap[1064][0]                   ; Stuck at GND due to stuck port data_in      ;
; motorBack_Ground:comb_3|tileMap[1065][6]                   ; Stuck at GND due to stuck port data_in      ;
; motorBack_Ground:comb_3|tileMap[1065][4]                   ; Stuck at GND due to stuck port data_in      ;
; motorBack_Ground:comb_3|tileMap[1065][1]                   ; Stuck at GND due to stuck port data_in      ;
; motorBack_Ground:comb_3|tileMap[1065][0]                   ; Stuck at GND due to stuck port data_in      ;
; motorBack_Ground:comb_3|tileMap[1066][6]                   ; Stuck at GND due to stuck port data_in      ;
; motorBack_Ground:comb_3|tileMap[1066][4]                   ; Stuck at GND due to stuck port data_in      ;
; motorBack_Ground:comb_3|tileMap[1066][1]                   ; Stuck at GND due to stuck port data_in      ;
; motorBack_Ground:comb_3|tileMap[1066][0]                   ; Stuck at GND due to stuck port data_in      ;
; motorBack_Ground:comb_3|tileMap[1067][6]                   ; Stuck at GND due to stuck port data_in      ;
; motorBack_Ground:comb_3|tileMap[1067][4]                   ; Stuck at GND due to stuck port data_in      ;
; motorBack_Ground:comb_3|tileMap[1067][1]                   ; Stuck at GND due to stuck port data_in      ;
; motorBack_Ground:comb_3|tileMap[1067][0]                   ; Stuck at GND due to stuck port data_in      ;
; motorBack_Ground:comb_3|tileMap[1068][6]                   ; Stuck at GND due to stuck port data_in      ;
; motorBack_Ground:comb_3|tileMap[1068][4]                   ; Stuck at GND due to stuck port data_in      ;
; motorBack_Ground:comb_3|tileMap[1068][1]                   ; Stuck at GND due to stuck port data_in      ;
; motorBack_Ground:comb_3|tileMap[1068][0]                   ; Stuck at GND due to stuck port data_in      ;
; motorBack_Ground:comb_3|tileMap[1069][6]                   ; Stuck at GND due to stuck port data_in      ;
; motorBack_Ground:comb_3|tileMap[1069][4]                   ; Stuck at GND due to stuck port data_in      ;
; motorBack_Ground:comb_3|tileMap[1069][1]                   ; Stuck at GND due to stuck port data_in      ;
; motorBack_Ground:comb_3|tileMap[1069][0]                   ; Stuck at GND due to stuck port data_in      ;
; motorBack_Ground:comb_3|tileMap[1070][6]                   ; Stuck at GND due to stuck port data_in      ;
; motorBack_Ground:comb_3|tileMap[1070][4]                   ; Stuck at GND due to stuck port data_in      ;
; motorBack_Ground:comb_3|tileMap[1070][1]                   ; Stuck at GND due to stuck port data_in      ;
; motorBack_Ground:comb_3|tileMap[1070][0]                   ; Stuck at GND due to stuck port data_in      ;
; motorBack_Ground:comb_3|tileMap[1071][6]                   ; Stuck at GND due to stuck port data_in      ;
; motorBack_Ground:comb_3|tileMap[1071][4]                   ; Stuck at GND due to stuck port data_in      ;
; motorBack_Ground:comb_3|tileMap[1071][1]                   ; Stuck at GND due to stuck port data_in      ;
; motorBack_Ground:comb_3|tileMap[1071][0]                   ; Stuck at GND due to stuck port data_in      ;
; motorBack_Ground:comb_3|tileMap[1072][6]                   ; Stuck at GND due to stuck port data_in      ;
; motorBack_Ground:comb_3|tileMap[1072][4]                   ; Stuck at GND due to stuck port data_in      ;
; motorBack_Ground:comb_3|tileMap[1072][1]                   ; Stuck at GND due to stuck port data_in      ;
; motorBack_Ground:comb_3|tileMap[1072][0]                   ; Stuck at GND due to stuck port data_in      ;
; motorBack_Ground:comb_3|tileMap[1073][6]                   ; Stuck at GND due to stuck port data_in      ;
; motorBack_Ground:comb_3|tileMap[1073][4]                   ; Stuck at GND due to stuck port data_in      ;
; motorBack_Ground:comb_3|tileMap[1073][1]                   ; Stuck at GND due to stuck port data_in      ;
; motorBack_Ground:comb_3|tileMap[1073][0]                   ; Stuck at GND due to stuck port data_in      ;
; motorBack_Ground:comb_3|tileMap[1074][6]                   ; Stuck at GND due to stuck port data_in      ;
; motorBack_Ground:comb_3|tileMap[1074][4]                   ; Stuck at GND due to stuck port data_in      ;
; motorBack_Ground:comb_3|tileMap[1074][1]                   ; Stuck at GND due to stuck port data_in      ;
; motorBack_Ground:comb_3|tileMap[1074][0]                   ; Stuck at GND due to stuck port data_in      ;
; motorBack_Ground:comb_3|tileMap[1075][6]                   ; Stuck at GND due to stuck port data_in      ;
; motorBack_Ground:comb_3|tileMap[1075][4]                   ; Stuck at GND due to stuck port data_in      ;
; motorBack_Ground:comb_3|tileMap[1075][1]                   ; Stuck at GND due to stuck port data_in      ;
; motorBack_Ground:comb_3|tileMap[1075][0]                   ; Stuck at GND due to stuck port data_in      ;
; motorBack_Ground:comb_3|tileMap[1076][6]                   ; Stuck at GND due to stuck port data_in      ;
; motorBack_Ground:comb_3|tileMap[1076][4]                   ; Stuck at GND due to stuck port data_in      ;
; motorBack_Ground:comb_3|tileMap[1076][1]                   ; Stuck at GND due to stuck port data_in      ;
; motorBack_Ground:comb_3|tileMap[1076][0]                   ; Stuck at GND due to stuck port data_in      ;
; motorBack_Ground:comb_3|tileMap[1077][6]                   ; Stuck at GND due to stuck port data_in      ;
; motorBack_Ground:comb_3|tileMap[1077][4]                   ; Stuck at GND due to stuck port data_in      ;
; motorBack_Ground:comb_3|tileMap[1077][1]                   ; Stuck at GND due to stuck port data_in      ;
; motorBack_Ground:comb_3|tileMap[1077][0]                   ; Stuck at GND due to stuck port data_in      ;
; motorBack_Ground:comb_3|tileMap[1078][6]                   ; Stuck at GND due to stuck port data_in      ;
; motorBack_Ground:comb_3|tileMap[1078][4]                   ; Stuck at GND due to stuck port data_in      ;
; motorBack_Ground:comb_3|tileMap[1078][1]                   ; Stuck at GND due to stuck port data_in      ;
; motorBack_Ground:comb_3|tileMap[1078][0]                   ; Stuck at GND due to stuck port data_in      ;
; motorBack_Ground:comb_3|tileMap[1079][6]                   ; Stuck at GND due to stuck port data_in      ;
; motorBack_Ground:comb_3|tileMap[1079][4]                   ; Stuck at GND due to stuck port data_in      ;
; motorBack_Ground:comb_3|tileMap[1079][1]                   ; Stuck at GND due to stuck port data_in      ;
; motorBack_Ground:comb_3|tileMap[1079][0]                   ; Stuck at GND due to stuck port data_in      ;
; motorBack_Ground:comb_3|tileMap[1080][6]                   ; Stuck at GND due to stuck port data_in      ;
; motorBack_Ground:comb_3|tileMap[1080][4]                   ; Stuck at GND due to stuck port data_in      ;
; motorBack_Ground:comb_3|tileMap[1080][1]                   ; Stuck at GND due to stuck port data_in      ;
; motorBack_Ground:comb_3|tileMap[1080][0]                   ; Stuck at GND due to stuck port data_in      ;
; motorBack_Ground:comb_3|tileMap[1081][6]                   ; Stuck at GND due to stuck port data_in      ;
; motorBack_Ground:comb_3|tileMap[1081][4]                   ; Stuck at GND due to stuck port data_in      ;
; motorBack_Ground:comb_3|tileMap[1081][1]                   ; Stuck at GND due to stuck port data_in      ;
; motorBack_Ground:comb_3|tileMap[1081][0]                   ; Stuck at GND due to stuck port data_in      ;
; motorBack_Ground:comb_3|tileMap[1082][6]                   ; Stuck at GND due to stuck port data_in      ;
; motorBack_Ground:comb_3|tileMap[1082][4]                   ; Stuck at GND due to stuck port data_in      ;
; motorBack_Ground:comb_3|tileMap[1082][1]                   ; Stuck at GND due to stuck port data_in      ;
; motorBack_Ground:comb_3|tileMap[1082][0]                   ; Stuck at GND due to stuck port data_in      ;
; motorBack_Ground:comb_3|tileMap[1083][6]                   ; Stuck at GND due to stuck port data_in      ;
; motorBack_Ground:comb_3|tileMap[1083][4]                   ; Stuck at GND due to stuck port data_in      ;
; motorBack_Ground:comb_3|tileMap[1083][1]                   ; Stuck at GND due to stuck port data_in      ;
; motorBack_Ground:comb_3|tileMap[1083][0]                   ; Stuck at GND due to stuck port data_in      ;
; motorBack_Ground:comb_3|tileMap[1084][6]                   ; Stuck at GND due to stuck port data_in      ;
; motorBack_Ground:comb_3|tileMap[1084][4]                   ; Stuck at GND due to stuck port data_in      ;
; motorBack_Ground:comb_3|tileMap[1084][1]                   ; Stuck at GND due to stuck port data_in      ;
; motorBack_Ground:comb_3|tileMap[1084][0]                   ; Stuck at GND due to stuck port data_in      ;
; motorBack_Ground:comb_3|tileMap[1085][6]                   ; Stuck at GND due to stuck port data_in      ;
; motorBack_Ground:comb_3|tileMap[1085][4]                   ; Stuck at GND due to stuck port data_in      ;
; motorBack_Ground:comb_3|tileMap[1085][1]                   ; Stuck at GND due to stuck port data_in      ;
; motorBack_Ground:comb_3|tileMap[1085][0]                   ; Stuck at GND due to stuck port data_in      ;
; motorBack_Ground:comb_3|tileMap[1086][6]                   ; Stuck at GND due to stuck port data_in      ;
; motorBack_Ground:comb_3|tileMap[1086][4]                   ; Stuck at GND due to stuck port data_in      ;
; motorBack_Ground:comb_3|tileMap[1086][1]                   ; Stuck at GND due to stuck port data_in      ;
; motorBack_Ground:comb_3|tileMap[1086][0]                   ; Stuck at GND due to stuck port data_in      ;
; motorBack_Ground:comb_3|tileMap[1087][6]                   ; Stuck at GND due to stuck port data_in      ;
; motorBack_Ground:comb_3|tileMap[1087][4]                   ; Stuck at GND due to stuck port data_in      ;
; motorBack_Ground:comb_3|tileMap[1087][1]                   ; Stuck at GND due to stuck port data_in      ;
; motorBack_Ground:comb_3|tileMap[1087][0]                   ; Stuck at GND due to stuck port data_in      ;
; motorBack_Ground:comb_3|tileMap[1088][6]                   ; Stuck at GND due to stuck port data_in      ;
; motorBack_Ground:comb_3|tileMap[1088][4]                   ; Stuck at GND due to stuck port data_in      ;
; motorBack_Ground:comb_3|tileMap[1088][1]                   ; Stuck at GND due to stuck port data_in      ;
; motorBack_Ground:comb_3|tileMap[1088][0]                   ; Stuck at GND due to stuck port data_in      ;
; motorBack_Ground:comb_3|tileMap[1089][6]                   ; Stuck at GND due to stuck port data_in      ;
; motorBack_Ground:comb_3|tileMap[1089][4]                   ; Stuck at GND due to stuck port data_in      ;
; motorBack_Ground:comb_3|tileMap[1089][1]                   ; Stuck at GND due to stuck port data_in      ;
; motorBack_Ground:comb_3|tileMap[1089][0]                   ; Stuck at GND due to stuck port data_in      ;
; motorBack_Ground:comb_3|tileMap[1090][6]                   ; Stuck at GND due to stuck port data_in      ;
; motorBack_Ground:comb_3|tileMap[1090][4]                   ; Stuck at GND due to stuck port data_in      ;
; motorBack_Ground:comb_3|tileMap[1090][1]                   ; Stuck at GND due to stuck port data_in      ;
; motorBack_Ground:comb_3|tileMap[1090][0]                   ; Stuck at GND due to stuck port data_in      ;
; motorBack_Ground:comb_3|tileMap[1091][6]                   ; Stuck at GND due to stuck port data_in      ;
; motorBack_Ground:comb_3|tileMap[1091][4]                   ; Stuck at GND due to stuck port data_in      ;
; motorBack_Ground:comb_3|tileMap[1091][1]                   ; Stuck at GND due to stuck port data_in      ;
; motorBack_Ground:comb_3|tileMap[1091][0]                   ; Stuck at GND due to stuck port data_in      ;
; motorBack_Ground:comb_3|tileMap[1092][6]                   ; Stuck at GND due to stuck port data_in      ;
; motorBack_Ground:comb_3|tileMap[1092][4]                   ; Stuck at GND due to stuck port data_in      ;
; motorBack_Ground:comb_3|tileMap[1092][1]                   ; Stuck at GND due to stuck port data_in      ;
; motorBack_Ground:comb_3|tileMap[1092][0]                   ; Stuck at GND due to stuck port data_in      ;
; motorBack_Ground:comb_3|tileMap[1093][6]                   ; Stuck at GND due to stuck port data_in      ;
; motorBack_Ground:comb_3|tileMap[1093][4]                   ; Stuck at GND due to stuck port data_in      ;
; motorBack_Ground:comb_3|tileMap[1093][1]                   ; Stuck at GND due to stuck port data_in      ;
; motorBack_Ground:comb_3|tileMap[1093][0]                   ; Stuck at GND due to stuck port data_in      ;
; motorBack_Ground:comb_3|tileMap[1094][6]                   ; Stuck at GND due to stuck port data_in      ;
; motorBack_Ground:comb_3|tileMap[1094][4]                   ; Stuck at GND due to stuck port data_in      ;
; motorBack_Ground:comb_3|tileMap[1094][1]                   ; Stuck at GND due to stuck port data_in      ;
; motorBack_Ground:comb_3|tileMap[1094][0]                   ; Stuck at GND due to stuck port data_in      ;
; motorBack_Ground:comb_3|tileMap[1095][6]                   ; Stuck at GND due to stuck port data_in      ;
; motorBack_Ground:comb_3|tileMap[1095][4]                   ; Stuck at GND due to stuck port data_in      ;
; motorBack_Ground:comb_3|tileMap[1095][1]                   ; Stuck at GND due to stuck port data_in      ;
; motorBack_Ground:comb_3|tileMap[1095][0]                   ; Stuck at GND due to stuck port data_in      ;
; motorBack_Ground:comb_3|tileMap[1096][6]                   ; Stuck at GND due to stuck port data_in      ;
; motorBack_Ground:comb_3|tileMap[1096][4]                   ; Stuck at GND due to stuck port data_in      ;
; motorBack_Ground:comb_3|tileMap[1096][1]                   ; Stuck at GND due to stuck port data_in      ;
; motorBack_Ground:comb_3|tileMap[1096][0]                   ; Stuck at GND due to stuck port data_in      ;
; motorBack_Ground:comb_3|tileMap[1097][6]                   ; Stuck at GND due to stuck port data_in      ;
; motorBack_Ground:comb_3|tileMap[1097][4]                   ; Stuck at GND due to stuck port data_in      ;
; motorBack_Ground:comb_3|tileMap[1097][1]                   ; Stuck at GND due to stuck port data_in      ;
; motorBack_Ground:comb_3|tileMap[1097][0]                   ; Stuck at GND due to stuck port data_in      ;
; motorBack_Ground:comb_3|tileMap[1098][6]                   ; Stuck at GND due to stuck port data_in      ;
; motorBack_Ground:comb_3|tileMap[1098][4]                   ; Stuck at GND due to stuck port data_in      ;
; motorBack_Ground:comb_3|tileMap[1098][1]                   ; Stuck at GND due to stuck port data_in      ;
; motorBack_Ground:comb_3|tileMap[1098][0]                   ; Stuck at GND due to stuck port data_in      ;
; motorBack_Ground:comb_3|tileMap[1099][6]                   ; Stuck at GND due to stuck port data_in      ;
; motorBack_Ground:comb_3|tileMap[1099][4]                   ; Stuck at GND due to stuck port data_in      ;
; motorBack_Ground:comb_3|tileMap[1099][1]                   ; Stuck at GND due to stuck port data_in      ;
; motorBack_Ground:comb_3|tileMap[1099][0]                   ; Stuck at GND due to stuck port data_in      ;
; motorBack_Ground:comb_3|tileMap[1100][6]                   ; Stuck at GND due to stuck port data_in      ;
; motorBack_Ground:comb_3|tileMap[1100][4]                   ; Stuck at GND due to stuck port data_in      ;
; motorBack_Ground:comb_3|tileMap[1100][1]                   ; Stuck at GND due to stuck port data_in      ;
; motorBack_Ground:comb_3|tileMap[1100][0]                   ; Stuck at GND due to stuck port data_in      ;
; motorBack_Ground:comb_3|tileMap[1101][6]                   ; Stuck at GND due to stuck port data_in      ;
; motorBack_Ground:comb_3|tileMap[1101][4]                   ; Stuck at GND due to stuck port data_in      ;
; motorBack_Ground:comb_3|tileMap[1101][1]                   ; Stuck at GND due to stuck port data_in      ;
; motorBack_Ground:comb_3|tileMap[1101][0]                   ; Stuck at GND due to stuck port data_in      ;
; motorBack_Ground:comb_3|tileMap[1102][6]                   ; Stuck at GND due to stuck port data_in      ;
; motorBack_Ground:comb_3|tileMap[1102][4]                   ; Stuck at GND due to stuck port data_in      ;
; motorBack_Ground:comb_3|tileMap[1102][1]                   ; Stuck at GND due to stuck port data_in      ;
; motorBack_Ground:comb_3|tileMap[1102][0]                   ; Stuck at GND due to stuck port data_in      ;
; motorBack_Ground:comb_3|tileMap[1103][6]                   ; Stuck at GND due to stuck port data_in      ;
; motorBack_Ground:comb_3|tileMap[1103][4]                   ; Stuck at GND due to stuck port data_in      ;
; motorBack_Ground:comb_3|tileMap[1103][1]                   ; Stuck at GND due to stuck port data_in      ;
; motorBack_Ground:comb_3|tileMap[1103][0]                   ; Stuck at GND due to stuck port data_in      ;
; motorBack_Ground:comb_3|tileMap[1104][6]                   ; Stuck at GND due to stuck port data_in      ;
; motorBack_Ground:comb_3|tileMap[1104][4]                   ; Stuck at GND due to stuck port data_in      ;
; motorBack_Ground:comb_3|tileMap[1104][1]                   ; Stuck at GND due to stuck port data_in      ;
; motorBack_Ground:comb_3|tileMap[1104][0]                   ; Stuck at GND due to stuck port data_in      ;
; motorBack_Ground:comb_3|tileMap[1105][6]                   ; Stuck at GND due to stuck port data_in      ;
; motorBack_Ground:comb_3|tileMap[1105][4]                   ; Stuck at GND due to stuck port data_in      ;
; motorBack_Ground:comb_3|tileMap[1105][1]                   ; Stuck at GND due to stuck port data_in      ;
; motorBack_Ground:comb_3|tileMap[1105][0]                   ; Stuck at GND due to stuck port data_in      ;
; motorBack_Ground:comb_3|tileMap[1106][6]                   ; Stuck at GND due to stuck port data_in      ;
; motorBack_Ground:comb_3|tileMap[1106][4]                   ; Stuck at GND due to stuck port data_in      ;
; motorBack_Ground:comb_3|tileMap[1106][1]                   ; Stuck at GND due to stuck port data_in      ;
; motorBack_Ground:comb_3|tileMap[1106][0]                   ; Stuck at GND due to stuck port data_in      ;
; motorBack_Ground:comb_3|tileMap[1107][6]                   ; Stuck at GND due to stuck port data_in      ;
; motorBack_Ground:comb_3|tileMap[1107][4]                   ; Stuck at GND due to stuck port data_in      ;
; motorBack_Ground:comb_3|tileMap[1107][1]                   ; Stuck at GND due to stuck port data_in      ;
; motorBack_Ground:comb_3|tileMap[1107][0]                   ; Stuck at GND due to stuck port data_in      ;
; motorBack_Ground:comb_3|tileMap[1108][6]                   ; Stuck at GND due to stuck port data_in      ;
; motorBack_Ground:comb_3|tileMap[1108][4]                   ; Stuck at GND due to stuck port data_in      ;
; motorBack_Ground:comb_3|tileMap[1108][1]                   ; Stuck at GND due to stuck port data_in      ;
; motorBack_Ground:comb_3|tileMap[1108][0]                   ; Stuck at GND due to stuck port data_in      ;
; motorBack_Ground:comb_3|tileMap[1109][6]                   ; Stuck at GND due to stuck port data_in      ;
; motorBack_Ground:comb_3|tileMap[1109][4]                   ; Stuck at GND due to stuck port data_in      ;
; motorBack_Ground:comb_3|tileMap[1109][1]                   ; Stuck at GND due to stuck port data_in      ;
; motorBack_Ground:comb_3|tileMap[1109][0]                   ; Stuck at GND due to stuck port data_in      ;
; motorBack_Ground:comb_3|tileMap[1110][6]                   ; Stuck at GND due to stuck port data_in      ;
; motorBack_Ground:comb_3|tileMap[1110][4]                   ; Stuck at GND due to stuck port data_in      ;
; motorBack_Ground:comb_3|tileMap[1110][1]                   ; Stuck at GND due to stuck port data_in      ;
; motorBack_Ground:comb_3|tileMap[1110][0]                   ; Stuck at GND due to stuck port data_in      ;
; motorBack_Ground:comb_3|tileMap[1111][6]                   ; Stuck at GND due to stuck port data_in      ;
; motorBack_Ground:comb_3|tileMap[1111][4]                   ; Stuck at GND due to stuck port data_in      ;
; motorBack_Ground:comb_3|tileMap[1111][1]                   ; Stuck at GND due to stuck port data_in      ;
; motorBack_Ground:comb_3|tileMap[1111][0]                   ; Stuck at GND due to stuck port data_in      ;
; motorBack_Ground:comb_3|tileMap[1112][6]                   ; Stuck at GND due to stuck port data_in      ;
; motorBack_Ground:comb_3|tileMap[1112][4]                   ; Stuck at GND due to stuck port data_in      ;
; motorBack_Ground:comb_3|tileMap[1112][1]                   ; Stuck at GND due to stuck port data_in      ;
; motorBack_Ground:comb_3|tileMap[1112][0]                   ; Stuck at GND due to stuck port data_in      ;
; motorBack_Ground:comb_3|tileMap[1113][6]                   ; Stuck at GND due to stuck port data_in      ;
; motorBack_Ground:comb_3|tileMap[1113][4]                   ; Stuck at GND due to stuck port data_in      ;
; motorBack_Ground:comb_3|tileMap[1113][1]                   ; Stuck at GND due to stuck port data_in      ;
; motorBack_Ground:comb_3|tileMap[1113][0]                   ; Stuck at GND due to stuck port data_in      ;
; motorBack_Ground:comb_3|tileMap[1114][6]                   ; Stuck at GND due to stuck port data_in      ;
; motorBack_Ground:comb_3|tileMap[1114][4]                   ; Stuck at GND due to stuck port data_in      ;
; motorBack_Ground:comb_3|tileMap[1114][1]                   ; Stuck at GND due to stuck port data_in      ;
; motorBack_Ground:comb_3|tileMap[1114][0]                   ; Stuck at GND due to stuck port data_in      ;
; motorBack_Ground:comb_3|tileMap[1115][6]                   ; Stuck at GND due to stuck port data_in      ;
; motorBack_Ground:comb_3|tileMap[1115][4]                   ; Stuck at GND due to stuck port data_in      ;
; motorBack_Ground:comb_3|tileMap[1115][1]                   ; Stuck at GND due to stuck port data_in      ;
; motorBack_Ground:comb_3|tileMap[1115][0]                   ; Stuck at GND due to stuck port data_in      ;
; motorBack_Ground:comb_3|tileMap[1116][6]                   ; Stuck at GND due to stuck port data_in      ;
; motorBack_Ground:comb_3|tileMap[1116][4]                   ; Stuck at GND due to stuck port data_in      ;
; motorBack_Ground:comb_3|tileMap[1116][1]                   ; Stuck at GND due to stuck port data_in      ;
; motorBack_Ground:comb_3|tileMap[1116][0]                   ; Stuck at GND due to stuck port data_in      ;
; motorBack_Ground:comb_3|tileMap[1117][6]                   ; Stuck at GND due to stuck port data_in      ;
; motorBack_Ground:comb_3|tileMap[1117][4]                   ; Stuck at GND due to stuck port data_in      ;
; motorBack_Ground:comb_3|tileMap[1117][1]                   ; Stuck at GND due to stuck port data_in      ;
; motorBack_Ground:comb_3|tileMap[1117][0]                   ; Stuck at GND due to stuck port data_in      ;
; motorBack_Ground:comb_3|tileMap[1118][6]                   ; Stuck at GND due to stuck port data_in      ;
; motorBack_Ground:comb_3|tileMap[1118][4]                   ; Stuck at GND due to stuck port data_in      ;
; motorBack_Ground:comb_3|tileMap[1118][1]                   ; Stuck at GND due to stuck port data_in      ;
; motorBack_Ground:comb_3|tileMap[1118][0]                   ; Stuck at GND due to stuck port data_in      ;
; motorBack_Ground:comb_3|tileMap[1119][6]                   ; Stuck at GND due to stuck port data_in      ;
; motorBack_Ground:comb_3|tileMap[1119][4]                   ; Stuck at GND due to stuck port data_in      ;
; motorBack_Ground:comb_3|tileMap[1119][1]                   ; Stuck at GND due to stuck port data_in      ;
; motorBack_Ground:comb_3|tileMap[1119][0]                   ; Stuck at GND due to stuck port data_in      ;
; motorBack_Ground:comb_3|tileMap[1120][6]                   ; Stuck at GND due to stuck port data_in      ;
; motorBack_Ground:comb_3|tileMap[1120][4]                   ; Stuck at GND due to stuck port data_in      ;
; motorBack_Ground:comb_3|tileMap[1120][1]                   ; Stuck at GND due to stuck port data_in      ;
; motorBack_Ground:comb_3|tileMap[1120][0]                   ; Stuck at GND due to stuck port data_in      ;
; motorBack_Ground:comb_3|tileMap[1121][6]                   ; Stuck at GND due to stuck port data_in      ;
; motorBack_Ground:comb_3|tileMap[1121][4]                   ; Stuck at GND due to stuck port data_in      ;
; motorBack_Ground:comb_3|tileMap[1121][1]                   ; Stuck at GND due to stuck port data_in      ;
; motorBack_Ground:comb_3|tileMap[1121][0]                   ; Stuck at GND due to stuck port data_in      ;
; motorBack_Ground:comb_3|tileMap[1122][6]                   ; Stuck at GND due to stuck port data_in      ;
; motorBack_Ground:comb_3|tileMap[1122][4]                   ; Stuck at GND due to stuck port data_in      ;
; motorBack_Ground:comb_3|tileMap[1122][1]                   ; Stuck at GND due to stuck port data_in      ;
; motorBack_Ground:comb_3|tileMap[1122][0]                   ; Stuck at GND due to stuck port data_in      ;
; motorBack_Ground:comb_3|tileMap[1123][6]                   ; Stuck at GND due to stuck port data_in      ;
; motorBack_Ground:comb_3|tileMap[1123][4]                   ; Stuck at GND due to stuck port data_in      ;
; motorBack_Ground:comb_3|tileMap[1123][1]                   ; Stuck at GND due to stuck port data_in      ;
; motorBack_Ground:comb_3|tileMap[1123][0]                   ; Stuck at GND due to stuck port data_in      ;
; motorBack_Ground:comb_3|tileMap[1124][6]                   ; Stuck at GND due to stuck port data_in      ;
; motorBack_Ground:comb_3|tileMap[1124][4]                   ; Stuck at GND due to stuck port data_in      ;
; motorBack_Ground:comb_3|tileMap[1124][1]                   ; Stuck at GND due to stuck port data_in      ;
; motorBack_Ground:comb_3|tileMap[1124][0]                   ; Stuck at GND due to stuck port data_in      ;
; motorBack_Ground:comb_3|tileMap[1125][6]                   ; Stuck at GND due to stuck port data_in      ;
; motorBack_Ground:comb_3|tileMap[1125][4]                   ; Stuck at GND due to stuck port data_in      ;
; motorBack_Ground:comb_3|tileMap[1125][1]                   ; Stuck at GND due to stuck port data_in      ;
; motorBack_Ground:comb_3|tileMap[1125][0]                   ; Stuck at GND due to stuck port data_in      ;
; motorBack_Ground:comb_3|tileMap[1126][6]                   ; Stuck at GND due to stuck port data_in      ;
; motorBack_Ground:comb_3|tileMap[1126][4]                   ; Stuck at GND due to stuck port data_in      ;
; motorBack_Ground:comb_3|tileMap[1126][1]                   ; Stuck at GND due to stuck port data_in      ;
; motorBack_Ground:comb_3|tileMap[1126][0]                   ; Stuck at GND due to stuck port data_in      ;
; motorBack_Ground:comb_3|tileMap[1127][6]                   ; Stuck at GND due to stuck port data_in      ;
; motorBack_Ground:comb_3|tileMap[1127][4]                   ; Stuck at GND due to stuck port data_in      ;
; motorBack_Ground:comb_3|tileMap[1127][1]                   ; Stuck at GND due to stuck port data_in      ;
; motorBack_Ground:comb_3|tileMap[1127][0]                   ; Stuck at GND due to stuck port data_in      ;
; motorBack_Ground:comb_3|tileMap[1128][6]                   ; Stuck at GND due to stuck port data_in      ;
; motorBack_Ground:comb_3|tileMap[1128][4]                   ; Stuck at GND due to stuck port data_in      ;
; motorBack_Ground:comb_3|tileMap[1128][1]                   ; Stuck at GND due to stuck port data_in      ;
; motorBack_Ground:comb_3|tileMap[1128][0]                   ; Stuck at GND due to stuck port data_in      ;
; motorBack_Ground:comb_3|tileMap[1129][6]                   ; Stuck at GND due to stuck port data_in      ;
; motorBack_Ground:comb_3|tileMap[1129][4]                   ; Stuck at GND due to stuck port data_in      ;
; motorBack_Ground:comb_3|tileMap[1129][1]                   ; Stuck at GND due to stuck port data_in      ;
; motorBack_Ground:comb_3|tileMap[1129][0]                   ; Stuck at GND due to stuck port data_in      ;
; motorBack_Ground:comb_3|tileMap[1130][6]                   ; Stuck at GND due to stuck port data_in      ;
; motorBack_Ground:comb_3|tileMap[1130][4]                   ; Stuck at GND due to stuck port data_in      ;
; motorBack_Ground:comb_3|tileMap[1130][1]                   ; Stuck at GND due to stuck port data_in      ;
; motorBack_Ground:comb_3|tileMap[1130][0]                   ; Stuck at GND due to stuck port data_in      ;
; motorBack_Ground:comb_3|tileMap[1131][6]                   ; Stuck at GND due to stuck port data_in      ;
; motorBack_Ground:comb_3|tileMap[1131][4]                   ; Stuck at GND due to stuck port data_in      ;
; motorBack_Ground:comb_3|tileMap[1131][1]                   ; Stuck at GND due to stuck port data_in      ;
; motorBack_Ground:comb_3|tileMap[1131][0]                   ; Stuck at GND due to stuck port data_in      ;
; motorBack_Ground:comb_3|tileMap[1132][6]                   ; Stuck at GND due to stuck port data_in      ;
; motorBack_Ground:comb_3|tileMap[1132][4]                   ; Stuck at GND due to stuck port data_in      ;
; motorBack_Ground:comb_3|tileMap[1132][1]                   ; Stuck at GND due to stuck port data_in      ;
; motorBack_Ground:comb_3|tileMap[1132][0]                   ; Stuck at GND due to stuck port data_in      ;
; motorBack_Ground:comb_3|tileMap[1133][6]                   ; Stuck at GND due to stuck port data_in      ;
; motorBack_Ground:comb_3|tileMap[1133][4]                   ; Stuck at GND due to stuck port data_in      ;
; motorBack_Ground:comb_3|tileMap[1133][1]                   ; Stuck at GND due to stuck port data_in      ;
; motorBack_Ground:comb_3|tileMap[1133][0]                   ; Stuck at GND due to stuck port data_in      ;
; motorBack_Ground:comb_3|tileMap[1134][6]                   ; Stuck at GND due to stuck port data_in      ;
; motorBack_Ground:comb_3|tileMap[1134][4]                   ; Stuck at GND due to stuck port data_in      ;
; motorBack_Ground:comb_3|tileMap[1134][1]                   ; Stuck at GND due to stuck port data_in      ;
; motorBack_Ground:comb_3|tileMap[1134][0]                   ; Stuck at GND due to stuck port data_in      ;
; motorBack_Ground:comb_3|tileMap[1135][6]                   ; Stuck at GND due to stuck port data_in      ;
; motorBack_Ground:comb_3|tileMap[1135][4]                   ; Stuck at GND due to stuck port data_in      ;
; motorBack_Ground:comb_3|tileMap[1135][1]                   ; Stuck at GND due to stuck port data_in      ;
; motorBack_Ground:comb_3|tileMap[1135][0]                   ; Stuck at GND due to stuck port data_in      ;
; motorBack_Ground:comb_3|tileMap[1136][6]                   ; Stuck at GND due to stuck port data_in      ;
; motorBack_Ground:comb_3|tileMap[1136][4]                   ; Stuck at GND due to stuck port data_in      ;
; motorBack_Ground:comb_3|tileMap[1136][1]                   ; Stuck at GND due to stuck port data_in      ;
; motorBack_Ground:comb_3|tileMap[1136][0]                   ; Stuck at GND due to stuck port data_in      ;
; motorBack_Ground:comb_3|tileMap[1137][6]                   ; Stuck at GND due to stuck port data_in      ;
; motorBack_Ground:comb_3|tileMap[1137][4]                   ; Stuck at GND due to stuck port data_in      ;
; motorBack_Ground:comb_3|tileMap[1137][1]                   ; Stuck at GND due to stuck port data_in      ;
; motorBack_Ground:comb_3|tileMap[1137][0]                   ; Stuck at GND due to stuck port data_in      ;
; motorBack_Ground:comb_3|tileMap[1138][6]                   ; Stuck at GND due to stuck port data_in      ;
; motorBack_Ground:comb_3|tileMap[1138][4]                   ; Stuck at GND due to stuck port data_in      ;
; motorBack_Ground:comb_3|tileMap[1138][1]                   ; Stuck at GND due to stuck port data_in      ;
; motorBack_Ground:comb_3|tileMap[1138][0]                   ; Stuck at GND due to stuck port data_in      ;
; motorBack_Ground:comb_3|tileMap[1139][6]                   ; Stuck at GND due to stuck port data_in      ;
; motorBack_Ground:comb_3|tileMap[1139][4]                   ; Stuck at GND due to stuck port data_in      ;
; motorBack_Ground:comb_3|tileMap[1139][1]                   ; Stuck at GND due to stuck port data_in      ;
; motorBack_Ground:comb_3|tileMap[1139][0]                   ; Stuck at GND due to stuck port data_in      ;
; motorBack_Ground:comb_3|tileMap[1140][6]                   ; Stuck at GND due to stuck port data_in      ;
; motorBack_Ground:comb_3|tileMap[1140][4]                   ; Stuck at GND due to stuck port data_in      ;
; motorBack_Ground:comb_3|tileMap[1140][1]                   ; Stuck at GND due to stuck port data_in      ;
; motorBack_Ground:comb_3|tileMap[1140][0]                   ; Stuck at GND due to stuck port data_in      ;
; motorBack_Ground:comb_3|tileMap[1141][6]                   ; Stuck at GND due to stuck port data_in      ;
; motorBack_Ground:comb_3|tileMap[1141][4]                   ; Stuck at GND due to stuck port data_in      ;
; motorBack_Ground:comb_3|tileMap[1141][1]                   ; Stuck at GND due to stuck port data_in      ;
; motorBack_Ground:comb_3|tileMap[1141][0]                   ; Stuck at GND due to stuck port data_in      ;
; motorBack_Ground:comb_3|tileMap[1142][6]                   ; Stuck at GND due to stuck port data_in      ;
; motorBack_Ground:comb_3|tileMap[1142][4]                   ; Stuck at GND due to stuck port data_in      ;
; motorBack_Ground:comb_3|tileMap[1142][1]                   ; Stuck at GND due to stuck port data_in      ;
; motorBack_Ground:comb_3|tileMap[1142][0]                   ; Stuck at GND due to stuck port data_in      ;
; motorBack_Ground:comb_3|tileMap[1143][6]                   ; Stuck at GND due to stuck port data_in      ;
; motorBack_Ground:comb_3|tileMap[1143][4]                   ; Stuck at GND due to stuck port data_in      ;
; motorBack_Ground:comb_3|tileMap[1143][1]                   ; Stuck at GND due to stuck port data_in      ;
; motorBack_Ground:comb_3|tileMap[1143][0]                   ; Stuck at GND due to stuck port data_in      ;
; motorBack_Ground:comb_3|tileMap[1144][6]                   ; Stuck at GND due to stuck port data_in      ;
; motorBack_Ground:comb_3|tileMap[1144][4]                   ; Stuck at GND due to stuck port data_in      ;
; motorBack_Ground:comb_3|tileMap[1144][1]                   ; Stuck at GND due to stuck port data_in      ;
; motorBack_Ground:comb_3|tileMap[1144][0]                   ; Stuck at GND due to stuck port data_in      ;
; motorBack_Ground:comb_3|tileMap[1145][6]                   ; Stuck at GND due to stuck port data_in      ;
; motorBack_Ground:comb_3|tileMap[1145][4]                   ; Stuck at GND due to stuck port data_in      ;
; motorBack_Ground:comb_3|tileMap[1145][1]                   ; Stuck at GND due to stuck port data_in      ;
; motorBack_Ground:comb_3|tileMap[1145][0]                   ; Stuck at GND due to stuck port data_in      ;
; motorBack_Ground:comb_3|tileMap[1146][6]                   ; Stuck at GND due to stuck port data_in      ;
; motorBack_Ground:comb_3|tileMap[1146][4]                   ; Stuck at GND due to stuck port data_in      ;
; motorBack_Ground:comb_3|tileMap[1146][1]                   ; Stuck at GND due to stuck port data_in      ;
; motorBack_Ground:comb_3|tileMap[1146][0]                   ; Stuck at GND due to stuck port data_in      ;
; motorBack_Ground:comb_3|tileMap[1147][6]                   ; Stuck at GND due to stuck port data_in      ;
; motorBack_Ground:comb_3|tileMap[1147][4]                   ; Stuck at GND due to stuck port data_in      ;
; motorBack_Ground:comb_3|tileMap[1147][1]                   ; Stuck at GND due to stuck port data_in      ;
; motorBack_Ground:comb_3|tileMap[1147][0]                   ; Stuck at GND due to stuck port data_in      ;
; motorBack_Ground:comb_3|tileMap[1148][6]                   ; Stuck at GND due to stuck port data_in      ;
; motorBack_Ground:comb_3|tileMap[1148][4]                   ; Stuck at GND due to stuck port data_in      ;
; motorBack_Ground:comb_3|tileMap[1148][1]                   ; Stuck at GND due to stuck port data_in      ;
; motorBack_Ground:comb_3|tileMap[1148][0]                   ; Stuck at GND due to stuck port data_in      ;
; motorBack_Ground:comb_3|tileMap[1149][6]                   ; Stuck at GND due to stuck port data_in      ;
; motorBack_Ground:comb_3|tileMap[1149][4]                   ; Stuck at GND due to stuck port data_in      ;
; motorBack_Ground:comb_3|tileMap[1149][1]                   ; Stuck at GND due to stuck port data_in      ;
; motorBack_Ground:comb_3|tileMap[1149][0]                   ; Stuck at GND due to stuck port data_in      ;
; motorBack_Ground:comb_3|tileMap[1150][6]                   ; Stuck at GND due to stuck port data_in      ;
; motorBack_Ground:comb_3|tileMap[1150][4]                   ; Stuck at GND due to stuck port data_in      ;
; motorBack_Ground:comb_3|tileMap[1150][1]                   ; Stuck at GND due to stuck port data_in      ;
; motorBack_Ground:comb_3|tileMap[1150][0]                   ; Stuck at GND due to stuck port data_in      ;
; motorBack_Ground:comb_3|tileMap[1151][6]                   ; Stuck at GND due to stuck port data_in      ;
; motorBack_Ground:comb_3|tileMap[1151][4]                   ; Stuck at GND due to stuck port data_in      ;
; motorBack_Ground:comb_3|tileMap[1151][1]                   ; Stuck at GND due to stuck port data_in      ;
; motorBack_Ground:comb_3|tileMap[1151][0]                   ; Stuck at GND due to stuck port data_in      ;
; motorBack_Ground:comb_3|tileMap[1152][6]                   ; Stuck at GND due to stuck port data_in      ;
; motorBack_Ground:comb_3|tileMap[1152][4]                   ; Stuck at GND due to stuck port data_in      ;
; motorBack_Ground:comb_3|tileMap[1152][1]                   ; Stuck at GND due to stuck port data_in      ;
; motorBack_Ground:comb_3|tileMap[1152][0]                   ; Stuck at GND due to stuck port data_in      ;
; motorBack_Ground:comb_3|tileMap[1153][6]                   ; Stuck at GND due to stuck port data_in      ;
; motorBack_Ground:comb_3|tileMap[1153][4]                   ; Stuck at GND due to stuck port data_in      ;
; motorBack_Ground:comb_3|tileMap[1153][1]                   ; Stuck at GND due to stuck port data_in      ;
; motorBack_Ground:comb_3|tileMap[1153][0]                   ; Stuck at GND due to stuck port data_in      ;
; motorBack_Ground:comb_3|tileMap[1154][6]                   ; Stuck at GND due to stuck port data_in      ;
; motorBack_Ground:comb_3|tileMap[1154][4]                   ; Stuck at GND due to stuck port data_in      ;
; motorBack_Ground:comb_3|tileMap[1154][1]                   ; Stuck at GND due to stuck port data_in      ;
; motorBack_Ground:comb_3|tileMap[1154][0]                   ; Stuck at GND due to stuck port data_in      ;
; motorBack_Ground:comb_3|tileMap[1155][6]                   ; Stuck at GND due to stuck port data_in      ;
; motorBack_Ground:comb_3|tileMap[1155][4]                   ; Stuck at GND due to stuck port data_in      ;
; motorBack_Ground:comb_3|tileMap[1155][1]                   ; Stuck at GND due to stuck port data_in      ;
; motorBack_Ground:comb_3|tileMap[1155][0]                   ; Stuck at GND due to stuck port data_in      ;
; motorBack_Ground:comb_3|tileMap[1156][6]                   ; Stuck at GND due to stuck port data_in      ;
; motorBack_Ground:comb_3|tileMap[1156][4]                   ; Stuck at GND due to stuck port data_in      ;
; motorBack_Ground:comb_3|tileMap[1156][1]                   ; Stuck at GND due to stuck port data_in      ;
; motorBack_Ground:comb_3|tileMap[1156][0]                   ; Stuck at GND due to stuck port data_in      ;
; motorBack_Ground:comb_3|tileMap[1157][6]                   ; Stuck at GND due to stuck port data_in      ;
; motorBack_Ground:comb_3|tileMap[1157][4]                   ; Stuck at GND due to stuck port data_in      ;
; motorBack_Ground:comb_3|tileMap[1157][1]                   ; Stuck at GND due to stuck port data_in      ;
; motorBack_Ground:comb_3|tileMap[1157][0]                   ; Stuck at GND due to stuck port data_in      ;
; motorBack_Ground:comb_3|tileMap[1158][6]                   ; Stuck at GND due to stuck port data_in      ;
; motorBack_Ground:comb_3|tileMap[1158][4]                   ; Stuck at GND due to stuck port data_in      ;
; motorBack_Ground:comb_3|tileMap[1158][1]                   ; Stuck at GND due to stuck port data_in      ;
; motorBack_Ground:comb_3|tileMap[1158][0]                   ; Stuck at GND due to stuck port data_in      ;
; motorBack_Ground:comb_3|tileMap[1159][6]                   ; Stuck at GND due to stuck port data_in      ;
; motorBack_Ground:comb_3|tileMap[1159][4]                   ; Stuck at GND due to stuck port data_in      ;
; motorBack_Ground:comb_3|tileMap[1159][1]                   ; Stuck at GND due to stuck port data_in      ;
; motorBack_Ground:comb_3|tileMap[1159][0]                   ; Stuck at GND due to stuck port data_in      ;
; motorBack_Ground:comb_3|tileMap[1160][6]                   ; Stuck at GND due to stuck port data_in      ;
; motorBack_Ground:comb_3|tileMap[1160][4]                   ; Stuck at GND due to stuck port data_in      ;
; motorBack_Ground:comb_3|tileMap[1160][1]                   ; Stuck at GND due to stuck port data_in      ;
; motorBack_Ground:comb_3|tileMap[1160][0]                   ; Stuck at GND due to stuck port data_in      ;
; motorBack_Ground:comb_3|tileMap[1161][6]                   ; Stuck at GND due to stuck port data_in      ;
; motorBack_Ground:comb_3|tileMap[1161][4]                   ; Stuck at GND due to stuck port data_in      ;
; motorBack_Ground:comb_3|tileMap[1161][1]                   ; Stuck at GND due to stuck port data_in      ;
; motorBack_Ground:comb_3|tileMap[1161][0]                   ; Stuck at GND due to stuck port data_in      ;
; motorBack_Ground:comb_3|tileMap[1162][6]                   ; Stuck at GND due to stuck port data_in      ;
; motorBack_Ground:comb_3|tileMap[1162][4]                   ; Stuck at GND due to stuck port data_in      ;
; motorBack_Ground:comb_3|tileMap[1162][1]                   ; Stuck at GND due to stuck port data_in      ;
; motorBack_Ground:comb_3|tileMap[1162][0]                   ; Stuck at GND due to stuck port data_in      ;
; motorBack_Ground:comb_3|tileMap[1163][6]                   ; Stuck at GND due to stuck port data_in      ;
; motorBack_Ground:comb_3|tileMap[1163][4]                   ; Stuck at GND due to stuck port data_in      ;
; motorBack_Ground:comb_3|tileMap[1163][1]                   ; Stuck at GND due to stuck port data_in      ;
; motorBack_Ground:comb_3|tileMap[1163][0]                   ; Stuck at GND due to stuck port data_in      ;
; motorBack_Ground:comb_3|tileMap[1164][6]                   ; Stuck at GND due to stuck port data_in      ;
; motorBack_Ground:comb_3|tileMap[1164][4]                   ; Stuck at GND due to stuck port data_in      ;
; motorBack_Ground:comb_3|tileMap[1164][1]                   ; Stuck at GND due to stuck port data_in      ;
; motorBack_Ground:comb_3|tileMap[1164][0]                   ; Stuck at GND due to stuck port data_in      ;
; motorBack_Ground:comb_3|tileMap[1165][6]                   ; Stuck at GND due to stuck port data_in      ;
; motorBack_Ground:comb_3|tileMap[1165][4]                   ; Stuck at GND due to stuck port data_in      ;
; motorBack_Ground:comb_3|tileMap[1165][1]                   ; Stuck at GND due to stuck port data_in      ;
; motorBack_Ground:comb_3|tileMap[1165][0]                   ; Stuck at GND due to stuck port data_in      ;
; motorBack_Ground:comb_3|tileMap[1166][6]                   ; Stuck at GND due to stuck port data_in      ;
; motorBack_Ground:comb_3|tileMap[1166][4]                   ; Stuck at GND due to stuck port data_in      ;
; motorBack_Ground:comb_3|tileMap[1166][1]                   ; Stuck at GND due to stuck port data_in      ;
; motorBack_Ground:comb_3|tileMap[1166][0]                   ; Stuck at GND due to stuck port data_in      ;
; motorBack_Ground:comb_3|tileMap[1167][6]                   ; Stuck at GND due to stuck port data_in      ;
; motorBack_Ground:comb_3|tileMap[1167][4]                   ; Stuck at GND due to stuck port data_in      ;
; motorBack_Ground:comb_3|tileMap[1167][1]                   ; Stuck at GND due to stuck port data_in      ;
; motorBack_Ground:comb_3|tileMap[1167][0]                   ; Stuck at GND due to stuck port data_in      ;
; motorBack_Ground:comb_3|tileMap[1168][6]                   ; Stuck at GND due to stuck port data_in      ;
; motorBack_Ground:comb_3|tileMap[1168][4]                   ; Stuck at GND due to stuck port data_in      ;
; motorBack_Ground:comb_3|tileMap[1168][1]                   ; Stuck at GND due to stuck port data_in      ;
; motorBack_Ground:comb_3|tileMap[1168][0]                   ; Stuck at GND due to stuck port data_in      ;
; motorBack_Ground:comb_3|tileMap[1169][6]                   ; Stuck at GND due to stuck port data_in      ;
; motorBack_Ground:comb_3|tileMap[1169][4]                   ; Stuck at GND due to stuck port data_in      ;
; motorBack_Ground:comb_3|tileMap[1169][1]                   ; Stuck at GND due to stuck port data_in      ;
; motorBack_Ground:comb_3|tileMap[1169][0]                   ; Stuck at GND due to stuck port data_in      ;
; motorBack_Ground:comb_3|tileMap[1170][6]                   ; Stuck at GND due to stuck port data_in      ;
; motorBack_Ground:comb_3|tileMap[1170][4]                   ; Stuck at GND due to stuck port data_in      ;
; motorBack_Ground:comb_3|tileMap[1170][1]                   ; Stuck at GND due to stuck port data_in      ;
; motorBack_Ground:comb_3|tileMap[1170][0]                   ; Stuck at GND due to stuck port data_in      ;
; motorBack_Ground:comb_3|tileMap[1171][6]                   ; Stuck at GND due to stuck port data_in      ;
; motorBack_Ground:comb_3|tileMap[1171][4]                   ; Stuck at GND due to stuck port data_in      ;
; motorBack_Ground:comb_3|tileMap[1171][1]                   ; Stuck at GND due to stuck port data_in      ;
; motorBack_Ground:comb_3|tileMap[1171][0]                   ; Stuck at GND due to stuck port data_in      ;
; motorBack_Ground:comb_3|tileMap[1172][6]                   ; Stuck at GND due to stuck port data_in      ;
; motorBack_Ground:comb_3|tileMap[1172][4]                   ; Stuck at GND due to stuck port data_in      ;
; motorBack_Ground:comb_3|tileMap[1172][1]                   ; Stuck at GND due to stuck port data_in      ;
; motorBack_Ground:comb_3|tileMap[1172][0]                   ; Stuck at GND due to stuck port data_in      ;
; motorBack_Ground:comb_3|tileMap[1173][6]                   ; Stuck at GND due to stuck port data_in      ;
; motorBack_Ground:comb_3|tileMap[1173][4]                   ; Stuck at GND due to stuck port data_in      ;
; motorBack_Ground:comb_3|tileMap[1173][1]                   ; Stuck at GND due to stuck port data_in      ;
; motorBack_Ground:comb_3|tileMap[1173][0]                   ; Stuck at GND due to stuck port data_in      ;
; motorBack_Ground:comb_3|tileMap[1174][6]                   ; Stuck at GND due to stuck port data_in      ;
; motorBack_Ground:comb_3|tileMap[1174][4]                   ; Stuck at GND due to stuck port data_in      ;
; motorBack_Ground:comb_3|tileMap[1174][1]                   ; Stuck at GND due to stuck port data_in      ;
; motorBack_Ground:comb_3|tileMap[1174][0]                   ; Stuck at GND due to stuck port data_in      ;
; motorBack_Ground:comb_3|tileMap[1175][6]                   ; Stuck at GND due to stuck port data_in      ;
; motorBack_Ground:comb_3|tileMap[1175][4]                   ; Stuck at GND due to stuck port data_in      ;
; motorBack_Ground:comb_3|tileMap[1175][1]                   ; Stuck at GND due to stuck port data_in      ;
; motorBack_Ground:comb_3|tileMap[1175][0]                   ; Stuck at GND due to stuck port data_in      ;
; motorBack_Ground:comb_3|tileMap[1176][6]                   ; Stuck at GND due to stuck port data_in      ;
; motorBack_Ground:comb_3|tileMap[1176][4]                   ; Stuck at GND due to stuck port data_in      ;
; motorBack_Ground:comb_3|tileMap[1176][1]                   ; Stuck at GND due to stuck port data_in      ;
; motorBack_Ground:comb_3|tileMap[1176][0]                   ; Stuck at GND due to stuck port data_in      ;
; motorBack_Ground:comb_3|tileMap[1177][6]                   ; Stuck at GND due to stuck port data_in      ;
; motorBack_Ground:comb_3|tileMap[1177][4]                   ; Stuck at GND due to stuck port data_in      ;
; motorBack_Ground:comb_3|tileMap[1177][1]                   ; Stuck at GND due to stuck port data_in      ;
; motorBack_Ground:comb_3|tileMap[1177][0]                   ; Stuck at GND due to stuck port data_in      ;
; motorBack_Ground:comb_3|tileMap[1178][6]                   ; Stuck at GND due to stuck port data_in      ;
; motorBack_Ground:comb_3|tileMap[1178][4]                   ; Stuck at GND due to stuck port data_in      ;
; motorBack_Ground:comb_3|tileMap[1178][1]                   ; Stuck at GND due to stuck port data_in      ;
; motorBack_Ground:comb_3|tileMap[1178][0]                   ; Stuck at GND due to stuck port data_in      ;
; motorBack_Ground:comb_3|tileMap[1179][6]                   ; Stuck at GND due to stuck port data_in      ;
; motorBack_Ground:comb_3|tileMap[1179][4]                   ; Stuck at GND due to stuck port data_in      ;
; motorBack_Ground:comb_3|tileMap[1179][1]                   ; Stuck at GND due to stuck port data_in      ;
; motorBack_Ground:comb_3|tileMap[1179][0]                   ; Stuck at GND due to stuck port data_in      ;
; motorBack_Ground:comb_3|tileMap[1180][6]                   ; Stuck at GND due to stuck port data_in      ;
; motorBack_Ground:comb_3|tileMap[1180][4]                   ; Stuck at GND due to stuck port data_in      ;
; motorBack_Ground:comb_3|tileMap[1180][1]                   ; Stuck at GND due to stuck port data_in      ;
; motorBack_Ground:comb_3|tileMap[1180][0]                   ; Stuck at GND due to stuck port data_in      ;
; motorBack_Ground:comb_3|tileMap[1181][6]                   ; Stuck at GND due to stuck port data_in      ;
; motorBack_Ground:comb_3|tileMap[1181][4]                   ; Stuck at GND due to stuck port data_in      ;
; motorBack_Ground:comb_3|tileMap[1181][1]                   ; Stuck at GND due to stuck port data_in      ;
; motorBack_Ground:comb_3|tileMap[1181][0]                   ; Stuck at GND due to stuck port data_in      ;
; motorBack_Ground:comb_3|tileMap[1182][6]                   ; Stuck at GND due to stuck port data_in      ;
; motorBack_Ground:comb_3|tileMap[1182][4]                   ; Stuck at GND due to stuck port data_in      ;
; motorBack_Ground:comb_3|tileMap[1182][1]                   ; Stuck at GND due to stuck port data_in      ;
; motorBack_Ground:comb_3|tileMap[1182][0]                   ; Stuck at GND due to stuck port data_in      ;
; motorBack_Ground:comb_3|tileMap[1183][6]                   ; Stuck at GND due to stuck port data_in      ;
; motorBack_Ground:comb_3|tileMap[1183][4]                   ; Stuck at GND due to stuck port data_in      ;
; motorBack_Ground:comb_3|tileMap[1183][1]                   ; Stuck at GND due to stuck port data_in      ;
; motorBack_Ground:comb_3|tileMap[1183][0]                   ; Stuck at GND due to stuck port data_in      ;
; motorBack_Ground:comb_3|tileMap[1184][6]                   ; Stuck at GND due to stuck port data_in      ;
; motorBack_Ground:comb_3|tileMap[1184][4]                   ; Stuck at GND due to stuck port data_in      ;
; motorBack_Ground:comb_3|tileMap[1184][1]                   ; Stuck at GND due to stuck port data_in      ;
; motorBack_Ground:comb_3|tileMap[1184][0]                   ; Stuck at GND due to stuck port data_in      ;
; motorBack_Ground:comb_3|tileMap[1185][6]                   ; Stuck at GND due to stuck port data_in      ;
; motorBack_Ground:comb_3|tileMap[1185][4]                   ; Stuck at GND due to stuck port data_in      ;
; motorBack_Ground:comb_3|tileMap[1185][1]                   ; Stuck at GND due to stuck port data_in      ;
; motorBack_Ground:comb_3|tileMap[1185][0]                   ; Stuck at GND due to stuck port data_in      ;
; motorBack_Ground:comb_3|tileMap[1186][6]                   ; Stuck at GND due to stuck port data_in      ;
; motorBack_Ground:comb_3|tileMap[1186][4]                   ; Stuck at GND due to stuck port data_in      ;
; motorBack_Ground:comb_3|tileMap[1186][1]                   ; Stuck at GND due to stuck port data_in      ;
; motorBack_Ground:comb_3|tileMap[1186][0]                   ; Stuck at GND due to stuck port data_in      ;
; motorBack_Ground:comb_3|tileMap[1187][6]                   ; Stuck at GND due to stuck port data_in      ;
; motorBack_Ground:comb_3|tileMap[1187][4]                   ; Stuck at GND due to stuck port data_in      ;
; motorBack_Ground:comb_3|tileMap[1187][1]                   ; Stuck at GND due to stuck port data_in      ;
; motorBack_Ground:comb_3|tileMap[1187][0]                   ; Stuck at GND due to stuck port data_in      ;
; motorBack_Ground:comb_3|tileMap[1188][6]                   ; Stuck at GND due to stuck port data_in      ;
; motorBack_Ground:comb_3|tileMap[1188][4]                   ; Stuck at GND due to stuck port data_in      ;
; motorBack_Ground:comb_3|tileMap[1188][1]                   ; Stuck at GND due to stuck port data_in      ;
; motorBack_Ground:comb_3|tileMap[1188][0]                   ; Stuck at GND due to stuck port data_in      ;
; motorBack_Ground:comb_3|tileMap[1189][6]                   ; Stuck at GND due to stuck port data_in      ;
; motorBack_Ground:comb_3|tileMap[1189][4]                   ; Stuck at GND due to stuck port data_in      ;
; motorBack_Ground:comb_3|tileMap[1189][1]                   ; Stuck at GND due to stuck port data_in      ;
; motorBack_Ground:comb_3|tileMap[1189][0]                   ; Stuck at GND due to stuck port data_in      ;
; motorBack_Ground:comb_3|tileMap[1190][6]                   ; Stuck at GND due to stuck port data_in      ;
; motorBack_Ground:comb_3|tileMap[1190][4]                   ; Stuck at GND due to stuck port data_in      ;
; motorBack_Ground:comb_3|tileMap[1190][1]                   ; Stuck at GND due to stuck port data_in      ;
; motorBack_Ground:comb_3|tileMap[1190][0]                   ; Stuck at GND due to stuck port data_in      ;
; motorBack_Ground:comb_3|tileMap[1191][6]                   ; Stuck at GND due to stuck port data_in      ;
; motorBack_Ground:comb_3|tileMap[1191][4]                   ; Stuck at GND due to stuck port data_in      ;
; motorBack_Ground:comb_3|tileMap[1191][1]                   ; Stuck at GND due to stuck port data_in      ;
; motorBack_Ground:comb_3|tileMap[1191][0]                   ; Stuck at GND due to stuck port data_in      ;
; motorBack_Ground:comb_3|tileMap[1192][6]                   ; Stuck at GND due to stuck port data_in      ;
; motorBack_Ground:comb_3|tileMap[1192][4]                   ; Stuck at GND due to stuck port data_in      ;
; motorBack_Ground:comb_3|tileMap[1192][1]                   ; Stuck at GND due to stuck port data_in      ;
; motorBack_Ground:comb_3|tileMap[1192][0]                   ; Stuck at GND due to stuck port data_in      ;
; motorBack_Ground:comb_3|tileMap[1193][6]                   ; Stuck at GND due to stuck port data_in      ;
; motorBack_Ground:comb_3|tileMap[1193][4]                   ; Stuck at GND due to stuck port data_in      ;
; motorBack_Ground:comb_3|tileMap[1193][1]                   ; Stuck at GND due to stuck port data_in      ;
; motorBack_Ground:comb_3|tileMap[1193][0]                   ; Stuck at GND due to stuck port data_in      ;
; motorBack_Ground:comb_3|tileMap[1194][6]                   ; Stuck at GND due to stuck port data_in      ;
; motorBack_Ground:comb_3|tileMap[1194][4]                   ; Stuck at GND due to stuck port data_in      ;
; motorBack_Ground:comb_3|tileMap[1194][1]                   ; Stuck at GND due to stuck port data_in      ;
; motorBack_Ground:comb_3|tileMap[1194][0]                   ; Stuck at GND due to stuck port data_in      ;
; motorBack_Ground:comb_3|tileMap[1195][6]                   ; Stuck at GND due to stuck port data_in      ;
; motorBack_Ground:comb_3|tileMap[1195][4]                   ; Stuck at GND due to stuck port data_in      ;
; motorBack_Ground:comb_3|tileMap[1195][1]                   ; Stuck at GND due to stuck port data_in      ;
; motorBack_Ground:comb_3|tileMap[1195][0]                   ; Stuck at GND due to stuck port data_in      ;
; motorBack_Ground:comb_3|tileMap[1196][6]                   ; Stuck at GND due to stuck port data_in      ;
; motorBack_Ground:comb_3|tileMap[1196][4]                   ; Stuck at GND due to stuck port data_in      ;
; motorBack_Ground:comb_3|tileMap[1196][1]                   ; Stuck at GND due to stuck port data_in      ;
; motorBack_Ground:comb_3|tileMap[1196][0]                   ; Stuck at GND due to stuck port data_in      ;
; motorBack_Ground:comb_3|tileMap[1197][6]                   ; Stuck at GND due to stuck port data_in      ;
; motorBack_Ground:comb_3|tileMap[1197][4]                   ; Stuck at GND due to stuck port data_in      ;
; motorBack_Ground:comb_3|tileMap[1197][1]                   ; Stuck at GND due to stuck port data_in      ;
; motorBack_Ground:comb_3|tileMap[1197][0]                   ; Stuck at GND due to stuck port data_in      ;
; motorBack_Ground:comb_3|tileMap[1198][6]                   ; Stuck at GND due to stuck port data_in      ;
; motorBack_Ground:comb_3|tileMap[1198][4]                   ; Stuck at GND due to stuck port data_in      ;
; motorBack_Ground:comb_3|tileMap[1198][1]                   ; Stuck at GND due to stuck port data_in      ;
; motorBack_Ground:comb_3|tileMap[1198][0]                   ; Stuck at GND due to stuck port data_in      ;
; motorBack_Ground:comb_3|tileMap[1199][6]                   ; Stuck at GND due to stuck port data_in      ;
; motorBack_Ground:comb_3|tileMap[1199][4]                   ; Stuck at GND due to stuck port data_in      ;
; motorBack_Ground:comb_3|tileMap[1199][1]                   ; Stuck at GND due to stuck port data_in      ;
; motorBack_Ground:comb_3|tileMap[512][7]                    ; Stuck at GND due to stuck port clock_enable ;
; motorBack_Ground:comb_3|tileMap[512][5]                    ; Stuck at GND due to stuck port clock_enable ;
; motorBack_Ground:comb_3|tileMap[512][3]                    ; Stuck at GND due to stuck port clock_enable ;
; motorBack_Ground:comb_3|tileMap[512][2]                    ; Stuck at GND due to stuck port clock_enable ;
; motorBack_Ground:comb_3|tileMap[513][7]                    ; Stuck at GND due to stuck port clock_enable ;
; motorBack_Ground:comb_3|tileMap[513][5]                    ; Stuck at GND due to stuck port clock_enable ;
; motorBack_Ground:comb_3|tileMap[513][3]                    ; Stuck at GND due to stuck port clock_enable ;
; motorBack_Ground:comb_3|tileMap[513][2]                    ; Stuck at GND due to stuck port clock_enable ;
; motorBack_Ground:comb_3|tileMap[514][7]                    ; Stuck at GND due to stuck port clock_enable ;
; motorBack_Ground:comb_3|tileMap[514][5]                    ; Stuck at GND due to stuck port clock_enable ;
; motorBack_Ground:comb_3|tileMap[514][3]                    ; Stuck at GND due to stuck port clock_enable ;
; motorBack_Ground:comb_3|tileMap[514][2]                    ; Stuck at GND due to stuck port clock_enable ;
; motorBack_Ground:comb_3|tileMap[515][7]                    ; Stuck at GND due to stuck port clock_enable ;
; motorBack_Ground:comb_3|tileMap[515][5]                    ; Stuck at GND due to stuck port clock_enable ;
; motorBack_Ground:comb_3|tileMap[515][3]                    ; Stuck at GND due to stuck port clock_enable ;
; motorBack_Ground:comb_3|tileMap[515][2]                    ; Stuck at GND due to stuck port clock_enable ;
; motorBack_Ground:comb_3|tileMap[516][7]                    ; Stuck at GND due to stuck port clock_enable ;
; motorBack_Ground:comb_3|tileMap[516][5]                    ; Stuck at GND due to stuck port clock_enable ;
; motorBack_Ground:comb_3|tileMap[516][3]                    ; Stuck at GND due to stuck port clock_enable ;
; motorBack_Ground:comb_3|tileMap[516][2]                    ; Stuck at GND due to stuck port clock_enable ;
; motorBack_Ground:comb_3|tileMap[517][7]                    ; Stuck at GND due to stuck port clock_enable ;
; motorBack_Ground:comb_3|tileMap[517][5]                    ; Stuck at GND due to stuck port clock_enable ;
; motorBack_Ground:comb_3|tileMap[517][3]                    ; Stuck at GND due to stuck port clock_enable ;
; motorBack_Ground:comb_3|tileMap[517][2]                    ; Stuck at GND due to stuck port clock_enable ;
; motorBack_Ground:comb_3|tileMap[518][7]                    ; Stuck at GND due to stuck port clock_enable ;
; motorBack_Ground:comb_3|tileMap[518][5]                    ; Stuck at GND due to stuck port clock_enable ;
; motorBack_Ground:comb_3|tileMap[518][3]                    ; Stuck at GND due to stuck port clock_enable ;
; motorBack_Ground:comb_3|tileMap[518][2]                    ; Stuck at GND due to stuck port clock_enable ;
; motorBack_Ground:comb_3|tileMap[519][7]                    ; Stuck at GND due to stuck port clock_enable ;
; motorBack_Ground:comb_3|tileMap[519][5]                    ; Stuck at GND due to stuck port clock_enable ;
; motorBack_Ground:comb_3|tileMap[519][3]                    ; Stuck at GND due to stuck port clock_enable ;
; motorBack_Ground:comb_3|tileMap[519][2]                    ; Stuck at GND due to stuck port clock_enable ;
; motorBack_Ground:comb_3|tileMap[520][7]                    ; Stuck at GND due to stuck port clock_enable ;
; motorBack_Ground:comb_3|tileMap[520][5]                    ; Stuck at GND due to stuck port clock_enable ;
; motorBack_Ground:comb_3|tileMap[520][3]                    ; Stuck at GND due to stuck port clock_enable ;
; motorBack_Ground:comb_3|tileMap[520][2]                    ; Stuck at GND due to stuck port clock_enable ;
; motorBack_Ground:comb_3|tileMap[521][7]                    ; Stuck at GND due to stuck port clock_enable ;
; motorBack_Ground:comb_3|tileMap[521][5]                    ; Stuck at GND due to stuck port clock_enable ;
; motorBack_Ground:comb_3|tileMap[521][3]                    ; Stuck at GND due to stuck port clock_enable ;
; motorBack_Ground:comb_3|tileMap[521][2]                    ; Stuck at GND due to stuck port clock_enable ;
; motorBack_Ground:comb_3|tileMap[522][7]                    ; Stuck at GND due to stuck port clock_enable ;
; motorBack_Ground:comb_3|tileMap[522][5]                    ; Stuck at GND due to stuck port clock_enable ;
; motorBack_Ground:comb_3|tileMap[522][3]                    ; Stuck at GND due to stuck port clock_enable ;
; motorBack_Ground:comb_3|tileMap[522][2]                    ; Stuck at GND due to stuck port clock_enable ;
; motorBack_Ground:comb_3|tileMap[523][7]                    ; Stuck at GND due to stuck port clock_enable ;
; motorBack_Ground:comb_3|tileMap[523][5]                    ; Stuck at GND due to stuck port clock_enable ;
; motorBack_Ground:comb_3|tileMap[523][3]                    ; Stuck at GND due to stuck port clock_enable ;
; motorBack_Ground:comb_3|tileMap[523][2]                    ; Stuck at GND due to stuck port clock_enable ;
; motorBack_Ground:comb_3|tileMap[524][7]                    ; Stuck at GND due to stuck port clock_enable ;
; motorBack_Ground:comb_3|tileMap[524][5]                    ; Stuck at GND due to stuck port clock_enable ;
; motorBack_Ground:comb_3|tileMap[524][3]                    ; Stuck at GND due to stuck port clock_enable ;
; motorBack_Ground:comb_3|tileMap[524][2]                    ; Stuck at GND due to stuck port clock_enable ;
; motorBack_Ground:comb_3|tileMap[525][7]                    ; Stuck at GND due to stuck port clock_enable ;
; motorBack_Ground:comb_3|tileMap[525][5]                    ; Stuck at GND due to stuck port clock_enable ;
; motorBack_Ground:comb_3|tileMap[525][3]                    ; Stuck at GND due to stuck port clock_enable ;
; motorBack_Ground:comb_3|tileMap[525][2]                    ; Stuck at GND due to stuck port clock_enable ;
; motorBack_Ground:comb_3|tileMap[526][7]                    ; Stuck at GND due to stuck port clock_enable ;
; motorBack_Ground:comb_3|tileMap[526][5]                    ; Stuck at GND due to stuck port clock_enable ;
; motorBack_Ground:comb_3|tileMap[526][3]                    ; Stuck at GND due to stuck port clock_enable ;
; motorBack_Ground:comb_3|tileMap[526][2]                    ; Stuck at GND due to stuck port clock_enable ;
; motorBack_Ground:comb_3|tileMap[527][7]                    ; Stuck at GND due to stuck port clock_enable ;
; motorBack_Ground:comb_3|tileMap[527][5]                    ; Stuck at GND due to stuck port clock_enable ;
; motorBack_Ground:comb_3|tileMap[527][3]                    ; Stuck at GND due to stuck port clock_enable ;
; motorBack_Ground:comb_3|tileMap[527][2]                    ; Stuck at GND due to stuck port clock_enable ;
; motorBack_Ground:comb_3|tileMap[528][7]                    ; Stuck at GND due to stuck port clock_enable ;
; motorBack_Ground:comb_3|tileMap[528][5]                    ; Stuck at GND due to stuck port clock_enable ;
; motorBack_Ground:comb_3|tileMap[528][3]                    ; Stuck at GND due to stuck port clock_enable ;
; motorBack_Ground:comb_3|tileMap[528][2]                    ; Stuck at GND due to stuck port clock_enable ;
; motorBack_Ground:comb_3|tileMap[529][7]                    ; Stuck at GND due to stuck port clock_enable ;
; motorBack_Ground:comb_3|tileMap[529][5]                    ; Stuck at GND due to stuck port clock_enable ;
; motorBack_Ground:comb_3|tileMap[529][3]                    ; Stuck at GND due to stuck port clock_enable ;
; motorBack_Ground:comb_3|tileMap[529][2]                    ; Stuck at GND due to stuck port clock_enable ;
; motorBack_Ground:comb_3|tileMap[530][7]                    ; Stuck at GND due to stuck port clock_enable ;
; motorBack_Ground:comb_3|tileMap[530][5]                    ; Stuck at GND due to stuck port clock_enable ;
; motorBack_Ground:comb_3|tileMap[530][3]                    ; Stuck at GND due to stuck port clock_enable ;
; motorBack_Ground:comb_3|tileMap[530][2]                    ; Stuck at GND due to stuck port clock_enable ;
; motorBack_Ground:comb_3|tileMap[531][7]                    ; Stuck at GND due to stuck port clock_enable ;
; motorBack_Ground:comb_3|tileMap[531][5]                    ; Stuck at GND due to stuck port clock_enable ;
; motorBack_Ground:comb_3|tileMap[531][3]                    ; Stuck at GND due to stuck port clock_enable ;
; motorBack_Ground:comb_3|tileMap[531][2]                    ; Stuck at GND due to stuck port clock_enable ;
; motorBack_Ground:comb_3|tileMap[532][7]                    ; Stuck at GND due to stuck port clock_enable ;
; motorBack_Ground:comb_3|tileMap[532][5]                    ; Stuck at GND due to stuck port clock_enable ;
; motorBack_Ground:comb_3|tileMap[532][3]                    ; Stuck at GND due to stuck port clock_enable ;
; motorBack_Ground:comb_3|tileMap[532][2]                    ; Stuck at GND due to stuck port clock_enable ;
; motorBack_Ground:comb_3|tileMap[533][7]                    ; Stuck at GND due to stuck port clock_enable ;
; motorBack_Ground:comb_3|tileMap[533][5]                    ; Stuck at GND due to stuck port clock_enable ;
; motorBack_Ground:comb_3|tileMap[533][3]                    ; Stuck at GND due to stuck port clock_enable ;
; motorBack_Ground:comb_3|tileMap[533][2]                    ; Stuck at GND due to stuck port clock_enable ;
; motorBack_Ground:comb_3|tileMap[534][7]                    ; Stuck at GND due to stuck port clock_enable ;
; motorBack_Ground:comb_3|tileMap[534][5]                    ; Stuck at GND due to stuck port clock_enable ;
; motorBack_Ground:comb_3|tileMap[534][3]                    ; Stuck at GND due to stuck port clock_enable ;
; motorBack_Ground:comb_3|tileMap[534][2]                    ; Stuck at GND due to stuck port clock_enable ;
; motorBack_Ground:comb_3|tileMap[535][7]                    ; Stuck at GND due to stuck port clock_enable ;
; motorBack_Ground:comb_3|tileMap[535][5]                    ; Stuck at GND due to stuck port clock_enable ;
; motorBack_Ground:comb_3|tileMap[535][3]                    ; Stuck at GND due to stuck port clock_enable ;
; motorBack_Ground:comb_3|tileMap[535][2]                    ; Stuck at GND due to stuck port clock_enable ;
; motorBack_Ground:comb_3|tileMap[536][7]                    ; Stuck at GND due to stuck port clock_enable ;
; motorBack_Ground:comb_3|tileMap[536][5]                    ; Stuck at GND due to stuck port clock_enable ;
; motorBack_Ground:comb_3|tileMap[536][3]                    ; Stuck at GND due to stuck port clock_enable ;
; motorBack_Ground:comb_3|tileMap[536][2]                    ; Stuck at GND due to stuck port clock_enable ;
; motorBack_Ground:comb_3|tileMap[537][7]                    ; Stuck at GND due to stuck port clock_enable ;
; motorBack_Ground:comb_3|tileMap[537][5]                    ; Stuck at GND due to stuck port clock_enable ;
; motorBack_Ground:comb_3|tileMap[537][3]                    ; Stuck at GND due to stuck port clock_enable ;
; motorBack_Ground:comb_3|tileMap[537][2]                    ; Stuck at GND due to stuck port clock_enable ;
; motorBack_Ground:comb_3|tileMap[538][7]                    ; Stuck at GND due to stuck port clock_enable ;
; motorBack_Ground:comb_3|tileMap[538][5]                    ; Stuck at GND due to stuck port clock_enable ;
; motorBack_Ground:comb_3|tileMap[538][3]                    ; Stuck at GND due to stuck port clock_enable ;
; motorBack_Ground:comb_3|tileMap[538][2]                    ; Stuck at GND due to stuck port clock_enable ;
; motorBack_Ground:comb_3|tileMap[539][7]                    ; Stuck at GND due to stuck port clock_enable ;
; motorBack_Ground:comb_3|tileMap[539][5]                    ; Stuck at GND due to stuck port clock_enable ;
; motorBack_Ground:comb_3|tileMap[539][3]                    ; Stuck at GND due to stuck port clock_enable ;
; motorBack_Ground:comb_3|tileMap[539][2]                    ; Stuck at GND due to stuck port clock_enable ;
; motorBack_Ground:comb_3|tileMap[540][7]                    ; Stuck at GND due to stuck port clock_enable ;
; motorBack_Ground:comb_3|tileMap[540][5]                    ; Stuck at GND due to stuck port clock_enable ;
; motorBack_Ground:comb_3|tileMap[540][3]                    ; Stuck at GND due to stuck port clock_enable ;
; motorBack_Ground:comb_3|tileMap[540][2]                    ; Stuck at GND due to stuck port clock_enable ;
; motorBack_Ground:comb_3|tileMap[541][7]                    ; Stuck at GND due to stuck port clock_enable ;
; motorBack_Ground:comb_3|tileMap[541][5]                    ; Stuck at GND due to stuck port clock_enable ;
; motorBack_Ground:comb_3|tileMap[541][3]                    ; Stuck at GND due to stuck port clock_enable ;
; motorBack_Ground:comb_3|tileMap[541][2]                    ; Stuck at GND due to stuck port clock_enable ;
; motorBack_Ground:comb_3|tileMap[542][7]                    ; Stuck at GND due to stuck port clock_enable ;
; motorBack_Ground:comb_3|tileMap[542][5]                    ; Stuck at GND due to stuck port clock_enable ;
; motorBack_Ground:comb_3|tileMap[542][3]                    ; Stuck at GND due to stuck port clock_enable ;
; motorBack_Ground:comb_3|tileMap[542][2]                    ; Stuck at GND due to stuck port clock_enable ;
; motorBack_Ground:comb_3|tileMap[543][7]                    ; Stuck at GND due to stuck port clock_enable ;
; motorBack_Ground:comb_3|tileMap[543][5]                    ; Stuck at GND due to stuck port clock_enable ;
; motorBack_Ground:comb_3|tileMap[543][3]                    ; Stuck at GND due to stuck port clock_enable ;
; motorBack_Ground:comb_3|tileMap[543][2]                    ; Stuck at GND due to stuck port clock_enable ;
; motorBack_Ground:comb_3|tileMap[544][7]                    ; Stuck at GND due to stuck port clock_enable ;
; motorBack_Ground:comb_3|tileMap[544][5]                    ; Stuck at GND due to stuck port clock_enable ;
; motorBack_Ground:comb_3|tileMap[544][3]                    ; Stuck at GND due to stuck port clock_enable ;
; motorBack_Ground:comb_3|tileMap[544][2]                    ; Stuck at GND due to stuck port clock_enable ;
; motorBack_Ground:comb_3|tileMap[545][7]                    ; Stuck at GND due to stuck port clock_enable ;
; motorBack_Ground:comb_3|tileMap[545][5]                    ; Stuck at GND due to stuck port clock_enable ;
; motorBack_Ground:comb_3|tileMap[545][3]                    ; Stuck at GND due to stuck port clock_enable ;
; motorBack_Ground:comb_3|tileMap[545][2]                    ; Stuck at GND due to stuck port clock_enable ;
; motorBack_Ground:comb_3|tileMap[546][7]                    ; Stuck at GND due to stuck port clock_enable ;
; motorBack_Ground:comb_3|tileMap[546][5]                    ; Stuck at GND due to stuck port clock_enable ;
; motorBack_Ground:comb_3|tileMap[546][3]                    ; Stuck at GND due to stuck port clock_enable ;
; motorBack_Ground:comb_3|tileMap[546][2]                    ; Stuck at GND due to stuck port clock_enable ;
; motorBack_Ground:comb_3|tileMap[547][7]                    ; Stuck at GND due to stuck port clock_enable ;
; motorBack_Ground:comb_3|tileMap[547][5]                    ; Stuck at GND due to stuck port clock_enable ;
; motorBack_Ground:comb_3|tileMap[547][3]                    ; Stuck at GND due to stuck port clock_enable ;
; motorBack_Ground:comb_3|tileMap[547][2]                    ; Stuck at GND due to stuck port clock_enable ;
; motorBack_Ground:comb_3|tileMap[548][7]                    ; Stuck at GND due to stuck port clock_enable ;
; motorBack_Ground:comb_3|tileMap[548][5]                    ; Stuck at GND due to stuck port clock_enable ;
; motorBack_Ground:comb_3|tileMap[548][3]                    ; Stuck at GND due to stuck port clock_enable ;
; motorBack_Ground:comb_3|tileMap[548][2]                    ; Stuck at GND due to stuck port clock_enable ;
; motorBack_Ground:comb_3|tileMap[549][7]                    ; Stuck at GND due to stuck port clock_enable ;
; motorBack_Ground:comb_3|tileMap[549][5]                    ; Stuck at GND due to stuck port clock_enable ;
; motorBack_Ground:comb_3|tileMap[549][3]                    ; Stuck at GND due to stuck port clock_enable ;
; motorBack_Ground:comb_3|tileMap[549][2]                    ; Stuck at GND due to stuck port clock_enable ;
; motorBack_Ground:comb_3|tileMap[550][7]                    ; Stuck at GND due to stuck port clock_enable ;
; motorBack_Ground:comb_3|tileMap[550][5]                    ; Stuck at GND due to stuck port clock_enable ;
; motorBack_Ground:comb_3|tileMap[550][3]                    ; Stuck at GND due to stuck port clock_enable ;
; motorBack_Ground:comb_3|tileMap[550][2]                    ; Stuck at GND due to stuck port clock_enable ;
; motorBack_Ground:comb_3|tileMap[551][7]                    ; Stuck at GND due to stuck port clock_enable ;
; motorBack_Ground:comb_3|tileMap[551][5]                    ; Stuck at GND due to stuck port clock_enable ;
; motorBack_Ground:comb_3|tileMap[551][3]                    ; Stuck at GND due to stuck port clock_enable ;
; motorBack_Ground:comb_3|tileMap[551][2]                    ; Stuck at GND due to stuck port clock_enable ;
; motorBack_Ground:comb_3|tileMap[552][7]                    ; Stuck at GND due to stuck port clock_enable ;
; motorBack_Ground:comb_3|tileMap[552][5]                    ; Stuck at GND due to stuck port clock_enable ;
; motorBack_Ground:comb_3|tileMap[552][3]                    ; Stuck at GND due to stuck port clock_enable ;
; motorBack_Ground:comb_3|tileMap[552][2]                    ; Stuck at GND due to stuck port clock_enable ;
; motorBack_Ground:comb_3|tileMap[553][7]                    ; Stuck at GND due to stuck port clock_enable ;
; motorBack_Ground:comb_3|tileMap[553][5]                    ; Stuck at GND due to stuck port clock_enable ;
; motorBack_Ground:comb_3|tileMap[553][3]                    ; Stuck at GND due to stuck port clock_enable ;
; motorBack_Ground:comb_3|tileMap[553][2]                    ; Stuck at GND due to stuck port clock_enable ;
; motorBack_Ground:comb_3|tileMap[554][7]                    ; Stuck at GND due to stuck port clock_enable ;
; motorBack_Ground:comb_3|tileMap[554][5]                    ; Stuck at GND due to stuck port clock_enable ;
; motorBack_Ground:comb_3|tileMap[554][3]                    ; Stuck at GND due to stuck port clock_enable ;
; motorBack_Ground:comb_3|tileMap[554][2]                    ; Stuck at GND due to stuck port clock_enable ;
; motorBack_Ground:comb_3|tileMap[555][7]                    ; Stuck at GND due to stuck port clock_enable ;
; motorBack_Ground:comb_3|tileMap[555][5]                    ; Stuck at GND due to stuck port clock_enable ;
; motorBack_Ground:comb_3|tileMap[555][3]                    ; Stuck at GND due to stuck port clock_enable ;
; motorBack_Ground:comb_3|tileMap[555][2]                    ; Stuck at GND due to stuck port clock_enable ;
; motorBack_Ground:comb_3|tileMap[556][7]                    ; Stuck at GND due to stuck port clock_enable ;
; motorBack_Ground:comb_3|tileMap[556][5]                    ; Stuck at GND due to stuck port clock_enable ;
; motorBack_Ground:comb_3|tileMap[556][3]                    ; Stuck at GND due to stuck port clock_enable ;
; motorBack_Ground:comb_3|tileMap[556][2]                    ; Stuck at GND due to stuck port clock_enable ;
; motorBack_Ground:comb_3|tileMap[557][7]                    ; Stuck at GND due to stuck port clock_enable ;
; motorBack_Ground:comb_3|tileMap[557][5]                    ; Stuck at GND due to stuck port clock_enable ;
; motorBack_Ground:comb_3|tileMap[557][3]                    ; Stuck at GND due to stuck port clock_enable ;
; motorBack_Ground:comb_3|tileMap[557][2]                    ; Stuck at GND due to stuck port clock_enable ;
; motorBack_Ground:comb_3|tileMap[558][7]                    ; Stuck at GND due to stuck port clock_enable ;
; motorBack_Ground:comb_3|tileMap[558][5]                    ; Stuck at GND due to stuck port clock_enable ;
; motorBack_Ground:comb_3|tileMap[558][3]                    ; Stuck at GND due to stuck port clock_enable ;
; motorBack_Ground:comb_3|tileMap[558][2]                    ; Stuck at GND due to stuck port clock_enable ;
; motorBack_Ground:comb_3|tileMap[559][7]                    ; Stuck at GND due to stuck port clock_enable ;
; motorBack_Ground:comb_3|tileMap[559][5]                    ; Stuck at GND due to stuck port clock_enable ;
; motorBack_Ground:comb_3|tileMap[559][3]                    ; Stuck at GND due to stuck port clock_enable ;
; motorBack_Ground:comb_3|tileMap[559][2]                    ; Stuck at GND due to stuck port clock_enable ;
; motorBack_Ground:comb_3|tileMap[560][7]                    ; Stuck at GND due to stuck port clock_enable ;
; motorBack_Ground:comb_3|tileMap[560][5]                    ; Stuck at GND due to stuck port clock_enable ;
; motorBack_Ground:comb_3|tileMap[560][3]                    ; Stuck at GND due to stuck port clock_enable ;
; motorBack_Ground:comb_3|tileMap[560][2]                    ; Stuck at GND due to stuck port clock_enable ;
; Total Number of Removed Registers = 9568                   ;                                             ;
+------------------------------------------------------------+---------------------------------------------+
* Table truncated at 5000 items. To change the number of removed registers reported, set the "Number of Removed Registers Reported" option under Assignments->Settings->Analysis and Synthesis Settings->More Settings


+------------------------------------------------------+
; General Register Statistics                          ;
+----------------------------------------------+-------+
; Statistic                                    ; Value ;
+----------------------------------------------+-------+
; Total registers                              ; 131   ;
; Number of registers using Synchronous Clear  ; 28    ;
; Number of registers using Synchronous Load   ; 0     ;
; Number of registers using Asynchronous Clear ; 81    ;
; Number of registers using Asynchronous Load  ; 0     ;
; Number of registers using Clock Enable       ; 10    ;
; Number of registers using Preset             ; 0     ;
+----------------------------------------------+-------+


+-------------------------------------------------------------------------------------------------------------------------------------------------------------------------------------------+
; Multiplexer Restructuring Statistics (Restructuring Performed)                                                                                                                            ;
+--------------------+-----------+---------------+----------------------+------------------------+------------+-----------------------------------------------------------------------------+
; Multiplexer Inputs ; Bus Width ; Baseline Area ; Area if Restructured ; Saving if Restructured ; Registered ; Example Multiplexer Output                                                  ;
+--------------------+-----------+---------------+----------------------+------------------------+------------+-----------------------------------------------------------------------------+
; 9:1                ; 10 bits   ; 60 LEs        ; 0 LEs                ; 60 LEs                 ; Yes        ; |DE1_SOC_golden_top|resolucao_logica:comb_5|vga_driver:comb_40|v_counter[6] ;
; 9:1                ; 10 bits   ; 60 LEs        ; 0 LEs                ; 60 LEs                 ; Yes        ; |DE1_SOC_golden_top|resolucao_logica:comb_5|vga_driver:comb_40|h_counter[0] ;
; 11:1               ; 8 bits    ; 56 LEs        ; 48 LEs               ; 8 LEs                  ; Yes        ; |DE1_SOC_golden_top|resolucao_logica:comb_5|vga_driver:comb_40|green_reg[5] ;
; 4:1                ; 4 bits    ; 8 LEs         ; 8 LEs                ; 0 LEs                  ; No         ; |DE1_SOC_golden_top|motorBack_Ground:comb_3|Mux5                            ;
+--------------------+-----------+---------------+----------------------+------------------------+------------+-----------------------------------------------------------------------------+


+--------------------------------------------------------------------------------------------------------------------------------+
; Source assignments for resolucao_logica:comb_5|RAMVIDEO:comb_39|altsyncram:altsyncram_component|altsyncram_9f22:auto_generated ;
+---------------------------------+--------------------+------+------------------------------------------------------------------+
; Assignment                      ; Value              ; From ; To                                                               ;
+---------------------------------+--------------------+------+------------------------------------------------------------------+
; OPTIMIZE_POWER_DURING_SYNTHESIS ; NORMAL_COMPILATION ; -    ; -                                                                ;
+---------------------------------+--------------------+------+------------------------------------------------------------------+


+------------------------------------------------------------------------------------------------------------------------------+
; Parameter Settings for User Entity Instance: CLOCK_100MGH:comb_4|CLOCK_100MGH_0002:clock_100mgh_inst|altera_pll:altera_pll_i ;
+--------------------------------------+------------------------+--------------------------------------------------------------+
; Parameter Name                       ; Value                  ; Type                                                         ;
+--------------------------------------+------------------------+--------------------------------------------------------------+
; reference_clock_frequency            ; 50.0 MHz               ; String                                                       ;
; fractional_vco_multiplier            ; false                  ; String                                                       ;
; pll_type                             ; General                ; String                                                       ;
; pll_subtype                          ; General                ; String                                                       ;
; number_of_clocks                     ; 1                      ; Signed Integer                                               ;
; operation_mode                       ; direct                 ; String                                                       ;
; deserialization_factor               ; 4                      ; Signed Integer                                               ;
; data_rate                            ; 0                      ; Signed Integer                                               ;
; sim_additional_refclk_cycles_to_lock ; 0                      ; Signed Integer                                               ;
; output_clock_frequency0              ; 100.000000 MHz         ; String                                                       ;
; phase_shift0                         ; 0 ps                   ; String                                                       ;
; duty_cycle0                          ; 50                     ; Signed Integer                                               ;
; output_clock_frequency1              ; 0 MHz                  ; String                                                       ;
; phase_shift1                         ; 0 ps                   ; String                                                       ;
; duty_cycle1                          ; 50                     ; Signed Integer                                               ;
; output_clock_frequency2              ; 0 MHz                  ; String                                                       ;
; phase_shift2                         ; 0 ps                   ; String                                                       ;
; duty_cycle2                          ; 50                     ; Signed Integer                                               ;
; output_clock_frequency3              ; 0 MHz                  ; String                                                       ;
; phase_shift3                         ; 0 ps                   ; String                                                       ;
; duty_cycle3                          ; 50                     ; Signed Integer                                               ;
; output_clock_frequency4              ; 0 MHz                  ; String                                                       ;
; phase_shift4                         ; 0 ps                   ; String                                                       ;
; duty_cycle4                          ; 50                     ; Signed Integer                                               ;
; output_clock_frequency5              ; 0 MHz                  ; String                                                       ;
; phase_shift5                         ; 0 ps                   ; String                                                       ;
; duty_cycle5                          ; 50                     ; Signed Integer                                               ;
; output_clock_frequency6              ; 0 MHz                  ; String                                                       ;
; phase_shift6                         ; 0 ps                   ; String                                                       ;
; duty_cycle6                          ; 50                     ; Signed Integer                                               ;
; output_clock_frequency7              ; 0 MHz                  ; String                                                       ;
; phase_shift7                         ; 0 ps                   ; String                                                       ;
; duty_cycle7                          ; 50                     ; Signed Integer                                               ;
; output_clock_frequency8              ; 0 MHz                  ; String                                                       ;
; phase_shift8                         ; 0 ps                   ; String                                                       ;
; duty_cycle8                          ; 50                     ; Signed Integer                                               ;
; output_clock_frequency9              ; 0 MHz                  ; String                                                       ;
; phase_shift9                         ; 0 ps                   ; String                                                       ;
; duty_cycle9                          ; 50                     ; Signed Integer                                               ;
; output_clock_frequency10             ; 0 MHz                  ; String                                                       ;
; phase_shift10                        ; 0 ps                   ; String                                                       ;
; duty_cycle10                         ; 50                     ; Signed Integer                                               ;
; output_clock_frequency11             ; 0 MHz                  ; String                                                       ;
; phase_shift11                        ; 0 ps                   ; String                                                       ;
; duty_cycle11                         ; 50                     ; Signed Integer                                               ;
; output_clock_frequency12             ; 0 MHz                  ; String                                                       ;
; phase_shift12                        ; 0 ps                   ; String                                                       ;
; duty_cycle12                         ; 50                     ; Signed Integer                                               ;
; output_clock_frequency13             ; 0 MHz                  ; String                                                       ;
; phase_shift13                        ; 0 ps                   ; String                                                       ;
; duty_cycle13                         ; 50                     ; Signed Integer                                               ;
; output_clock_frequency14             ; 0 MHz                  ; String                                                       ;
; phase_shift14                        ; 0 ps                   ; String                                                       ;
; duty_cycle14                         ; 50                     ; Signed Integer                                               ;
; output_clock_frequency15             ; 0 MHz                  ; String                                                       ;
; phase_shift15                        ; 0 ps                   ; String                                                       ;
; duty_cycle15                         ; 50                     ; Signed Integer                                               ;
; output_clock_frequency16             ; 0 MHz                  ; String                                                       ;
; phase_shift16                        ; 0 ps                   ; String                                                       ;
; duty_cycle16                         ; 50                     ; Signed Integer                                               ;
; output_clock_frequency17             ; 0 MHz                  ; String                                                       ;
; phase_shift17                        ; 0 ps                   ; String                                                       ;
; duty_cycle17                         ; 50                     ; Signed Integer                                               ;
; clock_name_0                         ;                        ; String                                                       ;
; clock_name_1                         ;                        ; String                                                       ;
; clock_name_2                         ;                        ; String                                                       ;
; clock_name_3                         ;                        ; String                                                       ;
; clock_name_4                         ;                        ; String                                                       ;
; clock_name_5                         ;                        ; String                                                       ;
; clock_name_6                         ;                        ; String                                                       ;
; clock_name_7                         ;                        ; String                                                       ;
; clock_name_8                         ;                        ; String                                                       ;
; clock_name_global_0                  ; false                  ; String                                                       ;
; clock_name_global_1                  ; false                  ; String                                                       ;
; clock_name_global_2                  ; false                  ; String                                                       ;
; clock_name_global_3                  ; false                  ; String                                                       ;
; clock_name_global_4                  ; false                  ; String                                                       ;
; clock_name_global_5                  ; false                  ; String                                                       ;
; clock_name_global_6                  ; false                  ; String                                                       ;
; clock_name_global_7                  ; false                  ; String                                                       ;
; clock_name_global_8                  ; false                  ; String                                                       ;
; m_cnt_hi_div                         ; 1                      ; Signed Integer                                               ;
; m_cnt_lo_div                         ; 1                      ; Signed Integer                                               ;
; m_cnt_bypass_en                      ; false                  ; String                                                       ;
; m_cnt_odd_div_duty_en                ; false                  ; String                                                       ;
; n_cnt_hi_div                         ; 1                      ; Signed Integer                                               ;
; n_cnt_lo_div                         ; 1                      ; Signed Integer                                               ;
; n_cnt_bypass_en                      ; false                  ; String                                                       ;
; n_cnt_odd_div_duty_en                ; false                  ; String                                                       ;
; c_cnt_hi_div0                        ; 1                      ; Signed Integer                                               ;
; c_cnt_lo_div0                        ; 1                      ; Signed Integer                                               ;
; c_cnt_bypass_en0                     ; false                  ; String                                                       ;
; c_cnt_in_src0                        ; ph_mux_clk             ; String                                                       ;
; c_cnt_odd_div_duty_en0               ; false                  ; String                                                       ;
; c_cnt_prst0                          ; 1                      ; Signed Integer                                               ;
; c_cnt_ph_mux_prst0                   ; 0                      ; Signed Integer                                               ;
; c_cnt_hi_div1                        ; 1                      ; Signed Integer                                               ;
; c_cnt_lo_div1                        ; 1                      ; Signed Integer                                               ;
; c_cnt_bypass_en1                     ; false                  ; String                                                       ;
; c_cnt_in_src1                        ; ph_mux_clk             ; String                                                       ;
; c_cnt_odd_div_duty_en1               ; false                  ; String                                                       ;
; c_cnt_prst1                          ; 1                      ; Signed Integer                                               ;
; c_cnt_ph_mux_prst1                   ; 0                      ; Signed Integer                                               ;
; c_cnt_hi_div2                        ; 1                      ; Signed Integer                                               ;
; c_cnt_lo_div2                        ; 1                      ; Signed Integer                                               ;
; c_cnt_bypass_en2                     ; false                  ; String                                                       ;
; c_cnt_in_src2                        ; ph_mux_clk             ; String                                                       ;
; c_cnt_odd_div_duty_en2               ; false                  ; String                                                       ;
; c_cnt_prst2                          ; 1                      ; Signed Integer                                               ;
; c_cnt_ph_mux_prst2                   ; 0                      ; Signed Integer                                               ;
; c_cnt_hi_div3                        ; 1                      ; Signed Integer                                               ;
; c_cnt_lo_div3                        ; 1                      ; Signed Integer                                               ;
; c_cnt_bypass_en3                     ; false                  ; String                                                       ;
; c_cnt_in_src3                        ; ph_mux_clk             ; String                                                       ;
; c_cnt_odd_div_duty_en3               ; false                  ; String                                                       ;
; c_cnt_prst3                          ; 1                      ; Signed Integer                                               ;
; c_cnt_ph_mux_prst3                   ; 0                      ; Signed Integer                                               ;
; c_cnt_hi_div4                        ; 1                      ; Signed Integer                                               ;
; c_cnt_lo_div4                        ; 1                      ; Signed Integer                                               ;
; c_cnt_bypass_en4                     ; false                  ; String                                                       ;
; c_cnt_in_src4                        ; ph_mux_clk             ; String                                                       ;
; c_cnt_odd_div_duty_en4               ; false                  ; String                                                       ;
; c_cnt_prst4                          ; 1                      ; Signed Integer                                               ;
; c_cnt_ph_mux_prst4                   ; 0                      ; Signed Integer                                               ;
; c_cnt_hi_div5                        ; 1                      ; Signed Integer                                               ;
; c_cnt_lo_div5                        ; 1                      ; Signed Integer                                               ;
; c_cnt_bypass_en5                     ; false                  ; String                                                       ;
; c_cnt_in_src5                        ; ph_mux_clk             ; String                                                       ;
; c_cnt_odd_div_duty_en5               ; false                  ; String                                                       ;
; c_cnt_prst5                          ; 1                      ; Signed Integer                                               ;
; c_cnt_ph_mux_prst5                   ; 0                      ; Signed Integer                                               ;
; c_cnt_hi_div6                        ; 1                      ; Signed Integer                                               ;
; c_cnt_lo_div6                        ; 1                      ; Signed Integer                                               ;
; c_cnt_bypass_en6                     ; false                  ; String                                                       ;
; c_cnt_in_src6                        ; ph_mux_clk             ; String                                                       ;
; c_cnt_odd_div_duty_en6               ; false                  ; String                                                       ;
; c_cnt_prst6                          ; 1                      ; Signed Integer                                               ;
; c_cnt_ph_mux_prst6                   ; 0                      ; Signed Integer                                               ;
; c_cnt_hi_div7                        ; 1                      ; Signed Integer                                               ;
; c_cnt_lo_div7                        ; 1                      ; Signed Integer                                               ;
; c_cnt_bypass_en7                     ; false                  ; String                                                       ;
; c_cnt_in_src7                        ; ph_mux_clk             ; String                                                       ;
; c_cnt_odd_div_duty_en7               ; false                  ; String                                                       ;
; c_cnt_prst7                          ; 1                      ; Signed Integer                                               ;
; c_cnt_ph_mux_prst7                   ; 0                      ; Signed Integer                                               ;
; c_cnt_hi_div8                        ; 1                      ; Signed Integer                                               ;
; c_cnt_lo_div8                        ; 1                      ; Signed Integer                                               ;
; c_cnt_bypass_en8                     ; false                  ; String                                                       ;
; c_cnt_in_src8                        ; ph_mux_clk             ; String                                                       ;
; c_cnt_odd_div_duty_en8               ; false                  ; String                                                       ;
; c_cnt_prst8                          ; 1                      ; Signed Integer                                               ;
; c_cnt_ph_mux_prst8                   ; 0                      ; Signed Integer                                               ;
; c_cnt_hi_div9                        ; 1                      ; Signed Integer                                               ;
; c_cnt_lo_div9                        ; 1                      ; Signed Integer                                               ;
; c_cnt_bypass_en9                     ; false                  ; String                                                       ;
; c_cnt_in_src9                        ; ph_mux_clk             ; String                                                       ;
; c_cnt_odd_div_duty_en9               ; false                  ; String                                                       ;
; c_cnt_prst9                          ; 1                      ; Signed Integer                                               ;
; c_cnt_ph_mux_prst9                   ; 0                      ; Signed Integer                                               ;
; c_cnt_hi_div10                       ; 1                      ; Signed Integer                                               ;
; c_cnt_lo_div10                       ; 1                      ; Signed Integer                                               ;
; c_cnt_bypass_en10                    ; false                  ; String                                                       ;
; c_cnt_in_src10                       ; ph_mux_clk             ; String                                                       ;
; c_cnt_odd_div_duty_en10              ; false                  ; String                                                       ;
; c_cnt_prst10                         ; 1                      ; Signed Integer                                               ;
; c_cnt_ph_mux_prst10                  ; 0                      ; Signed Integer                                               ;
; c_cnt_hi_div11                       ; 1                      ; Signed Integer                                               ;
; c_cnt_lo_div11                       ; 1                      ; Signed Integer                                               ;
; c_cnt_bypass_en11                    ; false                  ; String                                                       ;
; c_cnt_in_src11                       ; ph_mux_clk             ; String                                                       ;
; c_cnt_odd_div_duty_en11              ; false                  ; String                                                       ;
; c_cnt_prst11                         ; 1                      ; Signed Integer                                               ;
; c_cnt_ph_mux_prst11                  ; 0                      ; Signed Integer                                               ;
; c_cnt_hi_div12                       ; 1                      ; Signed Integer                                               ;
; c_cnt_lo_div12                       ; 1                      ; Signed Integer                                               ;
; c_cnt_bypass_en12                    ; false                  ; String                                                       ;
; c_cnt_in_src12                       ; ph_mux_clk             ; String                                                       ;
; c_cnt_odd_div_duty_en12              ; false                  ; String                                                       ;
; c_cnt_prst12                         ; 1                      ; Signed Integer                                               ;
; c_cnt_ph_mux_prst12                  ; 0                      ; Signed Integer                                               ;
; c_cnt_hi_div13                       ; 1                      ; Signed Integer                                               ;
; c_cnt_lo_div13                       ; 1                      ; Signed Integer                                               ;
; c_cnt_bypass_en13                    ; false                  ; String                                                       ;
; c_cnt_in_src13                       ; ph_mux_clk             ; String                                                       ;
; c_cnt_odd_div_duty_en13              ; false                  ; String                                                       ;
; c_cnt_prst13                         ; 1                      ; Signed Integer                                               ;
; c_cnt_ph_mux_prst13                  ; 0                      ; Signed Integer                                               ;
; c_cnt_hi_div14                       ; 1                      ; Signed Integer                                               ;
; c_cnt_lo_div14                       ; 1                      ; Signed Integer                                               ;
; c_cnt_bypass_en14                    ; false                  ; String                                                       ;
; c_cnt_in_src14                       ; ph_mux_clk             ; String                                                       ;
; c_cnt_odd_div_duty_en14              ; false                  ; String                                                       ;
; c_cnt_prst14                         ; 1                      ; Signed Integer                                               ;
; c_cnt_ph_mux_prst14                  ; 0                      ; Signed Integer                                               ;
; c_cnt_hi_div15                       ; 1                      ; Signed Integer                                               ;
; c_cnt_lo_div15                       ; 1                      ; Signed Integer                                               ;
; c_cnt_bypass_en15                    ; false                  ; String                                                       ;
; c_cnt_in_src15                       ; ph_mux_clk             ; String                                                       ;
; c_cnt_odd_div_duty_en15              ; false                  ; String                                                       ;
; c_cnt_prst15                         ; 1                      ; Signed Integer                                               ;
; c_cnt_ph_mux_prst15                  ; 0                      ; Signed Integer                                               ;
; c_cnt_hi_div16                       ; 1                      ; Signed Integer                                               ;
; c_cnt_lo_div16                       ; 1                      ; Signed Integer                                               ;
; c_cnt_bypass_en16                    ; false                  ; String                                                       ;
; c_cnt_in_src16                       ; ph_mux_clk             ; String                                                       ;
; c_cnt_odd_div_duty_en16              ; false                  ; String                                                       ;
; c_cnt_prst16                         ; 1                      ; Signed Integer                                               ;
; c_cnt_ph_mux_prst16                  ; 0                      ; Signed Integer                                               ;
; c_cnt_hi_div17                       ; 1                      ; Signed Integer                                               ;
; c_cnt_lo_div17                       ; 1                      ; Signed Integer                                               ;
; c_cnt_bypass_en17                    ; false                  ; String                                                       ;
; c_cnt_in_src17                       ; ph_mux_clk             ; String                                                       ;
; c_cnt_odd_div_duty_en17              ; false                  ; String                                                       ;
; c_cnt_prst17                         ; 1                      ; Signed Integer                                               ;
; c_cnt_ph_mux_prst17                  ; 0                      ; Signed Integer                                               ;
; pll_vco_div                          ; 1                      ; Signed Integer                                               ;
; pll_slf_rst                          ; false                  ; String                                                       ;
; pll_bw_sel                           ; low                    ; String                                                       ;
; pll_output_clk_frequency             ; 0 MHz                  ; String                                                       ;
; pll_cp_current                       ; 0                      ; Signed Integer                                               ;
; pll_bwctrl                           ; 0                      ; Signed Integer                                               ;
; pll_fractional_division              ; 1                      ; Signed Integer                                               ;
; pll_fractional_cout                  ; 24                     ; Signed Integer                                               ;
; pll_dsm_out_sel                      ; 1st_order              ; String                                                       ;
; mimic_fbclk_type                     ; gclk                   ; String                                                       ;
; pll_fbclk_mux_1                      ; glb                    ; String                                                       ;
; pll_fbclk_mux_2                      ; fb_1                   ; String                                                       ;
; pll_m_cnt_in_src                     ; ph_mux_clk             ; String                                                       ;
; pll_vcoph_div                        ; 1                      ; Signed Integer                                               ;
; refclk1_frequency                    ; 0 MHz                  ; String                                                       ;
; pll_clkin_0_src                      ; clk_0                  ; String                                                       ;
; pll_clkin_1_src                      ; clk_0                  ; String                                                       ;
; pll_clk_loss_sw_en                   ; false                  ; String                                                       ;
; pll_auto_clk_sw_en                   ; false                  ; String                                                       ;
; pll_manu_clk_sw_en                   ; false                  ; String                                                       ;
; pll_clk_sw_dly                       ; 0                      ; Signed Integer                                               ;
; pll_extclk_0_cnt_src                 ; pll_extclk_cnt_src_vss ; String                                                       ;
; pll_extclk_1_cnt_src                 ; pll_extclk_cnt_src_vss ; String                                                       ;
+--------------------------------------+------------------------+--------------------------------------------------------------+
Note: In order to hide this table in the UI and the text report file, please set the "Show Parameter Settings in Synthesis Report" option in "Analysis and Synthesis Settings -> More Settings" to "Off".


+-----------------------------------------------------------------------------------------------------------------------+
; Parameter Settings for User Entity Instance: resolucao_logica:comb_5|RAMVIDEO:comb_39|altsyncram:altsyncram_component ;
+------------------------------------+----------------------+-----------------------------------------------------------+
; Parameter Name                     ; Value                ; Type                                                      ;
+------------------------------------+----------------------+-----------------------------------------------------------+
; BYTE_SIZE_BLOCK                    ; 8                    ; Untyped                                                   ;
; AUTO_CARRY_CHAINS                  ; ON                   ; AUTO_CARRY                                                ;
; IGNORE_CARRY_BUFFERS               ; OFF                  ; IGNORE_CARRY                                              ;
; AUTO_CASCADE_CHAINS                ; ON                   ; AUTO_CASCADE                                              ;
; IGNORE_CASCADE_BUFFERS             ; OFF                  ; IGNORE_CASCADE                                            ;
; WIDTH_BYTEENA                      ; 1                    ; Untyped                                                   ;
; OPERATION_MODE                     ; DUAL_PORT            ; Untyped                                                   ;
; WIDTH_A                            ; 8                    ; Signed Integer                                            ;
; WIDTHAD_A                          ; 17                   ; Signed Integer                                            ;
; NUMWORDS_A                         ; 76800                ; Signed Integer                                            ;
; OUTDATA_REG_A                      ; UNREGISTERED         ; Untyped                                                   ;
; ADDRESS_ACLR_A                     ; NONE                 ; Untyped                                                   ;
; OUTDATA_ACLR_A                     ; NONE                 ; Untyped                                                   ;
; WRCONTROL_ACLR_A                   ; NONE                 ; Untyped                                                   ;
; INDATA_ACLR_A                      ; NONE                 ; Untyped                                                   ;
; BYTEENA_ACLR_A                     ; NONE                 ; Untyped                                                   ;
; WIDTH_B                            ; 8                    ; Signed Integer                                            ;
; WIDTHAD_B                          ; 17                   ; Signed Integer                                            ;
; NUMWORDS_B                         ; 76800                ; Signed Integer                                            ;
; INDATA_REG_B                       ; CLOCK1               ; Untyped                                                   ;
; WRCONTROL_WRADDRESS_REG_B          ; CLOCK1               ; Untyped                                                   ;
; RDCONTROL_REG_B                    ; CLOCK1               ; Untyped                                                   ;
; ADDRESS_REG_B                      ; CLOCK0               ; Untyped                                                   ;
; OUTDATA_REG_B                      ; CLOCK0               ; Untyped                                                   ;
; BYTEENA_REG_B                      ; CLOCK1               ; Untyped                                                   ;
; INDATA_ACLR_B                      ; NONE                 ; Untyped                                                   ;
; WRCONTROL_ACLR_B                   ; NONE                 ; Untyped                                                   ;
; ADDRESS_ACLR_B                     ; NONE                 ; Untyped                                                   ;
; OUTDATA_ACLR_B                     ; NONE                 ; Untyped                                                   ;
; RDCONTROL_ACLR_B                   ; NONE                 ; Untyped                                                   ;
; BYTEENA_ACLR_B                     ; NONE                 ; Untyped                                                   ;
; WIDTH_BYTEENA_A                    ; 1                    ; Signed Integer                                            ;
; WIDTH_BYTEENA_B                    ; 1                    ; Untyped                                                   ;
; RAM_BLOCK_TYPE                     ; M10K                 ; Untyped                                                   ;
; BYTE_SIZE                          ; 8                    ; Untyped                                                   ;
; READ_DURING_WRITE_MODE_MIXED_PORTS ; DONT_CARE            ; Untyped                                                   ;
; READ_DURING_WRITE_MODE_PORT_A      ; NEW_DATA_NO_NBE_READ ; Untyped                                                   ;
; READ_DURING_WRITE_MODE_PORT_B      ; NEW_DATA_NO_NBE_READ ; Untyped                                                   ;
; INIT_FILE                          ; ../memory_76800.mif  ; Untyped                                                   ;
; INIT_FILE_LAYOUT                   ; PORT_A               ; Untyped                                                   ;
; MAXIMUM_DEPTH                      ; 0                    ; Untyped                                                   ;
; CLOCK_ENABLE_INPUT_A               ; BYPASS               ; Untyped                                                   ;
; CLOCK_ENABLE_INPUT_B               ; BYPASS               ; Untyped                                                   ;
; CLOCK_ENABLE_OUTPUT_A              ; NORMAL               ; Untyped                                                   ;
; CLOCK_ENABLE_OUTPUT_B              ; BYPASS               ; Untyped                                                   ;
; CLOCK_ENABLE_CORE_A                ; USE_INPUT_CLKEN      ; Untyped                                                   ;
; CLOCK_ENABLE_CORE_B                ; USE_INPUT_CLKEN      ; Untyped                                                   ;
; ENABLE_ECC                         ; FALSE                ; Untyped                                                   ;
; ECC_PIPELINE_STAGE_ENABLED         ; FALSE                ; Untyped                                                   ;
; WIDTH_ECCSTATUS                    ; 3                    ; Untyped                                                   ;
; DEVICE_FAMILY                      ; Cyclone V            ; Untyped                                                   ;
; CBXI_PARAMETER                     ; altsyncram_9f22      ; Untyped                                                   ;
+------------------------------------+----------------------+-----------------------------------------------------------+
Note: In order to hide this table in the UI and the text report file, please set the "Show Parameter Settings in Synthesis Report" option in "Analysis and Synthesis Settings -> More Settings" to "Off".


+-----------------------------------------------------------------------------------------+
; Parameter Settings for User Entity Instance: resolucao_logica:comb_5|vga_driver:comb_40 ;
+----------------+------------+-----------------------------------------------------------+
; Parameter Name ; Value      ; Type                                                      ;
+----------------+------------+-----------------------------------------------------------+
; H_ACTIVE       ; 1001111111 ; Unsigned Binary                                           ;
; H_FRONT        ; 0000001111 ; Unsigned Binary                                           ;
; H_PULSE        ; 0001011111 ; Unsigned Binary                                           ;
; H_BACK         ; 0000101111 ; Unsigned Binary                                           ;
; V_ACTIVE       ; 0111011111 ; Unsigned Binary                                           ;
; V_FRONT        ; 0000001001 ; Unsigned Binary                                           ;
; V_PULSE        ; 0000000001 ; Unsigned Binary                                           ;
; V_BACK         ; 0000100000 ; Unsigned Binary                                           ;
; LOW            ; 0          ; Unsigned Binary                                           ;
; HIGH           ; 1          ; Unsigned Binary                                           ;
; H_ACTIVE_STATE ; 00000000   ; Unsigned Binary                                           ;
; H_FRONT_STATE  ; 00000001   ; Unsigned Binary                                           ;
; H_PULSE_STATE  ; 00000010   ; Unsigned Binary                                           ;
; H_BACK_STATE   ; 00000011   ; Unsigned Binary                                           ;
; V_ACTIVE_STATE ; 00000000   ; Unsigned Binary                                           ;
; V_FRONT_STATE  ; 00000001   ; Unsigned Binary                                           ;
; V_PULSE_STATE  ; 00000010   ; Unsigned Binary                                           ;
; V_BACK_STATE   ; 00000011   ; Unsigned Binary                                           ;
+----------------+------------+-----------------------------------------------------------+
Note: In order to hide this table in the UI and the text report file, please set the "Show Parameter Settings in Synthesis Report" option in "Analysis and Synthesis Settings -> More Settings" to "Off".


+-----------------------------------------------------------------------------------------------------------------+
; Parameter Settings for Inferred Entity Instance: motorBack_Ground:comb_3|contadorVid:comb_49297|lpm_divide:Div0 ;
+------------------------+----------------+-----------------------------------------------------------------------+
; Parameter Name         ; Value          ; Type                                                                  ;
+------------------------+----------------+-----------------------------------------------------------------------+
; LPM_WIDTHN             ; 17             ; Untyped                                                               ;
; LPM_WIDTHD             ; 9              ; Untyped                                                               ;
; LPM_NREPRESENTATION    ; UNSIGNED       ; Untyped                                                               ;
; LPM_DREPRESENTATION    ; UNSIGNED       ; Untyped                                                               ;
; LPM_PIPELINE           ; 0              ; Untyped                                                               ;
; LPM_REMAINDERPOSITIVE  ; TRUE           ; Untyped                                                               ;
; MAXIMIZE_SPEED         ; 5              ; Untyped                                                               ;
; CBXI_PARAMETER         ; lpm_divide_qbm ; Untyped                                                               ;
; CARRY_CHAIN            ; MANUAL         ; Untyped                                                               ;
; OPTIMIZE_FOR_SPEED     ; 5              ; Untyped                                                               ;
; AUTO_CARRY_CHAINS      ; ON             ; AUTO_CARRY                                                            ;
; IGNORE_CARRY_BUFFERS   ; OFF            ; IGNORE_CARRY                                                          ;
; AUTO_CASCADE_CHAINS    ; ON             ; AUTO_CASCADE                                                          ;
; IGNORE_CASCADE_BUFFERS ; OFF            ; IGNORE_CASCADE                                                        ;
+------------------------+----------------+-----------------------------------------------------------------------+
Note: In order to hide this table in the UI and the text report file, please set the "Show Parameter Settings in Synthesis Report" option in "Analysis and Synthesis Settings -> More Settings" to "Off".


+-----------------------------------------------------------------------------------------------------------------+
; Parameter Settings for Inferred Entity Instance: motorBack_Ground:comb_3|contadorVid:comb_49297|lpm_divide:Mod0 ;
+------------------------+----------------+-----------------------------------------------------------------------+
; Parameter Name         ; Value          ; Type                                                                  ;
+------------------------+----------------+-----------------------------------------------------------------------+
; LPM_WIDTHN             ; 17             ; Untyped                                                               ;
; LPM_WIDTHD             ; 9              ; Untyped                                                               ;
; LPM_NREPRESENTATION    ; UNSIGNED       ; Untyped                                                               ;
; LPM_DREPRESENTATION    ; UNSIGNED       ; Untyped                                                               ;
; LPM_PIPELINE           ; 0              ; Untyped                                                               ;
; LPM_REMAINDERPOSITIVE  ; TRUE           ; Untyped                                                               ;
; MAXIMIZE_SPEED         ; 5              ; Untyped                                                               ;
; CBXI_PARAMETER         ; lpm_divide_t3m ; Untyped                                                               ;
; CARRY_CHAIN            ; MANUAL         ; Untyped                                                               ;
; OPTIMIZE_FOR_SPEED     ; 5              ; Untyped                                                               ;
; AUTO_CARRY_CHAINS      ; ON             ; AUTO_CARRY                                                            ;
; IGNORE_CARRY_BUFFERS   ; OFF            ; IGNORE_CARRY                                                          ;
; AUTO_CASCADE_CHAINS    ; ON             ; AUTO_CASCADE                                                          ;
; IGNORE_CASCADE_BUFFERS ; OFF            ; IGNORE_CASCADE                                                        ;
+------------------------+----------------+-----------------------------------------------------------------------+
Note: In order to hide this table in the UI and the text report file, please set the "Show Parameter Settings in Synthesis Report" option in "Analysis and Synthesis Settings -> More Settings" to "Off".


+----------------------------------------------------------------------------------------------------------------------+
; altsyncram Parameter Settings by Entity Instance                                                                     ;
+-------------------------------------------+--------------------------------------------------------------------------+
; Name                                      ; Value                                                                    ;
+-------------------------------------------+--------------------------------------------------------------------------+
; Number of entity instances                ; 1                                                                        ;
; Entity Instance                           ; resolucao_logica:comb_5|RAMVIDEO:comb_39|altsyncram:altsyncram_component ;
;     -- OPERATION_MODE                     ; DUAL_PORT                                                                ;
;     -- WIDTH_A                            ; 8                                                                        ;
;     -- NUMWORDS_A                         ; 76800                                                                    ;
;     -- OUTDATA_REG_A                      ; UNREGISTERED                                                             ;
;     -- WIDTH_B                            ; 8                                                                        ;
;     -- NUMWORDS_B                         ; 76800                                                                    ;
;     -- ADDRESS_REG_B                      ; CLOCK0                                                                   ;
;     -- OUTDATA_REG_B                      ; CLOCK0                                                                   ;
;     -- RAM_BLOCK_TYPE                     ; M10K                                                                     ;
;     -- READ_DURING_WRITE_MODE_MIXED_PORTS ; DONT_CARE                                                                ;
+-------------------------------------------+--------------------------------------------------------------------------+


+---------------------------------------------------------------------------------------------------------------------+
; Port Connectivity Checks: "resolucao_logica:comb_5|vga_driver:comb_40"                                              ;
+-----------+--------+----------+-------------------------------------------------------------------------------------+
; Port      ; Type   ; Severity ; Details                                                                             ;
+-----------+--------+----------+-------------------------------------------------------------------------------------+
; next_x[0] ; Output ; Info     ; Connected to dangling logic. Logic that only feeds a dangling port will be removed. ;
; next_y[9] ; Output ; Info     ; Connected to dangling logic. Logic that only feeds a dangling port will be removed. ;
; next_y[0] ; Output ; Info     ; Connected to dangling logic. Logic that only feeds a dangling port will be removed. ;
+-----------+--------+----------+-------------------------------------------------------------------------------------+


+---------------------------------------------------------+
; Port Connectivity Checks: "resolucao_logica:comb_5"     ;
+------------+--------+----------+------------------------+
; Port       ; Type   ; Severity ; Details                ;
+------------+--------+----------+------------------------+
; reset      ; Input  ; Info     ; Explicitly unconnected ;
; wren       ; Input  ; Info     ; Stuck at VCC           ;
; next_x_log ; Output ; Info     ; Explicitly unconnected ;
; next_y_log ; Output ; Info     ; Explicitly unconnected ;
+------------+--------+----------+------------------------+


+------------------------------------------------------------------------------------------------------------------+
; Port Connectivity Checks: "CLOCK_100MGH:comb_4"                                                                  ;
+--------+--------+----------+-------------------------------------------------------------------------------------+
; Port   ; Type   ; Severity ; Details                                                                             ;
+--------+--------+----------+-------------------------------------------------------------------------------------+
; rst    ; Input  ; Info     ; Explicitly unconnected                                                              ;
; locked ; Output ; Info     ; Connected to dangling logic. Logic that only feeds a dangling port will be removed. ;
+--------+--------+----------+-------------------------------------------------------------------------------------+


+-------------------------------------------------------------------------------------------------------------------+
; Port Connectivity Checks: "motorBack_Ground:comb_3|contadorVid:comb_49297"                                        ;
+---------+--------+----------+-------------------------------------------------------------------------------------+
; Port    ; Type   ; Severity ; Details                                                                             ;
+---------+--------+----------+-------------------------------------------------------------------------------------+
; x[2..0] ; Output ; Info     ; Connected to dangling logic. Logic that only feeds a dangling port will be removed. ;
; y[2..0] ; Output ; Info     ; Connected to dangling logic. Logic that only feeds a dangling port will be removed. ;
+---------+--------+----------+-------------------------------------------------------------------------------------+


+----------------------------------------------------------------------------------------------------------------------------------------------------------------------------------+
; Port Connectivity Checks: "motorBack_Ground:comb_3"                                                                                                                              ;
+-------------+--------+----------+------------------------------------------------------------------------------------------------------------------------------------------------+
; Port        ; Type   ; Severity ; Details                                                                                                                                        ;
+-------------+--------+----------+------------------------------------------------------------------------------------------------------------------------------------------------+
; Roll        ; Input  ; Info     ; Explicitly unconnected                                                                                                                         ;
; WRoll       ; Input  ; Info     ; Explicitly unconnected                                                                                                                         ;
; x_tile      ; Input  ; Warning  ; Input port expression (3 bits) is smaller than the input port (6 bits) it drives.  Extra input bit(s) "x_tile[5..3]" will be connected to GND. ;
; y_tile      ; Input  ; Warning  ; Input port expression (3 bits) is smaller than the input port (5 bits) it drives.  Extra input bit(s) "y_tile[4..3]" will be connected to GND. ;
; color[3..2] ; Input  ; Info     ; Stuck at VCC                                                                                                                                   ;
; color[1..0] ; Input  ; Info     ; Stuck at GND                                                                                                                                   ;
; color[7]    ; Input  ; Info     ; Stuck at VCC                                                                                                                                   ;
; color[6]    ; Input  ; Info     ; Stuck at GND                                                                                                                                   ;
; color[5]    ; Input  ; Info     ; Stuck at VCC                                                                                                                                   ;
; color[4]    ; Input  ; Info     ; Stuck at GND                                                                                                                                   ;
; done        ; Output ; Info     ; Explicitly unconnected                                                                                                                         ;
+-------------+--------+----------+------------------------------------------------------------------------------------------------------------------------------------------------+


+-----------------------------------------------------+
; Post-Synthesis Netlist Statistics for Top Partition ;
+-----------------------+-----------------------------+
; Type                  ; Count                       ;
+-----------------------+-----------------------------+
; arriav_ff             ; 131                         ;
;     CLR               ; 81                          ;
;     ENA SCLR          ; 10                          ;
;     SCLR              ; 18                          ;
;     plain             ; 22                          ;
; arriav_io_obuf        ; 96                          ;
; arriav_lcell_comb     ; 605                         ;
;     arith             ; 210                         ;
;         0 data inputs ; 28                          ;
;         1 data inputs ; 48                          ;
;         2 data inputs ; 15                          ;
;         3 data inputs ; 72                          ;
;         4 data inputs ; 47                          ;
;     extend            ; 18                          ;
;         7 data inputs ; 18                          ;
;     normal            ; 349                         ;
;         0 data inputs ; 1                           ;
;         1 data inputs ; 3                           ;
;         2 data inputs ; 106                         ;
;         3 data inputs ; 107                         ;
;         4 data inputs ; 50                          ;
;         5 data inputs ; 14                          ;
;         6 data inputs ; 68                          ;
;     shared            ; 28                          ;
;         0 data inputs ; 3                           ;
;         1 data inputs ; 20                          ;
;         2 data inputs ; 3                           ;
;         4 data inputs ; 2                           ;
; boundary_port         ; 241                         ;
; generic_pll           ; 1                           ;
; stratixv_ram_block    ; 80                          ;
;                       ;                             ;
; Max LUT depth         ; 23.20                       ;
; Average LUT depth     ; 10.22                       ;
+-----------------------+-----------------------------+


+-------------------------------+
; Elapsed Time Per Partition    ;
+----------------+--------------+
; Partition Name ; Elapsed Time ;
+----------------+--------------+
; Top            ; 00:00:01     ;
+----------------+--------------+


+-------------------------------+
; Analysis & Synthesis Messages ;
+-------------------------------+
Info: *******************************************************************
Info: Running Quartus Prime Analysis & Synthesis
    Info: Version 25.1std.0 Build 1129 10/21/2025 SC Lite Edition
    Info: Processing started: Mon Aug 31 17:11:35 2026
Info: Command: quartus_map --read_settings_files=on --write_settings_files=off CoprocessadorGrafico -c CoprocessadorGrafico
Warning (18236): Number of processors has not been specified which may cause overloading on shared machines.  Set the global assignment NUM_PARALLEL_PROCESSORS in your QSF to an appropriate value for best performance.
Info (20030): Parallel compilation is enabled and will use 14 of the 14 processors detected
Info (12021): Found 1 design units, including 1 entities, in source file motorPol.v
    Info (12023): Found entity 1: motorPol File: /home/aluno/Downloads/PROJETO_NOVO_at-20260831T184838Z-1-001/PROJETO_NOVO_at/motorPol.v Line: 1
Info (12021): Found 1 design units, including 1 entities, in source file CLOCK_100MGH.v
    Info (12023): Found entity 1: CLOCK_100MGH File: /home/aluno/Downloads/PROJETO_NOVO_at-20260831T184838Z-1-001/PROJETO_NOVO_at/CLOCK_100MGH.v Line: 8
Info (12021): Found 1 design units, including 1 entities, in source file CLOCK_100MGH/CLOCK_100MGH_0002.v
    Info (12023): Found entity 1: CLOCK_100MGH_0002 File: /home/aluno/Downloads/PROJETO_NOVO_at-20260831T184838Z-1-001/PROJETO_NOVO_at/CLOCK_100MGH/CLOCK_100MGH_0002.v Line: 2
Info (12021): Found 1 design units, including 1 entities, in source file vga_driver.v
    Info (12023): Found entity 1: vga_driver File: /home/aluno/Downloads/PROJETO_NOVO_at-20260831T184838Z-1-001/PROJETO_NOVO_at/vga_driver.v Line: 1
Info (12021): Found 1 design units, including 1 entities, in source file resolucao_logica.v
    Info (12023): Found entity 1: resolucao_logica File: /home/aluno/Downloads/PROJETO_NOVO_at-20260831T184838Z-1-001/PROJETO_NOVO_at/resolucao_logica.v Line: 1
Info (12021): Found 1 design units, including 1 entities, in source file poligono_gerador.v
    Info (12023): Found entity 1: poligono_gerador File: /home/aluno/Downloads/PROJETO_NOVO_at-20260831T184838Z-1-001/PROJETO_NOVO_at/poligono_gerador.v Line: 1
Info (12021): Found 1 design units, including 1 entities, in source file DE1_SOC_golden_top.v
    Info (12023): Found entity 1: DE1_SOC_golden_top File: /home/aluno/Downloads/PROJETO_NOVO_at-20260831T184838Z-1-001/PROJETO_NOVO_at/DE1_SOC_golden_top.v Line: 54
Info (12021): Found 1 design units, including 1 entities, in source file RAMVIDEO.v
    Info (12023): Found entity 1: RAMVIDEO File: /home/aluno/Downloads/PROJETO_NOVO_at-20260831T184838Z-1-001/PROJETO_NOVO_at/RAMVIDEO.v Line: 40
Info (12021): Found 1 design units, including 1 entities, in source file contadorVid.v
    Info (12023): Found entity 1: contadorVid File: /home/aluno/Downloads/PROJETO_NOVO_at-20260831T184838Z-1-001/PROJETO_NOVO_at/contadorVid.v Line: 1
Info (12021): Found 1 design units, including 1 entities, in source file MEF_geral_layer.v
    Info (12023): Found entity 1: MEF_geral_layer File: /home/aluno/Downloads/PROJETO_NOVO_at-20260831T184838Z-1-001/PROJETO_NOVO_at/MEF_geral_layer.v Line: 1
Info (12021): Found 1 design units, including 1 entities, in source file output_files/motorBack_Ground.v
    Info (12023): Found entity 1: motorBack_Ground File: /home/aluno/Downloads/PROJETO_NOVO_at-20260831T184838Z-1-001/PROJETO_NOVO_at/output_files/motorBack_Ground.v Line: 1
Info (12021): Found 1 design units, including 1 entities, in source file background_ram.v
    Info (12023): Found entity 1: background_ram File: /home/aluno/Downloads/PROJETO_NOVO_at-20260831T184838Z-1-001/PROJETO_NOVO_at/background_ram.v Line: 40
Warning (10236): Verilog HDL Implicit Net warning at motorPol.v(154): created implicit net for "address" File: /home/aluno/Downloads/PROJETO_NOVO_at-20260831T184838Z-1-001/PROJETO_NOVO_at/motorPol.v Line: 154
Warning (10236): Verilog HDL Implicit Net warning at DE1_SOC_golden_top.v(308): created implicit net for "locked" File: /home/aluno/Downloads/PROJETO_NOVO_at-20260831T184838Z-1-001/PROJETO_NOVO_at/DE1_SOC_golden_top.v Line: 308
Critical Warning (10846): Verilog HDL Instantiation warning at motorPol.v(68): instance has no name File: /home/aluno/Downloads/PROJETO_NOVO_at-20260831T184838Z-1-001/PROJETO_NOVO_at/motorPol.v Line: 68
Critical Warning (10846): Verilog HDL Instantiation warning at motorPol.v(90): instance has no name File: /home/aluno/Downloads/PROJETO_NOVO_at-20260831T184838Z-1-001/PROJETO_NOVO_at/motorPol.v Line: 90
Critical Warning (10846): Verilog HDL Instantiation warning at motorPol.v(112): instance has no name File: /home/aluno/Downloads/PROJETO_NOVO_at-20260831T184838Z-1-001/PROJETO_NOVO_at/motorPol.v Line: 112
Critical Warning (10846): Verilog HDL Instantiation warning at motorPol.v(134): instance has no name File: /home/aluno/Downloads/PROJETO_NOVO_at-20260831T184838Z-1-001/PROJETO_NOVO_at/motorPol.v Line: 134
Critical Warning (10846): Verilog HDL Instantiation warning at motorPol.v(156): instance has no name File: /home/aluno/Downloads/PROJETO_NOVO_at-20260831T184838Z-1-001/PROJETO_NOVO_at/motorPol.v Line: 156
Critical Warning (10846): Verilog HDL Instantiation warning at resolucao_logica.v(48): instance has no name File: /home/aluno/Downloads/PROJETO_NOVO_at-20260831T184838Z-1-001/PROJETO_NOVO_at/resolucao_logica.v Line: 48
Critical Warning (10846): Verilog HDL Instantiation warning at resolucao_logica.v(65): instance has no name File: /home/aluno/Downloads/PROJETO_NOVO_at-20260831T184838Z-1-001/PROJETO_NOVO_at/resolucao_logica.v Line: 65
Critical Warning (10846): Verilog HDL Instantiation warning at motorBack_Ground.v(58): instance has no name File: /home/aluno/Downloads/PROJETO_NOVO_at-20260831T184838Z-1-001/PROJETO_NOVO_at/output_files/motorBack_Ground.v Line: 58
Critical Warning (10846): Verilog HDL Instantiation warning at DE1_SOC_golden_top.v(288): instance has no name File: /home/aluno/Downloads/PROJETO_NOVO_at-20260831T184838Z-1-001/PROJETO_NOVO_at/DE1_SOC_golden_top.v Line: 288
Critical Warning (10846): Verilog HDL Instantiation warning at DE1_SOC_golden_top.v(308): instance has no name File: /home/aluno/Downloads/PROJETO_NOVO_at-20260831T184838Z-1-001/PROJETO_NOVO_at/DE1_SOC_golden_top.v Line: 308
Critical Warning (10846): Verilog HDL Instantiation warning at DE1_SOC_golden_top.v(326): instance has no name File: /home/aluno/Downloads/PROJETO_NOVO_at-20260831T184838Z-1-001/PROJETO_NOVO_at/DE1_SOC_golden_top.v Line: 326
Info (12127): Elaborating entity "DE1_SOC_golden_top" for the top level hierarchy
Warning (10034): Output port "DRAM_ADDR" at DE1_SOC_golden_top.v(100) has no driver File: /home/aluno/Downloads/PROJETO_NOVO_at-20260831T184838Z-1-001/PROJETO_NOVO_at/DE1_SOC_golden_top.v Line: 100
Warning (10034): Output port "DRAM_BA" at DE1_SOC_golden_top.v(101) has no driver File: /home/aluno/Downloads/PROJETO_NOVO_at-20260831T184838Z-1-001/PROJETO_NOVO_at/DE1_SOC_golden_top.v Line: 101
Warning (10034): Output port "HEX0" at DE1_SOC_golden_top.v(133) has no driver File: /home/aluno/Downloads/PROJETO_NOVO_at-20260831T184838Z-1-001/PROJETO_NOVO_at/DE1_SOC_golden_top.v Line: 133
Warning (10034): Output port "HEX1" at DE1_SOC_golden_top.v(134) has no driver File: /home/aluno/Downloads/PROJETO_NOVO_at-20260831T184838Z-1-001/PROJETO_NOVO_at/DE1_SOC_golden_top.v Line: 134
Warning (10034): Output port "HEX2" at DE1_SOC_golden_top.v(135) has no driver File: /home/aluno/Downloads/PROJETO_NOVO_at-20260831T184838Z-1-001/PROJETO_NOVO_at/DE1_SOC_golden_top.v Line: 135
Warning (10034): Output port "HEX3" at DE1_SOC_golden_top.v(136) has no driver File: /home/aluno/Downloads/PROJETO_NOVO_at-20260831T184838Z-1-001/PROJETO_NOVO_at/DE1_SOC_golden_top.v Line: 136
Warning (10034): Output port "HEX4" at DE1_SOC_golden_top.v(137) has no driver File: /home/aluno/Downloads/PROJETO_NOVO_at-20260831T184838Z-1-001/PROJETO_NOVO_at/DE1_SOC_golden_top.v Line: 137
Warning (10034): Output port "HEX5" at DE1_SOC_golden_top.v(138) has no driver File: /home/aluno/Downloads/PROJETO_NOVO_at-20260831T184838Z-1-001/PROJETO_NOVO_at/DE1_SOC_golden_top.v Line: 138
Warning (10034): Output port "LEDR" at DE1_SOC_golden_top.v(210) has no driver File: /home/aluno/Downloads/PROJETO_NOVO_at-20260831T184838Z-1-001/PROJETO_NOVO_at/DE1_SOC_golden_top.v Line: 210
Warning (10034): Output port "ADC_CONVST" at DE1_SOC_golden_top.v(59) has no driver File: /home/aluno/Downloads/PROJETO_NOVO_at-20260831T184838Z-1-001/PROJETO_NOVO_at/DE1_SOC_golden_top.v Line: 59
Warning (10034): Output port "ADC_DIN" at DE1_SOC_golden_top.v(60) has no driver File: /home/aluno/Downloads/PROJETO_NOVO_at-20260831T184838Z-1-001/PROJETO_NOVO_at/DE1_SOC_golden_top.v Line: 60
Warning (10034): Output port "ADC_SCLK" at DE1_SOC_golden_top.v(62) has no driver File: /home/aluno/Downloads/PROJETO_NOVO_at-20260831T184838Z-1-001/PROJETO_NOVO_at/DE1_SOC_golden_top.v Line: 62
Warning (10034): Output port "AUD_DACDAT" at DE1_SOC_golden_top.v(72) has no driver File: /home/aluno/Downloads/PROJETO_NOVO_at-20260831T184838Z-1-001/PROJETO_NOVO_at/DE1_SOC_golden_top.v Line: 72
Warning (10034): Output port "AUD_XCK" at DE1_SOC_golden_top.v(74) has no driver File: /home/aluno/Downloads/PROJETO_NOVO_at-20260831T184838Z-1-001/PROJETO_NOVO_at/DE1_SOC_golden_top.v Line: 74
Warning (10034): Output port "DRAM_CAS_N" at DE1_SOC_golden_top.v(102) has no driver File: /home/aluno/Downloads/PROJETO_NOVO_at-20260831T184838Z-1-001/PROJETO_NOVO_at/DE1_SOC_golden_top.v Line: 102
Warning (10034): Output port "DRAM_CKE" at DE1_SOC_golden_top.v(103) has no driver File: /home/aluno/Downloads/PROJETO_NOVO_at-20260831T184838Z-1-001/PROJETO_NOVO_at/DE1_SOC_golden_top.v Line: 103
Warning (10034): Output port "DRAM_CLK" at DE1_SOC_golden_top.v(104) has no driver File: /home/aluno/Downloads/PROJETO_NOVO_at-20260831T184838Z-1-001/PROJETO_NOVO_at/DE1_SOC_golden_top.v Line: 104
Warning (10034): Output port "DRAM_CS_N" at DE1_SOC_golden_top.v(105) has no driver File: /home/aluno/Downloads/PROJETO_NOVO_at-20260831T184838Z-1-001/PROJETO_NOVO_at/DE1_SOC_golden_top.v Line: 105
Warning (10034): Output port "DRAM_LDQM" at DE1_SOC_golden_top.v(107) has no driver File: /home/aluno/Downloads/PROJETO_NOVO_at-20260831T184838Z-1-001/PROJETO_NOVO_at/DE1_SOC_golden_top.v Line: 107
Warning (10034): Output port "DRAM_RAS_N" at DE1_SOC_golden_top.v(108) has no driver File: /home/aluno/Downloads/PROJETO_NOVO_at-20260831T184838Z-1-001/PROJETO_NOVO_at/DE1_SOC_golden_top.v Line: 108
Warning (10034): Output port "DRAM_UDQM" at DE1_SOC_golden_top.v(109) has no driver File: /home/aluno/Downloads/PROJETO_NOVO_at-20260831T184838Z-1-001/PROJETO_NOVO_at/DE1_SOC_golden_top.v Line: 109
Warning (10034): Output port "DRAM_WE_N" at DE1_SOC_golden_top.v(110) has no driver File: /home/aluno/Downloads/PROJETO_NOVO_at-20260831T184838Z-1-001/PROJETO_NOVO_at/DE1_SOC_golden_top.v Line: 110
Warning (10034): Output port "FAN_CTRL" at DE1_SOC_golden_top.v(115) has no driver File: /home/aluno/Downloads/PROJETO_NOVO_at-20260831T184838Z-1-001/PROJETO_NOVO_at/DE1_SOC_golden_top.v Line: 115
Warning (10034): Output port "FPGA_I2C_SCLK" at DE1_SOC_golden_top.v(120) has no driver File: /home/aluno/Downloads/PROJETO_NOVO_at-20260831T184838Z-1-001/PROJETO_NOVO_at/DE1_SOC_golden_top.v Line: 120
Warning (10034): Output port "IRDA_TXD" at DE1_SOC_golden_top.v(200) has no driver File: /home/aluno/Downloads/PROJETO_NOVO_at-20260831T184838Z-1-001/PROJETO_NOVO_at/DE1_SOC_golden_top.v Line: 200
Warning (10034): Output port "TD_RESET_N" at DE1_SOC_golden_top.v(231) has no driver File: /home/aluno/Downloads/PROJETO_NOVO_at-20260831T184838Z-1-001/PROJETO_NOVO_at/DE1_SOC_golden_top.v Line: 231
Info (12128): Elaborating entity "motorBack_Ground" for hierarchy "motorBack_Ground:comb_3" File: /home/aluno/Downloads/PROJETO_NOVO_at-20260831T184838Z-1-001/PROJETO_NOVO_at/DE1_SOC_golden_top.v Line: 288
Warning (10240): Verilog HDL Always Construct warning at motorBack_Ground.v(36): inferring latch(es) for variable "i", which holds its previous value in one or more paths through the always construct File: /home/aluno/Downloads/PROJETO_NOVO_at-20260831T184838Z-1-001/PROJETO_NOVO_at/output_files/motorBack_Ground.v Line: 36
Info (12128): Elaborating entity "contadorVid" for hierarchy "motorBack_Ground:comb_3|contadorVid:comb_49297" File: /home/aluno/Downloads/PROJETO_NOVO_at-20260831T184838Z-1-001/PROJETO_NOVO_at/output_files/motorBack_Ground.v Line: 58
Warning (10036): Verilog HDL or VHDL warning at contadorVid.v(11): object "contando" assigned a value but never read File: /home/aluno/Downloads/PROJETO_NOVO_at-20260831T184838Z-1-001/PROJETO_NOVO_at/contadorVid.v Line: 11
Warning (10230): Verilog HDL assignment warning at contadorVid.v(26): truncated value with size 32 to match size of target (17) File: /home/aluno/Downloads/PROJETO_NOVO_at-20260831T184838Z-1-001/PROJETO_NOVO_at/contadorVid.v Line: 26
Warning (10230): Verilog HDL assignment warning at contadorVid.v(40): truncated value with size 32 to match size of target (8) File: /home/aluno/Downloads/PROJETO_NOVO_at-20260831T184838Z-1-001/PROJETO_NOVO_at/contadorVid.v Line: 40
Warning (10230): Verilog HDL assignment warning at contadorVid.v(41): truncated value with size 32 to match size of target (9) File: /home/aluno/Downloads/PROJETO_NOVO_at-20260831T184838Z-1-001/PROJETO_NOVO_at/contadorVid.v Line: 41
Info (12128): Elaborating entity "CLOCK_100MGH" for hierarchy "CLOCK_100MGH:comb_4" File: /home/aluno/Downloads/PROJETO_NOVO_at-20260831T184838Z-1-001/PROJETO_NOVO_at/DE1_SOC_golden_top.v Line: 308
Info (12128): Elaborating entity "CLOCK_100MGH_0002" for hierarchy "CLOCK_100MGH:comb_4|CLOCK_100MGH_0002:clock_100mgh_inst" File: /home/aluno/Downloads/PROJETO_NOVO_at-20260831T184838Z-1-001/PROJETO_NOVO_at/CLOCK_100MGH.v Line: 20
Info (12128): Elaborating entity "altera_pll" for hierarchy "CLOCK_100MGH:comb_4|CLOCK_100MGH_0002:clock_100mgh_inst|altera_pll:altera_pll_i" File: /home/aluno/Downloads/PROJETO_NOVO_at-20260831T184838Z-1-001/PROJETO_NOVO_at/CLOCK_100MGH/CLOCK_100MGH_0002.v Line: 85
Info (10008): Verilog HDL or VHDL information: EDA Netlist Writer cannot regroup multidimensional array "wire_to_nowhere_64" into its bus
Info (12130): Elaborated megafunction instantiation "CLOCK_100MGH:comb_4|CLOCK_100MGH_0002:clock_100mgh_inst|altera_pll:altera_pll_i" File: /home/aluno/Downloads/PROJETO_NOVO_at-20260831T184838Z-1-001/PROJETO_NOVO_at/CLOCK_100MGH/CLOCK_100MGH_0002.v Line: 85
Info (12133): Instantiated megafunction "CLOCK_100MGH:comb_4|CLOCK_100MGH_0002:clock_100mgh_inst|altera_pll:altera_pll_i" with the following parameter: File: /home/aluno/Downloads/PROJETO_NOVO_at-20260831T184838Z-1-001/PROJETO_NOVO_at/CLOCK_100MGH/CLOCK_100MGH_0002.v Line: 85
    Info (12134): Parameter "fractional_vco_multiplier" = "false"
    Info (12134): Parameter "reference_clock_frequency" = "50.0 MHz"
    Info (12134): Parameter "operation_mode" = "direct"
    Info (12134): Parameter "number_of_clocks" = "1"
    Info (12134): Parameter "output_clock_frequency0" = "100.000000 MHz"
    Info (12134): Parameter "phase_shift0" = "0 ps"
    Info (12134): Parameter "duty_cycle0" = "50"
    Info (12134): Parameter "output_clock_frequency1" = "0 MHz"
    Info (12134): Parameter "phase_shift1" = "0 ps"
    Info (12134): Parameter "duty_cycle1" = "50"
    Info (12134): Parameter "output_clock_frequency2" = "0 MHz"
    Info (12134): Parameter "phase_shift2" = "0 ps"
    Info (12134): Parameter "duty_cycle2" = "50"
    Info (12134): Parameter "output_clock_frequency3" = "0 MHz"
    Info (12134): Parameter "phase_shift3" = "0 ps"
    Info (12134): Parameter "duty_cycle3" = "50"
    Info (12134): Parameter "output_clock_frequency4" = "0 MHz"
    Info (12134): Parameter "phase_shift4" = "0 ps"
    Info (12134): Parameter "duty_cycle4" = "50"
    Info (12134): Parameter "output_clock_frequency5" = "0 MHz"
    Info (12134): Parameter "phase_shift5" = "0 ps"
    Info (12134): Parameter "duty_cycle5" = "50"
    Info (12134): Parameter "output_clock_frequency6" = "0 MHz"
    Info (12134): Parameter "phase_shift6" = "0 ps"
    Info (12134): Parameter "duty_cycle6" = "50"
    Info (12134): Parameter "output_clock_frequency7" = "0 MHz"
    Info (12134): Parameter "phase_shift7" = "0 ps"
    Info (12134): Parameter "duty_cycle7" = "50"
    Info (12134): Parameter "output_clock_frequency8" = "0 MHz"
    Info (12134): Parameter "phase_shift8" = "0 ps"
    Info (12134): Parameter "duty_cycle8" = "50"
    Info (12134): Parameter "output_clock_frequency9" = "0 MHz"
    Info (12134): Parameter "phase_shift9" = "0 ps"
    Info (12134): Parameter "duty_cycle9" = "50"
    Info (12134): Parameter "output_clock_frequency10" = "0 MHz"
    Info (12134): Parameter "phase_shift10" = "0 ps"
    Info (12134): Parameter "duty_cycle10" = "50"
    Info (12134): Parameter "output_clock_frequency11" = "0 MHz"
    Info (12134): Parameter "phase_shift11" = "0 ps"
    Info (12134): Parameter "duty_cycle11" = "50"
    Info (12134): Parameter "output_clock_frequency12" = "0 MHz"
    Info (12134): Parameter "phase_shift12" = "0 ps"
    Info (12134): Parameter "duty_cycle12" = "50"
    Info (12134): Parameter "output_clock_frequency13" = "0 MHz"
    Info (12134): Parameter "phase_shift13" = "0 ps"
    Info (12134): Parameter "duty_cycle13" = "50"
    Info (12134): Parameter "output_clock_frequency14" = "0 MHz"
    Info (12134): Parameter "phase_shift14" = "0 ps"
    Info (12134): Parameter "duty_cycle14" = "50"
    Info (12134): Parameter "output_clock_frequency15" = "0 MHz"
    Info (12134): Parameter "phase_shift15" = "0 ps"
    Info (12134): Parameter "duty_cycle15" = "50"
    Info (12134): Parameter "output_clock_frequency16" = "0 MHz"
    Info (12134): Parameter "phase_shift16" = "0 ps"
    Info (12134): Parameter "duty_cycle16" = "50"
    Info (12134): Parameter "output_clock_frequency17" = "0 MHz"
    Info (12134): Parameter "phase_shift17" = "0 ps"
    Info (12134): Parameter "duty_cycle17" = "50"
    Info (12134): Parameter "pll_type" = "General"
    Info (12134): Parameter "pll_subtype" = "General"
Info (12128): Elaborating entity "resolucao_logica" for hierarchy "resolucao_logica:comb_5" File: /home/aluno/Downloads/PROJETO_NOVO_at-20260831T184838Z-1-001/PROJETO_NOVO_at/DE1_SOC_golden_top.v Line: 326
Warning (10230): Verilog HDL assignment warning at resolucao_logica.v(25): truncated value with size 32 to match size of target (9) File: /home/aluno/Downloads/PROJETO_NOVO_at-20260831T184838Z-1-001/PROJETO_NOVO_at/resolucao_logica.v Line: 25
Warning (10230): Verilog HDL assignment warning at resolucao_logica.v(26): truncated value with size 32 to match size of target (8) File: /home/aluno/Downloads/PROJETO_NOVO_at-20260831T184838Z-1-001/PROJETO_NOVO_at/resolucao_logica.v Line: 26
Warning (10230): Verilog HDL assignment warning at resolucao_logica.v(40): truncated value with size 32 to match size of target (17) File: /home/aluno/Downloads/PROJETO_NOVO_at-20260831T184838Z-1-001/PROJETO_NOVO_at/resolucao_logica.v Line: 40
Info (12128): Elaborating entity "RAMVIDEO" for hierarchy "resolucao_logica:comb_5|RAMVIDEO:comb_39" File: /home/aluno/Downloads/PROJETO_NOVO_at-20260831T184838Z-1-001/PROJETO_NOVO_at/resolucao_logica.v Line: 48
Info (12128): Elaborating entity "altsyncram" for hierarchy "resolucao_logica:comb_5|RAMVIDEO:comb_39|altsyncram:altsyncram_component" File: /home/aluno/Downloads/PROJETO_NOVO_at-20260831T184838Z-1-001/PROJETO_NOVO_at/RAMVIDEO.v Line: 89
Info (12130): Elaborated megafunction instantiation "resolucao_logica:comb_5|RAMVIDEO:comb_39|altsyncram:altsyncram_component" File: /home/aluno/Downloads/PROJETO_NOVO_at-20260831T184838Z-1-001/PROJETO_NOVO_at/RAMVIDEO.v Line: 89
Info (12133): Instantiated megafunction "resolucao_logica:comb_5|RAMVIDEO:comb_39|altsyncram:altsyncram_component" with the following parameter: File: /home/aluno/Downloads/PROJETO_NOVO_at-20260831T184838Z-1-001/PROJETO_NOVO_at/RAMVIDEO.v Line: 89
    Info (12134): Parameter "address_aclr_b" = "NONE"
    Info (12134): Parameter "address_reg_b" = "CLOCK0"
    Info (12134): Parameter "clock_enable_input_a" = "BYPASS"
    Info (12134): Parameter "clock_enable_input_b" = "BYPASS"
    Info (12134): Parameter "clock_enable_output_b" = "BYPASS"
    Info (12134): Parameter "init_file" = "../memory_76800.mif"
    Info (12134): Parameter "intended_device_family" = "Cyclone V"
    Info (12134): Parameter "lpm_type" = "altsyncram"
    Info (12134): Parameter "numwords_a" = "76800"
    Info (12134): Parameter "numwords_b" = "76800"
    Info (12134): Parameter "operation_mode" = "DUAL_PORT"
    Info (12134): Parameter "outdata_aclr_b" = "NONE"
    Info (12134): Parameter "outdata_reg_b" = "CLOCK0"
    Info (12134): Parameter "power_up_uninitialized" = "FALSE"
    Info (12134): Parameter "ram_block_type" = "M10K"
    Info (12134): Parameter "read_during_write_mode_mixed_ports" = "DONT_CARE"
    Info (12134): Parameter "widthad_a" = "17"
    Info (12134): Parameter "widthad_b" = "17"
    Info (12134): Parameter "width_a" = "8"
    Info (12134): Parameter "width_b" = "8"
    Info (12134): Parameter "width_byteena_a" = "1"
Info (12021): Found 1 design units, including 1 entities, in source file db/altsyncram_9f22.tdf
    Info (12023): Found entity 1: altsyncram_9f22 File: /home/aluno/Downloads/PROJETO_NOVO_at-20260831T184838Z-1-001/PROJETO_NOVO_at/db/altsyncram_9f22.tdf Line: 34
Info (12128): Elaborating entity "altsyncram_9f22" for hierarchy "resolucao_logica:comb_5|RAMVIDEO:comb_39|altsyncram:altsyncram_component|altsyncram_9f22:auto_generated" File: /opt/intelFPGA_lite/25.1/quartus/libraries/megafunctions/altsyncram.tdf Line: 792
Info (12021): Found 1 design units, including 1 entities, in source file db/decode_nma.tdf
    Info (12023): Found entity 1: decode_nma File: /home/aluno/Downloads/PROJETO_NOVO_at-20260831T184838Z-1-001/PROJETO_NOVO_at/db/decode_nma.tdf Line: 23
Info (12128): Elaborating entity "decode_nma" for hierarchy "resolucao_logica:comb_5|RAMVIDEO:comb_39|altsyncram:altsyncram_component|altsyncram_9f22:auto_generated|decode_nma:decode2" File: /home/aluno/Downloads/PROJETO_NOVO_at-20260831T184838Z-1-001/PROJETO_NOVO_at/db/altsyncram_9f22.tdf Line: 46
Info (12021): Found 1 design units, including 1 entities, in source file db/decode_g2a.tdf
    Info (12023): Found entity 1: decode_g2a File: /home/aluno/Downloads/PROJETO_NOVO_at-20260831T184838Z-1-001/PROJETO_NOVO_at/db/decode_g2a.tdf Line: 23
Info (12128): Elaborating entity "decode_g2a" for hierarchy "resolucao_logica:comb_5|RAMVIDEO:comb_39|altsyncram:altsyncram_component|altsyncram_9f22:auto_generated|decode_g2a:rden_decode_b" File: /home/aluno/Downloads/PROJETO_NOVO_at-20260831T184838Z-1-001/PROJETO_NOVO_at/db/altsyncram_9f22.tdf Line: 47
Info (12021): Found 1 design units, including 1 entities, in source file db/mux_7hb.tdf
    Info (12023): Found entity 1: mux_7hb File: /home/aluno/Downloads/PROJETO_NOVO_at-20260831T184838Z-1-001/PROJETO_NOVO_at/db/mux_7hb.tdf Line: 23
Info (12128): Elaborating entity "mux_7hb" for hierarchy "resolucao_logica:comb_5|RAMVIDEO:comb_39|altsyncram:altsyncram_component|altsyncram_9f22:auto_generated|mux_7hb:mux3" File: /home/aluno/Downloads/PROJETO_NOVO_at-20260831T184838Z-1-001/PROJETO_NOVO_at/db/altsyncram_9f22.tdf Line: 49
Info (12128): Elaborating entity "vga_driver" for hierarchy "resolucao_logica:comb_5|vga_driver:comb_40" File: /home/aluno/Downloads/PROJETO_NOVO_at-20260831T184838Z-1-001/PROJETO_NOVO_at/resolucao_logica.v Line: 65
Info (278001): Inferred 2 megafunctions from design logic
    Info (278004): Inferred divider/modulo megafunction ("lpm_divide") from the following logic: "motorBack_Ground:comb_3|contadorVid:comb_49297|Div0" File: /home/aluno/Downloads/PROJETO_NOVO_at-20260831T184838Z-1-001/PROJETO_NOVO_at/contadorVid.v Line: 40
    Info (278004): Inferred divider/modulo megafunction ("lpm_divide") from the following logic: "motorBack_Ground:comb_3|contadorVid:comb_49297|Mod0" File: /home/aluno/Downloads/PROJETO_NOVO_at-20260831T184838Z-1-001/PROJETO_NOVO_at/contadorVid.v Line: 41
Info (12130): Elaborated megafunction instantiation "motorBack_Ground:comb_3|contadorVid:comb_49297|lpm_divide:Div0" File: /home/aluno/Downloads/PROJETO_NOVO_at-20260831T184838Z-1-001/PROJETO_NOVO_at/contadorVid.v Line: 40
Info (12133): Instantiated megafunction "motorBack_Ground:comb_3|contadorVid:comb_49297|lpm_divide:Div0" with the following parameter: File: /home/aluno/Downloads/PROJETO_NOVO_at-20260831T184838Z-1-001/PROJETO_NOVO_at/contadorVid.v Line: 40
    Info (12134): Parameter "LPM_WIDTHN" = "17"
    Info (12134): Parameter "LPM_WIDTHD" = "9"
    Info (12134): Parameter "LPM_NREPRESENTATION" = "UNSIGNED"
    Info (12134): Parameter "LPM_DREPRESENTATION" = "UNSIGNED"
Info (12021): Found 1 design units, including 1 entities, in source file db/lpm_divide_qbm.tdf
    Info (12023): Found entity 1: lpm_divide_qbm File: /home/aluno/Downloads/PROJETO_NOVO_at-20260831T184838Z-1-001/PROJETO_NOVO_at/db/lpm_divide_qbm.tdf Line: 25
Info (12021): Found 1 design units, including 1 entities, in source file db/sign_div_unsign_0mh.tdf
    Info (12023): Found entity 1: sign_div_unsign_0mh File: /home/aluno/Downloads/PROJETO_NOVO_at-20260831T184838Z-1-001/PROJETO_NOVO_at/db/sign_div_unsign_0mh.tdf Line: 25
Info (12021): Found 1 design units, including 1 entities, in source file db/alt_u_div_60f.tdf
    Info (12023): Found entity 1: alt_u_div_60f File: /home/aluno/Downloads/PROJETO_NOVO_at-20260831T184838Z-1-001/PROJETO_NOVO_at/db/alt_u_div_60f.tdf Line: 23
Info (12130): Elaborated megafunction instantiation "motorBack_Ground:comb_3|contadorVid:comb_49297|lpm_divide:Mod0" File: /home/aluno/Downloads/PROJETO_NOVO_at-20260831T184838Z-1-001/PROJETO_NOVO_at/contadorVid.v Line: 41
Info (12133): Instantiated megafunction "motorBack_Ground:comb_3|contadorVid:comb_49297|lpm_divide:Mod0" with the following parameter: File: /home/aluno/Downloads/PROJETO_NOVO_at-20260831T184838Z-1-001/PROJETO_NOVO_at/contadorVid.v Line: 41
    Info (12134): Parameter "LPM_WIDTHN" = "17"
    Info (12134): Parameter "LPM_WIDTHD" = "9"
    Info (12134): Parameter "LPM_NREPRESENTATION" = "UNSIGNED"
    Info (12134): Parameter "LPM_DREPRESENTATION" = "UNSIGNED"
Info (12021): Found 1 design units, including 1 entities, in source file db/lpm_divide_t3m.tdf
    Info (12023): Found entity 1: lpm_divide_t3m File: /home/aluno/Downloads/PROJETO_NOVO_at-20260831T184838Z-1-001/PROJETO_NOVO_at/db/lpm_divide_t3m.tdf Line: 25
Warning (12241): 1 hierarchies have connectivity warnings - see the Connectivity Checks report folder
Warning (13039): The following bidirectional pins have no drivers
    Warning (13040): bidirectional pin "AUD_ADCLRCK" has no driver File: /home/aluno/Downloads/PROJETO_NOVO_at-20260831T184838Z-1-001/PROJETO_NOVO_at/DE1_SOC_golden_top.v Line: 70
    Warning (13040): bidirectional pin "AUD_BCLK" has no driver File: /home/aluno/Downloads/PROJETO_NOVO_at-20260831T184838Z-1-001/PROJETO_NOVO_at/DE1_SOC_golden_top.v Line: 71
    Warning (13040): bidirectional pin "AUD_DACLRCK" has no driver File: /home/aluno/Downloads/PROJETO_NOVO_at-20260831T184838Z-1-001/PROJETO_NOVO_at/DE1_SOC_golden_top.v Line: 73
    Warning (13040): bidirectional pin "DRAM_DQ[0]" has no driver File: /home/aluno/Downloads/PROJETO_NOVO_at-20260831T184838Z-1-001/PROJETO_NOVO_at/DE1_SOC_golden_top.v Line: 106
    Warning (13040): bidirectional pin "DRAM_DQ[1]" has no driver File: /home/aluno/Downloads/PROJETO_NOVO_at-20260831T184838Z-1-001/PROJETO_NOVO_at/DE1_SOC_golden_top.v Line: 106
    Warning (13040): bidirectional pin "DRAM_DQ[2]" has no driver File: /home/aluno/Downloads/PROJETO_NOVO_at-20260831T184838Z-1-001/PROJETO_NOVO_at/DE1_SOC_golden_top.v Line: 106
    Warning (13040): bidirectional pin "DRAM_DQ[3]" has no driver File: /home/aluno/Downloads/PROJETO_NOVO_at-20260831T184838Z-1-001/PROJETO_NOVO_at/DE1_SOC_golden_top.v Line: 106
    Warning (13040): bidirectional pin "DRAM_DQ[4]" has no driver File: /home/aluno/Downloads/PROJETO_NOVO_at-20260831T184838Z-1-001/PROJETO_NOVO_at/DE1_SOC_golden_top.v Line: 106
    Warning (13040): bidirectional pin "DRAM_DQ[5]" has no driver File: /home/aluno/Downloads/PROJETO_NOVO_at-20260831T184838Z-1-001/PROJETO_NOVO_at/DE1_SOC_golden_top.v Line: 106
    Warning (13040): bidirectional pin "DRAM_DQ[6]" has no driver File: /home/aluno/Downloads/PROJETO_NOVO_at-20260831T184838Z-1-001/PROJETO_NOVO_at/DE1_SOC_golden_top.v Line: 106
    Warning (13040): bidirectional pin "DRAM_DQ[7]" has no driver File: /home/aluno/Downloads/PROJETO_NOVO_at-20260831T184838Z-1-001/PROJETO_NOVO_at/DE1_SOC_golden_top.v Line: 106
    Warning (13040): bidirectional pin "DRAM_DQ[8]" has no driver File: /home/aluno/Downloads/PROJETO_NOVO_at-20260831T184838Z-1-001/PROJETO_NOVO_at/DE1_SOC_golden_top.v Line: 106
    Warning (13040): bidirectional pin "DRAM_DQ[9]" has no driver File: /home/aluno/Downloads/PROJETO_NOVO_at-20260831T184838Z-1-001/PROJETO_NOVO_at/DE1_SOC_golden_top.v Line: 106
    Warning (13040): bidirectional pin "DRAM_DQ[10]" has no driver File: /home/aluno/Downloads/PROJETO_NOVO_at-20260831T184838Z-1-001/PROJETO_NOVO_at/DE1_SOC_golden_top.v Line: 106
    Warning (13040): bidirectional pin "DRAM_DQ[11]" has no driver File: /home/aluno/Downloads/PROJETO_NOVO_at-20260831T184838Z-1-001/PROJETO_NOVO_at/DE1_SOC_golden_top.v Line: 106
    Warning (13040): bidirectional pin "DRAM_DQ[12]" has no driver File: /home/aluno/Downloads/PROJETO_NOVO_at-20260831T184838Z-1-001/PROJETO_NOVO_at/DE1_SOC_golden_top.v Line: 106
    Warning (13040): bidirectional pin "DRAM_DQ[13]" has no driver File: /home/aluno/Downloads/PROJETO_NOVO_at-20260831T184838Z-1-001/PROJETO_NOVO_at/DE1_SOC_golden_top.v Line: 106
    Warning (13040): bidirectional pin "DRAM_DQ[14]" has no driver File: /home/aluno/Downloads/PROJETO_NOVO_at-20260831T184838Z-1-001/PROJETO_NOVO_at/DE1_SOC_golden_top.v Line: 106
    Warning (13040): bidirectional pin "DRAM_DQ[15]" has no driver File: /home/aluno/Downloads/PROJETO_NOVO_at-20260831T184838Z-1-001/PROJETO_NOVO_at/DE1_SOC_golden_top.v Line: 106
    Warning (13040): bidirectional pin "FPGA_I2C_SDAT" has no driver File: /home/aluno/Downloads/PROJETO_NOVO_at-20260831T184838Z-1-001/PROJETO_NOVO_at/DE1_SOC_golden_top.v Line: 121
    Warning (13040): bidirectional pin "GPIO_0[0]" has no driver File: /home/aluno/Downloads/PROJETO_NOVO_at-20260831T184838Z-1-001/PROJETO_NOVO_at/DE1_SOC_golden_top.v Line: 126
    Warning (13040): bidirectional pin "GPIO_0[1]" has no driver File: /home/aluno/Downloads/PROJETO_NOVO_at-20260831T184838Z-1-001/PROJETO_NOVO_at/DE1_SOC_golden_top.v Line: 126
    Warning (13040): bidirectional pin "GPIO_0[2]" has no driver File: /home/aluno/Downloads/PROJETO_NOVO_at-20260831T184838Z-1-001/PROJETO_NOVO_at/DE1_SOC_golden_top.v Line: 126
    Warning (13040): bidirectional pin "GPIO_0[3]" has no driver File: /home/aluno/Downloads/PROJETO_NOVO_at-20260831T184838Z-1-001/PROJETO_NOVO_at/DE1_SOC_golden_top.v Line: 126
    Warning (13040): bidirectional pin "GPIO_0[4]" has no driver File: /home/aluno/Downloads/PROJETO_NOVO_at-20260831T184838Z-1-001/PROJETO_NOVO_at/DE1_SOC_golden_top.v Line: 126
    Warning (13040): bidirectional pin "GPIO_0[5]" has no driver File: /home/aluno/Downloads/PROJETO_NOVO_at-20260831T184838Z-1-001/PROJETO_NOVO_at/DE1_SOC_golden_top.v Line: 126
    Warning (13040): bidirectional pin "GPIO_0[6]" has no driver File: /home/aluno/Downloads/PROJETO_NOVO_at-20260831T184838Z-1-001/PROJETO_NOVO_at/DE1_SOC_golden_top.v Line: 126
    Warning (13040): bidirectional pin "GPIO_0[7]" has no driver File: /home/aluno/Downloads/PROJETO_NOVO_at-20260831T184838Z-1-001/PROJETO_NOVO_at/DE1_SOC_golden_top.v Line: 126
    Warning (13040): bidirectional pin "GPIO_0[8]" has no driver File: /home/aluno/Downloads/PROJETO_NOVO_at-20260831T184838Z-1-001/PROJETO_NOVO_at/DE1_SOC_golden_top.v Line: 126
    Warning (13040): bidirectional pin "GPIO_0[9]" has no driver File: /home/aluno/Downloads/PROJETO_NOVO_at-20260831T184838Z-1-001/PROJETO_NOVO_at/DE1_SOC_golden_top.v Line: 126
    Warning (13040): bidirectional pin "GPIO_0[10]" has no driver File: /home/aluno/Downloads/PROJETO_NOVO_at-20260831T184838Z-1-001/PROJETO_NOVO_at/DE1_SOC_golden_top.v Line: 126
    Warning (13040): bidirectional pin "GPIO_0[11]" has no driver File: /home/aluno/Downloads/PROJETO_NOVO_at-20260831T184838Z-1-001/PROJETO_NOVO_at/DE1_SOC_golden_top.v Line: 126
    Warning (13040): bidirectional pin "GPIO_0[12]" has no driver File: /home/aluno/Downloads/PROJETO_NOVO_at-20260831T184838Z-1-001/PROJETO_NOVO_at/DE1_SOC_golden_top.v Line: 126
    Warning (13040): bidirectional pin "GPIO_0[13]" has no driver File: /home/aluno/Downloads/PROJETO_NOVO_at-20260831T184838Z-1-001/PROJETO_NOVO_at/DE1_SOC_golden_top.v Line: 126
    Warning (13040): bidirectional pin "GPIO_0[14]" has no driver File: /home/aluno/Downloads/PROJETO_NOVO_at-20260831T184838Z-1-001/PROJETO_NOVO_at/DE1_SOC_golden_top.v Line: 126
    Warning (13040): bidirectional pin "GPIO_0[15]" has no driver File: /home/aluno/Downloads/PROJETO_NOVO_at-20260831T184838Z-1-001/PROJETO_NOVO_at/DE1_SOC_golden_top.v Line: 126
    Warning (13040): bidirectional pin "GPIO_0[16]" has no driver File: /home/aluno/Downloads/PROJETO_NOVO_at-20260831T184838Z-1-001/PROJETO_NOVO_at/DE1_SOC_golden_top.v Line: 126
    Warning (13040): bidirectional pin "GPIO_0[17]" has no driver File: /home/aluno/Downloads/PROJETO_NOVO_at-20260831T184838Z-1-001/PROJETO_NOVO_at/DE1_SOC_golden_top.v Line: 126
    Warning (13040): bidirectional pin "GPIO_0[18]" has no driver File: /home/aluno/Downloads/PROJETO_NOVO_at-20260831T184838Z-1-001/PROJETO_NOVO_at/DE1_SOC_golden_top.v Line: 126
    Warning (13040): bidirectional pin "GPIO_0[19]" has no driver File: /home/aluno/Downloads/PROJETO_NOVO_at-20260831T184838Z-1-001/PROJETO_NOVO_at/DE1_SOC_golden_top.v Line: 126
    Warning (13040): bidirectional pin "GPIO_0[20]" has no driver File: /home/aluno/Downloads/PROJETO_NOVO_at-20260831T184838Z-1-001/PROJETO_NOVO_at/DE1_SOC_golden_top.v Line: 126
    Warning (13040): bidirectional pin "GPIO_0[21]" has no driver File: /home/aluno/Downloads/PROJETO_NOVO_at-20260831T184838Z-1-001/PROJETO_NOVO_at/DE1_SOC_golden_top.v Line: 126
    Warning (13040): bidirectional pin "GPIO_0[22]" has no driver File: /home/aluno/Downloads/PROJETO_NOVO_at-20260831T184838Z-1-001/PROJETO_NOVO_at/DE1_SOC_golden_top.v Line: 126
    Warning (13040): bidirectional pin "GPIO_0[23]" has no driver File: /home/aluno/Downloads/PROJETO_NOVO_at-20260831T184838Z-1-001/PROJETO_NOVO_at/DE1_SOC_golden_top.v Line: 126
    Warning (13040): bidirectional pin "GPIO_0[24]" has no driver File: /home/aluno/Downloads/PROJETO_NOVO_at-20260831T184838Z-1-001/PROJETO_NOVO_at/DE1_SOC_golden_top.v Line: 126
    Warning (13040): bidirectional pin "GPIO_0[25]" has no driver File: /home/aluno/Downloads/PROJETO_NOVO_at-20260831T184838Z-1-001/PROJETO_NOVO_at/DE1_SOC_golden_top.v Line: 126
    Warning (13040): bidirectional pin "GPIO_0[26]" has no driver File: /home/aluno/Downloads/PROJETO_NOVO_at-20260831T184838Z-1-001/PROJETO_NOVO_at/DE1_SOC_golden_top.v Line: 126
    Warning (13040): bidirectional pin "GPIO_0[27]" has no driver File: /home/aluno/Downloads/PROJETO_NOVO_at-20260831T184838Z-1-001/PROJETO_NOVO_at/DE1_SOC_golden_top.v Line: 126
    Warning (13040): bidirectional pin "GPIO_0[28]" has no driver File: /home/aluno/Downloads/PROJETO_NOVO_at-20260831T184838Z-1-001/PROJETO_NOVO_at/DE1_SOC_golden_top.v Line: 126
    Warning (13040): bidirectional pin "GPIO_0[29]" has no driver File: /home/aluno/Downloads/PROJETO_NOVO_at-20260831T184838Z-1-001/PROJETO_NOVO_at/DE1_SOC_golden_top.v Line: 126
    Warning (13040): bidirectional pin "GPIO_0[30]" has no driver File: /home/aluno/Downloads/PROJETO_NOVO_at-20260831T184838Z-1-001/PROJETO_NOVO_at/DE1_SOC_golden_top.v Line: 126
    Warning (13040): bidirectional pin "GPIO_0[31]" has no driver File: /home/aluno/Downloads/PROJETO_NOVO_at-20260831T184838Z-1-001/PROJETO_NOVO_at/DE1_SOC_golden_top.v Line: 126
    Warning (13040): bidirectional pin "GPIO_0[32]" has no driver File: /home/aluno/Downloads/PROJETO_NOVO_at-20260831T184838Z-1-001/PROJETO_NOVO_at/DE1_SOC_golden_top.v Line: 126
    Warning (13040): bidirectional pin "GPIO_0[33]" has no driver File: /home/aluno/Downloads/PROJETO_NOVO_at-20260831T184838Z-1-001/PROJETO_NOVO_at/DE1_SOC_golden_top.v Line: 126
    Warning (13040): bidirectional pin "GPIO_0[34]" has no driver File: /home/aluno/Downloads/PROJETO_NOVO_at-20260831T184838Z-1-001/PROJETO_NOVO_at/DE1_SOC_golden_top.v Line: 126
    Warning (13040): bidirectional pin "GPIO_0[35]" has no driver File: /home/aluno/Downloads/PROJETO_NOVO_at-20260831T184838Z-1-001/PROJETO_NOVO_at/DE1_SOC_golden_top.v Line: 126
    Warning (13040): bidirectional pin "GPIO_1[0]" has no driver File: /home/aluno/Downloads/PROJETO_NOVO_at-20260831T184838Z-1-001/PROJETO_NOVO_at/DE1_SOC_golden_top.v Line: 127
    Warning (13040): bidirectional pin "GPIO_1[1]" has no driver File: /home/aluno/Downloads/PROJETO_NOVO_at-20260831T184838Z-1-001/PROJETO_NOVO_at/DE1_SOC_golden_top.v Line: 127
    Warning (13040): bidirectional pin "GPIO_1[2]" has no driver File: /home/aluno/Downloads/PROJETO_NOVO_at-20260831T184838Z-1-001/PROJETO_NOVO_at/DE1_SOC_golden_top.v Line: 127
    Warning (13040): bidirectional pin "GPIO_1[3]" has no driver File: /home/aluno/Downloads/PROJETO_NOVO_at-20260831T184838Z-1-001/PROJETO_NOVO_at/DE1_SOC_golden_top.v Line: 127
    Warning (13040): bidirectional pin "GPIO_1[4]" has no driver File: /home/aluno/Downloads/PROJETO_NOVO_at-20260831T184838Z-1-001/PROJETO_NOVO_at/DE1_SOC_golden_top.v Line: 127
    Warning (13040): bidirectional pin "GPIO_1[5]" has no driver File: /home/aluno/Downloads/PROJETO_NOVO_at-20260831T184838Z-1-001/PROJETO_NOVO_at/DE1_SOC_golden_top.v Line: 127
    Warning (13040): bidirectional pin "GPIO_1[6]" has no driver File: /home/aluno/Downloads/PROJETO_NOVO_at-20260831T184838Z-1-001/PROJETO_NOVO_at/DE1_SOC_golden_top.v Line: 127
    Warning (13040): bidirectional pin "GPIO_1[7]" has no driver File: /home/aluno/Downloads/PROJETO_NOVO_at-20260831T184838Z-1-001/PROJETO_NOVO_at/DE1_SOC_golden_top.v Line: 127
    Warning (13040): bidirectional pin "GPIO_1[8]" has no driver File: /home/aluno/Downloads/PROJETO_NOVO_at-20260831T184838Z-1-001/PROJETO_NOVO_at/DE1_SOC_golden_top.v Line: 127
    Warning (13040): bidirectional pin "GPIO_1[9]" has no driver File: /home/aluno/Downloads/PROJETO_NOVO_at-20260831T184838Z-1-001/PROJETO_NOVO_at/DE1_SOC_golden_top.v Line: 127
    Warning (13040): bidirectional pin "GPIO_1[10]" has no driver File: /home/aluno/Downloads/PROJETO_NOVO_at-20260831T184838Z-1-001/PROJETO_NOVO_at/DE1_SOC_golden_top.v Line: 127
    Warning (13040): bidirectional pin "GPIO_1[11]" has no driver File: /home/aluno/Downloads/PROJETO_NOVO_at-20260831T184838Z-1-001/PROJETO_NOVO_at/DE1_SOC_golden_top.v Line: 127
    Warning (13040): bidirectional pin "GPIO_1[12]" has no driver File: /home/aluno/Downloads/PROJETO_NOVO_at-20260831T184838Z-1-001/PROJETO_NOVO_at/DE1_SOC_golden_top.v Line: 127
    Warning (13040): bidirectional pin "GPIO_1[13]" has no driver File: /home/aluno/Downloads/PROJETO_NOVO_at-20260831T184838Z-1-001/PROJETO_NOVO_at/DE1_SOC_golden_top.v Line: 127
    Warning (13040): bidirectional pin "GPIO_1[14]" has no driver File: /home/aluno/Downloads/PROJETO_NOVO_at-20260831T184838Z-1-001/PROJETO_NOVO_at/DE1_SOC_golden_top.v Line: 127
    Warning (13040): bidirectional pin "GPIO_1[15]" has no driver File: /home/aluno/Downloads/PROJETO_NOVO_at-20260831T184838Z-1-001/PROJETO_NOVO_at/DE1_SOC_golden_top.v Line: 127
    Warning (13040): bidirectional pin "GPIO_1[16]" has no driver File: /home/aluno/Downloads/PROJETO_NOVO_at-20260831T184838Z-1-001/PROJETO_NOVO_at/DE1_SOC_golden_top.v Line: 127
    Warning (13040): bidirectional pin "GPIO_1[17]" has no driver File: /home/aluno/Downloads/PROJETO_NOVO_at-20260831T184838Z-1-001/PROJETO_NOVO_at/DE1_SOC_golden_top.v Line: 127
    Warning (13040): bidirectional pin "GPIO_1[18]" has no driver File: /home/aluno/Downloads/PROJETO_NOVO_at-20260831T184838Z-1-001/PROJETO_NOVO_at/DE1_SOC_golden_top.v Line: 127
    Warning (13040): bidirectional pin "GPIO_1[19]" has no driver File: /home/aluno/Downloads/PROJETO_NOVO_at-20260831T184838Z-1-001/PROJETO_NOVO_at/DE1_SOC_golden_top.v Line: 127
    Warning (13040): bidirectional pin "GPIO_1[20]" has no driver File: /home/aluno/Downloads/PROJETO_NOVO_at-20260831T184838Z-1-001/PROJETO_NOVO_at/DE1_SOC_golden_top.v Line: 127
    Warning (13040): bidirectional pin "GPIO_1[21]" has no driver File: /home/aluno/Downloads/PROJETO_NOVO_at-20260831T184838Z-1-001/PROJETO_NOVO_at/DE1_SOC_golden_top.v Line: 127
    Warning (13040): bidirectional pin "GPIO_1[22]" has no driver File: /home/aluno/Downloads/PROJETO_NOVO_at-20260831T184838Z-1-001/PROJETO_NOVO_at/DE1_SOC_golden_top.v Line: 127
    Warning (13040): bidirectional pin "GPIO_1[23]" has no driver File: /home/aluno/Downloads/PROJETO_NOVO_at-20260831T184838Z-1-001/PROJETO_NOVO_at/DE1_SOC_golden_top.v Line: 127
    Warning (13040): bidirectional pin "GPIO_1[24]" has no driver File: /home/aluno/Downloads/PROJETO_NOVO_at-20260831T184838Z-1-001/PROJETO_NOVO_at/DE1_SOC_golden_top.v Line: 127
    Warning (13040): bidirectional pin "GPIO_1[25]" has no driver File: /home/aluno/Downloads/PROJETO_NOVO_at-20260831T184838Z-1-001/PROJETO_NOVO_at/DE1_SOC_golden_top.v Line: 127
    Warning (13040): bidirectional pin "GPIO_1[26]" has no driver File: /home/aluno/Downloads/PROJETO_NOVO_at-20260831T184838Z-1-001/PROJETO_NOVO_at/DE1_SOC_golden_top.v Line: 127
    Warning (13040): bidirectional pin "GPIO_1[27]" has no driver File: /home/aluno/Downloads/PROJETO_NOVO_at-20260831T184838Z-1-001/PROJETO_NOVO_at/DE1_SOC_golden_top.v Line: 127
    Warning (13040): bidirectional pin "GPIO_1[28]" has no driver File: /home/aluno/Downloads/PROJETO_NOVO_at-20260831T184838Z-1-001/PROJETO_NOVO_at/DE1_SOC_golden_top.v Line: 127
    Warning (13040): bidirectional pin "GPIO_1[29]" has no driver File: /home/aluno/Downloads/PROJETO_NOVO_at-20260831T184838Z-1-001/PROJETO_NOVO_at/DE1_SOC_golden_top.v Line: 127
    Warning (13040): bidirectional pin "GPIO_1[30]" has no driver File: /home/aluno/Downloads/PROJETO_NOVO_at-20260831T184838Z-1-001/PROJETO_NOVO_at/DE1_SOC_golden_top.v Line: 127
    Warning (13040): bidirectional pin "GPIO_1[31]" has no driver File: /home/aluno/Downloads/PROJETO_NOVO_at-20260831T184838Z-1-001/PROJETO_NOVO_at/DE1_SOC_golden_top.v Line: 127
    Warning (13040): bidirectional pin "GPIO_1[32]" has no driver File: /home/aluno/Downloads/PROJETO_NOVO_at-20260831T184838Z-1-001/PROJETO_NOVO_at/DE1_SOC_golden_top.v Line: 127
    Warning (13040): bidirectional pin "GPIO_1[33]" has no driver File: /home/aluno/Downloads/PROJETO_NOVO_at-20260831T184838Z-1-001/PROJETO_NOVO_at/DE1_SOC_golden_top.v Line: 127
    Warning (13040): bidirectional pin "GPIO_1[34]" has no driver File: /home/aluno/Downloads/PROJETO_NOVO_at-20260831T184838Z-1-001/PROJETO_NOVO_at/DE1_SOC_golden_top.v Line: 127
    Warning (13040): bidirectional pin "GPIO_1[35]" has no driver File: /home/aluno/Downloads/PROJETO_NOVO_at-20260831T184838Z-1-001/PROJETO_NOVO_at/DE1_SOC_golden_top.v Line: 127
    Warning (13040): bidirectional pin "PS2_CLK" has no driver File: /home/aluno/Downloads/PROJETO_NOVO_at-20260831T184838Z-1-001/PROJETO_NOVO_at/DE1_SOC_golden_top.v Line: 215
    Warning (13040): bidirectional pin "PS2_CLK2" has no driver File: /home/aluno/Downloads/PROJETO_NOVO_at-20260831T184838Z-1-001/PROJETO_NOVO_at/DE1_SOC_golden_top.v Line: 216
    Warning (13040): bidirectional pin "PS2_DAT" has no driver File: /home/aluno/Downloads/PROJETO_NOVO_at-20260831T184838Z-1-001/PROJETO_NOVO_at/DE1_SOC_golden_top.v Line: 217
    Warning (13040): bidirectional pin "PS2_DAT2" has no driver File: /home/aluno/Downloads/PROJETO_NOVO_at-20260831T184838Z-1-001/PROJETO_NOVO_at/DE1_SOC_golden_top.v Line: 218
Warning (13024): Output pins are stuck at VCC or GND
    Warning (13410): Pin "ADC_CONVST" is stuck at GND File: /home/aluno/Downloads/PROJETO_NOVO_at-20260831T184838Z-1-001/PROJETO_NOVO_at/DE1_SOC_golden_top.v Line: 59
    Warning (13410): Pin "ADC_DIN" is stuck at GND File: /home/aluno/Downloads/PROJETO_NOVO_at-20260831T184838Z-1-001/PROJETO_NOVO_at/DE1_SOC_golden_top.v Line: 60
    Warning (13410): Pin "ADC_SCLK" is stuck at GND File: /home/aluno/Downloads/PROJETO_NOVO_at-20260831T184838Z-1-001/PROJETO_NOVO_at/DE1_SOC_golden_top.v Line: 62
    Warning (13410): Pin "AUD_DACDAT" is stuck at GND File: /home/aluno/Downloads/PROJETO_NOVO_at-20260831T184838Z-1-001/PROJETO_NOVO_at/DE1_SOC_golden_top.v Line: 72
    Warning (13410): Pin "AUD_XCK" is stuck at GND File: /home/aluno/Downloads/PROJETO_NOVO_at-20260831T184838Z-1-001/PROJETO_NOVO_at/DE1_SOC_golden_top.v Line: 74
    Warning (13410): Pin "DRAM_ADDR[0]" is stuck at GND File: /home/aluno/Downloads/PROJETO_NOVO_at-20260831T184838Z-1-001/PROJETO_NOVO_at/DE1_SOC_golden_top.v Line: 100
    Warning (13410): Pin "DRAM_ADDR[1]" is stuck at GND File: /home/aluno/Downloads/PROJETO_NOVO_at-20260831T184838Z-1-001/PROJETO_NOVO_at/DE1_SOC_golden_top.v Line: 100
    Warning (13410): Pin "DRAM_ADDR[2]" is stuck at GND File: /home/aluno/Downloads/PROJETO_NOVO_at-20260831T184838Z-1-001/PROJETO_NOVO_at/DE1_SOC_golden_top.v Line: 100
    Warning (13410): Pin "DRAM_ADDR[3]" is stuck at GND File: /home/aluno/Downloads/PROJETO_NOVO_at-20260831T184838Z-1-001/PROJETO_NOVO_at/DE1_SOC_golden_top.v Line: 100
    Warning (13410): Pin "DRAM_ADDR[4]" is stuck at GND File: /home/aluno/Downloads/PROJETO_NOVO_at-20260831T184838Z-1-001/PROJETO_NOVO_at/DE1_SOC_golden_top.v Line: 100
    Warning (13410): Pin "DRAM_ADDR[5]" is stuck at GND File: /home/aluno/Downloads/PROJETO_NOVO_at-20260831T184838Z-1-001/PROJETO_NOVO_at/DE1_SOC_golden_top.v Line: 100
    Warning (13410): Pin "DRAM_ADDR[6]" is stuck at GND File: /home/aluno/Downloads/PROJETO_NOVO_at-20260831T184838Z-1-001/PROJETO_NOVO_at/DE1_SOC_golden_top.v Line: 100
    Warning (13410): Pin "DRAM_ADDR[7]" is stuck at GND File: /home/aluno/Downloads/PROJETO_NOVO_at-20260831T184838Z-1-001/PROJETO_NOVO_at/DE1_SOC_golden_top.v Line: 100
    Warning (13410): Pin "DRAM_ADDR[8]" is stuck at GND File: /home/aluno/Downloads/PROJETO_NOVO_at-20260831T184838Z-1-001/PROJETO_NOVO_at/DE1_SOC_golden_top.v Line: 100
    Warning (13410): Pin "DRAM_ADDR[9]" is stuck at GND File: /home/aluno/Downloads/PROJETO_NOVO_at-20260831T184838Z-1-001/PROJETO_NOVO_at/DE1_SOC_golden_top.v Line: 100
    Warning (13410): Pin "DRAM_ADDR[10]" is stuck at GND File: /home/aluno/Downloads/PROJETO_NOVO_at-20260831T184838Z-1-001/PROJETO_NOVO_at/DE1_SOC_golden_top.v Line: 100
    Warning (13410): Pin "DRAM_ADDR[11]" is stuck at GND File: /home/aluno/Downloads/PROJETO_NOVO_at-20260831T184838Z-1-001/PROJETO_NOVO_at/DE1_SOC_golden_top.v Line: 100
    Warning (13410): Pin "DRAM_ADDR[12]" is stuck at GND File: /home/aluno/Downloads/PROJETO_NOVO_at-20260831T184838Z-1-001/PROJETO_NOVO_at/DE1_SOC_golden_top.v Line: 100
    Warning (13410): Pin "DRAM_BA[0]" is stuck at GND File: /home/aluno/Downloads/PROJETO_NOVO_at-20260831T184838Z-1-001/PROJETO_NOVO_at/DE1_SOC_golden_top.v Line: 101
    Warning (13410): Pin "DRAM_BA[1]" is stuck at GND File: /home/aluno/Downloads/PROJETO_NOVO_at-20260831T184838Z-1-001/PROJETO_NOVO_at/DE1_SOC_golden_top.v Line: 101
    Warning (13410): Pin "DRAM_CAS_N" is stuck at GND File: /home/aluno/Downloads/PROJETO_NOVO_at-20260831T184838Z-1-001/PROJETO_NOVO_at/DE1_SOC_golden_top.v Line: 102
    Warning (13410): Pin "DRAM_CKE" is stuck at GND File: /home/aluno/Downloads/PROJETO_NOVO_at-20260831T184838Z-1-001/PROJETO_NOVO_at/DE1_SOC_golden_top.v Line: 103
    Warning (13410): Pin "DRAM_CLK" is stuck at GND File: /home/aluno/Downloads/PROJETO_NOVO_at-20260831T184838Z-1-001/PROJETO_NOVO_at/DE1_SOC_golden_top.v Line: 104
    Warning (13410): Pin "DRAM_CS_N" is stuck at GND File: /home/aluno/Downloads/PROJETO_NOVO_at-20260831T184838Z-1-001/PROJETO_NOVO_at/DE1_SOC_golden_top.v Line: 105
    Warning (13410): Pin "DRAM_LDQM" is stuck at GND File: /home/aluno/Downloads/PROJETO_NOVO_at-20260831T184838Z-1-001/PROJETO_NOVO_at/DE1_SOC_golden_top.v Line: 107
    Warning (13410): Pin "DRAM_RAS_N" is stuck at GND File: /home/aluno/Downloads/PROJETO_NOVO_at-20260831T184838Z-1-001/PROJETO_NOVO_at/DE1_SOC_golden_top.v Line: 108
    Warning (13410): Pin "DRAM_UDQM" is stuck at GND File: /home/aluno/Downloads/PROJETO_NOVO_at-20260831T184838Z-1-001/PROJETO_NOVO_at/DE1_SOC_golden_top.v Line: 109
    Warning (13410): Pin "DRAM_WE_N" is stuck at GND File: /home/aluno/Downloads/PROJETO_NOVO_at-20260831T184838Z-1-001/PROJETO_NOVO_at/DE1_SOC_golden_top.v Line: 110
    Warning (13410): Pin "FAN_CTRL" is stuck at GND File: /home/aluno/Downloads/PROJETO_NOVO_at-20260831T184838Z-1-001/PROJETO_NOVO_at/DE1_SOC_golden_top.v Line: 115
    Warning (13410): Pin "FPGA_I2C_SCLK" is stuck at GND File: /home/aluno/Downloads/PROJETO_NOVO_at-20260831T184838Z-1-001/PROJETO_NOVO_at/DE1_SOC_golden_top.v Line: 120
    Warning (13410): Pin "HEX0[0]" is stuck at GND File: /home/aluno/Downloads/PROJETO_NOVO_at-20260831T184838Z-1-001/PROJETO_NOVO_at/DE1_SOC_golden_top.v Line: 133
    Warning (13410): Pin "HEX0[1]" is stuck at GND File: /home/aluno/Downloads/PROJETO_NOVO_at-20260831T184838Z-1-001/PROJETO_NOVO_at/DE1_SOC_golden_top.v Line: 133
    Warning (13410): Pin "HEX0[2]" is stuck at GND File: /home/aluno/Downloads/PROJETO_NOVO_at-20260831T184838Z-1-001/PROJETO_NOVO_at/DE1_SOC_golden_top.v Line: 133
    Warning (13410): Pin "HEX0[3]" is stuck at GND File: /home/aluno/Downloads/PROJETO_NOVO_at-20260831T184838Z-1-001/PROJETO_NOVO_at/DE1_SOC_golden_top.v Line: 133
    Warning (13410): Pin "HEX0[4]" is stuck at GND File: /home/aluno/Downloads/PROJETO_NOVO_at-20260831T184838Z-1-001/PROJETO_NOVO_at/DE1_SOC_golden_top.v Line: 133
    Warning (13410): Pin "HEX0[5]" is stuck at GND File: /home/aluno/Downloads/PROJETO_NOVO_at-20260831T184838Z-1-001/PROJETO_NOVO_at/DE1_SOC_golden_top.v Line: 133
    Warning (13410): Pin "HEX0[6]" is stuck at GND File: /home/aluno/Downloads/PROJETO_NOVO_at-20260831T184838Z-1-001/PROJETO_NOVO_at/DE1_SOC_golden_top.v Line: 133
    Warning (13410): Pin "HEX1[0]" is stuck at GND File: /home/aluno/Downloads/PROJETO_NOVO_at-20260831T184838Z-1-001/PROJETO_NOVO_at/DE1_SOC_golden_top.v Line: 134
    Warning (13410): Pin "HEX1[1]" is stuck at GND File: /home/aluno/Downloads/PROJETO_NOVO_at-20260831T184838Z-1-001/PROJETO_NOVO_at/DE1_SOC_golden_top.v Line: 134
    Warning (13410): Pin "HEX1[2]" is stuck at GND File: /home/aluno/Downloads/PROJETO_NOVO_at-20260831T184838Z-1-001/PROJETO_NOVO_at/DE1_SOC_golden_top.v Line: 134
    Warning (13410): Pin "HEX1[3]" is stuck at GND File: /home/aluno/Downloads/PROJETO_NOVO_at-20260831T184838Z-1-001/PROJETO_NOVO_at/DE1_SOC_golden_top.v Line: 134
    Warning (13410): Pin "HEX1[4]" is stuck at GND File: /home/aluno/Downloads/PROJETO_NOVO_at-20260831T184838Z-1-001/PROJETO_NOVO_at/DE1_SOC_golden_top.v Line: 134
    Warning (13410): Pin "HEX1[5]" is stuck at GND File: /home/aluno/Downloads/PROJETO_NOVO_at-20260831T184838Z-1-001/PROJETO_NOVO_at/DE1_SOC_golden_top.v Line: 134
    Warning (13410): Pin "HEX1[6]" is stuck at GND File: /home/aluno/Downloads/PROJETO_NOVO_at-20260831T184838Z-1-001/PROJETO_NOVO_at/DE1_SOC_golden_top.v Line: 134
    Warning (13410): Pin "HEX2[0]" is stuck at GND File: /home/aluno/Downloads/PROJETO_NOVO_at-20260831T184838Z-1-001/PROJETO_NOVO_at/DE1_SOC_golden_top.v Line: 135
    Warning (13410): Pin "HEX2[1]" is stuck at GND File: /home/aluno/Downloads/PROJETO_NOVO_at-20260831T184838Z-1-001/PROJETO_NOVO_at/DE1_SOC_golden_top.v Line: 135
    Warning (13410): Pin "HEX2[2]" is stuck at GND File: /home/aluno/Downloads/PROJETO_NOVO_at-20260831T184838Z-1-001/PROJETO_NOVO_at/DE1_SOC_golden_top.v Line: 135
    Warning (13410): Pin "HEX2[3]" is stuck at GND File: /home/aluno/Downloads/PROJETO_NOVO_at-20260831T184838Z-1-001/PROJETO_NOVO_at/DE1_SOC_golden_top.v Line: 135
    Warning (13410): Pin "HEX2[4]" is stuck at GND File: /home/aluno/Downloads/PROJETO_NOVO_at-20260831T184838Z-1-001/PROJETO_NOVO_at/DE1_SOC_golden_top.v Line: 135
    Warning (13410): Pin "HEX2[5]" is stuck at GND File: /home/aluno/Downloads/PROJETO_NOVO_at-20260831T184838Z-1-001/PROJETO_NOVO_at/DE1_SOC_golden_top.v Line: 135
    Warning (13410): Pin "HEX2[6]" is stuck at GND File: /home/aluno/Downloads/PROJETO_NOVO_at-20260831T184838Z-1-001/PROJETO_NOVO_at/DE1_SOC_golden_top.v Line: 135
    Warning (13410): Pin "HEX3[0]" is stuck at GND File: /home/aluno/Downloads/PROJETO_NOVO_at-20260831T184838Z-1-001/PROJETO_NOVO_at/DE1_SOC_golden_top.v Line: 136
    Warning (13410): Pin "HEX3[1]" is stuck at GND File: /home/aluno/Downloads/PROJETO_NOVO_at-20260831T184838Z-1-001/PROJETO_NOVO_at/DE1_SOC_golden_top.v Line: 136
    Warning (13410): Pin "HEX3[2]" is stuck at GND File: /home/aluno/Downloads/PROJETO_NOVO_at-20260831T184838Z-1-001/PROJETO_NOVO_at/DE1_SOC_golden_top.v Line: 136
    Warning (13410): Pin "HEX3[3]" is stuck at GND File: /home/aluno/Downloads/PROJETO_NOVO_at-20260831T184838Z-1-001/PROJETO_NOVO_at/DE1_SOC_golden_top.v Line: 136
    Warning (13410): Pin "HEX3[4]" is stuck at GND File: /home/aluno/Downloads/PROJETO_NOVO_at-20260831T184838Z-1-001/PROJETO_NOVO_at/DE1_SOC_golden_top.v Line: 136
    Warning (13410): Pin "HEX3[5]" is stuck at GND File: /home/aluno/Downloads/PROJETO_NOVO_at-20260831T184838Z-1-001/PROJETO_NOVO_at/DE1_SOC_golden_top.v Line: 136
    Warning (13410): Pin "HEX3[6]" is stuck at GND File: /home/aluno/Downloads/PROJETO_NOVO_at-20260831T184838Z-1-001/PROJETO_NOVO_at/DE1_SOC_golden_top.v Line: 136
    Warning (13410): Pin "HEX4[0]" is stuck at GND File: /home/aluno/Downloads/PROJETO_NOVO_at-20260831T184838Z-1-001/PROJETO_NOVO_at/DE1_SOC_golden_top.v Line: 137
    Warning (13410): Pin "HEX4[1]" is stuck at GND File: /home/aluno/Downloads/PROJETO_NOVO_at-20260831T184838Z-1-001/PROJETO_NOVO_at/DE1_SOC_golden_top.v Line: 137
    Warning (13410): Pin "HEX4[2]" is stuck at GND File: /home/aluno/Downloads/PROJETO_NOVO_at-20260831T184838Z-1-001/PROJETO_NOVO_at/DE1_SOC_golden_top.v Line: 137
    Warning (13410): Pin "HEX4[3]" is stuck at GND File: /home/aluno/Downloads/PROJETO_NOVO_at-20260831T184838Z-1-001/PROJETO_NOVO_at/DE1_SOC_golden_top.v Line: 137
    Warning (13410): Pin "HEX4[4]" is stuck at GND File: /home/aluno/Downloads/PROJETO_NOVO_at-20260831T184838Z-1-001/PROJETO_NOVO_at/DE1_SOC_golden_top.v Line: 137
    Warning (13410): Pin "HEX4[5]" is stuck at GND File: /home/aluno/Downloads/PROJETO_NOVO_at-20260831T184838Z-1-001/PROJETO_NOVO_at/DE1_SOC_golden_top.v Line: 137
    Warning (13410): Pin "HEX4[6]" is stuck at GND File: /home/aluno/Downloads/PROJETO_NOVO_at-20260831T184838Z-1-001/PROJETO_NOVO_at/DE1_SOC_golden_top.v Line: 137
    Warning (13410): Pin "HEX5[0]" is stuck at GND File: /home/aluno/Downloads/PROJETO_NOVO_at-20260831T184838Z-1-001/PROJETO_NOVO_at/DE1_SOC_golden_top.v Line: 138
    Warning (13410): Pin "HEX5[1]" is stuck at GND File: /home/aluno/Downloads/PROJETO_NOVO_at-20260831T184838Z-1-001/PROJETO_NOVO_at/DE1_SOC_golden_top.v Line: 138
    Warning (13410): Pin "HEX5[2]" is stuck at GND File: /home/aluno/Downloads/PROJETO_NOVO_at-20260831T184838Z-1-001/PROJETO_NOVO_at/DE1_SOC_golden_top.v Line: 138
    Warning (13410): Pin "HEX5[3]" is stuck at GND File: /home/aluno/Downloads/PROJETO_NOVO_at-20260831T184838Z-1-001/PROJETO_NOVO_at/DE1_SOC_golden_top.v Line: 138
    Warning (13410): Pin "HEX5[4]" is stuck at GND File: /home/aluno/Downloads/PROJETO_NOVO_at-20260831T184838Z-1-001/PROJETO_NOVO_at/DE1_SOC_golden_top.v Line: 138
    Warning (13410): Pin "HEX5[5]" is stuck at GND File: /home/aluno/Downloads/PROJETO_NOVO_at-20260831T184838Z-1-001/PROJETO_NOVO_at/DE1_SOC_golden_top.v Line: 138
    Warning (13410): Pin "HEX5[6]" is stuck at GND File: /home/aluno/Downloads/PROJETO_NOVO_at-20260831T184838Z-1-001/PROJETO_NOVO_at/DE1_SOC_golden_top.v Line: 138
    Warning (13410): Pin "IRDA_TXD" is stuck at GND File: /home/aluno/Downloads/PROJETO_NOVO_at-20260831T184838Z-1-001/PROJETO_NOVO_at/DE1_SOC_golden_top.v Line: 200
    Warning (13410): Pin "LEDR[0]" is stuck at GND File: /home/aluno/Downloads/PROJETO_NOVO_at-20260831T184838Z-1-001/PROJETO_NOVO_at/DE1_SOC_golden_top.v Line: 210
    Warning (13410): Pin "LEDR[1]" is stuck at GND File: /home/aluno/Downloads/PROJETO_NOVO_at-20260831T184838Z-1-001/PROJETO_NOVO_at/DE1_SOC_golden_top.v Line: 210
    Warning (13410): Pin "LEDR[2]" is stuck at GND File: /home/aluno/Downloads/PROJETO_NOVO_at-20260831T184838Z-1-001/PROJETO_NOVO_at/DE1_SOC_golden_top.v Line: 210
    Warning (13410): Pin "LEDR[3]" is stuck at GND File: /home/aluno/Downloads/PROJETO_NOVO_at-20260831T184838Z-1-001/PROJETO_NOVO_at/DE1_SOC_golden_top.v Line: 210
    Warning (13410): Pin "LEDR[4]" is stuck at GND File: /home/aluno/Downloads/PROJETO_NOVO_at-20260831T184838Z-1-001/PROJETO_NOVO_at/DE1_SOC_golden_top.v Line: 210
    Warning (13410): Pin "LEDR[5]" is stuck at GND File: /home/aluno/Downloads/PROJETO_NOVO_at-20260831T184838Z-1-001/PROJETO_NOVO_at/DE1_SOC_golden_top.v Line: 210
    Warning (13410): Pin "LEDR[6]" is stuck at GND File: /home/aluno/Downloads/PROJETO_NOVO_at-20260831T184838Z-1-001/PROJETO_NOVO_at/DE1_SOC_golden_top.v Line: 210
    Warning (13410): Pin "LEDR[7]" is stuck at GND File: /home/aluno/Downloads/PROJETO_NOVO_at-20260831T184838Z-1-001/PROJETO_NOVO_at/DE1_SOC_golden_top.v Line: 210
    Warning (13410): Pin "LEDR[8]" is stuck at GND File: /home/aluno/Downloads/PROJETO_NOVO_at-20260831T184838Z-1-001/PROJETO_NOVO_at/DE1_SOC_golden_top.v Line: 210
    Warning (13410): Pin "LEDR[9]" is stuck at GND File: /home/aluno/Downloads/PROJETO_NOVO_at-20260831T184838Z-1-001/PROJETO_NOVO_at/DE1_SOC_golden_top.v Line: 210
    Warning (13410): Pin "TD_RESET_N" is stuck at GND File: /home/aluno/Downloads/PROJETO_NOVO_at-20260831T184838Z-1-001/PROJETO_NOVO_at/DE1_SOC_golden_top.v Line: 231
    Warning (13410): Pin "VGA_B[0]" is stuck at GND File: /home/aluno/Downloads/PROJETO_NOVO_at-20260831T184838Z-1-001/PROJETO_NOVO_at/DE1_SOC_golden_top.v Line: 237
    Warning (13410): Pin "VGA_B[1]" is stuck at GND File: /home/aluno/Downloads/PROJETO_NOVO_at-20260831T184838Z-1-001/PROJETO_NOVO_at/DE1_SOC_golden_top.v Line: 237
    Warning (13410): Pin "VGA_B[2]" is stuck at GND File: /home/aluno/Downloads/PROJETO_NOVO_at-20260831T184838Z-1-001/PROJETO_NOVO_at/DE1_SOC_golden_top.v Line: 237
    Warning (13410): Pin "VGA_B[3]" is stuck at GND File: /home/aluno/Downloads/PROJETO_NOVO_at-20260831T184838Z-1-001/PROJETO_NOVO_at/DE1_SOC_golden_top.v Line: 237
    Warning (13410): Pin "VGA_B[4]" is stuck at GND File: /home/aluno/Downloads/PROJETO_NOVO_at-20260831T184838Z-1-001/PROJETO_NOVO_at/DE1_SOC_golden_top.v Line: 237
    Warning (13410): Pin "VGA_B[5]" is stuck at GND File: /home/aluno/Downloads/PROJETO_NOVO_at-20260831T184838Z-1-001/PROJETO_NOVO_at/DE1_SOC_golden_top.v Line: 237
    Warning (13410): Pin "VGA_G[0]" is stuck at GND File: /home/aluno/Downloads/PROJETO_NOVO_at-20260831T184838Z-1-001/PROJETO_NOVO_at/DE1_SOC_golden_top.v Line: 240
    Warning (13410): Pin "VGA_G[1]" is stuck at GND File: /home/aluno/Downloads/PROJETO_NOVO_at-20260831T184838Z-1-001/PROJETO_NOVO_at/DE1_SOC_golden_top.v Line: 240
    Warning (13410): Pin "VGA_G[2]" is stuck at GND File: /home/aluno/Downloads/PROJETO_NOVO_at-20260831T184838Z-1-001/PROJETO_NOVO_at/DE1_SOC_golden_top.v Line: 240
    Warning (13410): Pin "VGA_G[3]" is stuck at GND File: /home/aluno/Downloads/PROJETO_NOVO_at-20260831T184838Z-1-001/PROJETO_NOVO_at/DE1_SOC_golden_top.v Line: 240
    Warning (13410): Pin "VGA_G[4]" is stuck at GND File: /home/aluno/Downloads/PROJETO_NOVO_at-20260831T184838Z-1-001/PROJETO_NOVO_at/DE1_SOC_golden_top.v Line: 240
    Warning (13410): Pin "VGA_R[0]" is stuck at GND File: /home/aluno/Downloads/PROJETO_NOVO_at-20260831T184838Z-1-001/PROJETO_NOVO_at/DE1_SOC_golden_top.v Line: 242
    Warning (13410): Pin "VGA_R[1]" is stuck at GND File: /home/aluno/Downloads/PROJETO_NOVO_at-20260831T184838Z-1-001/PROJETO_NOVO_at/DE1_SOC_golden_top.v Line: 242
    Warning (13410): Pin "VGA_R[2]" is stuck at GND File: /home/aluno/Downloads/PROJETO_NOVO_at-20260831T184838Z-1-001/PROJETO_NOVO_at/DE1_SOC_golden_top.v Line: 242
    Warning (13410): Pin "VGA_R[3]" is stuck at GND File: /home/aluno/Downloads/PROJETO_NOVO_at-20260831T184838Z-1-001/PROJETO_NOVO_at/DE1_SOC_golden_top.v Line: 242
    Warning (13410): Pin "VGA_R[4]" is stuck at GND File: /home/aluno/Downloads/PROJETO_NOVO_at-20260831T184838Z-1-001/PROJETO_NOVO_at/DE1_SOC_golden_top.v Line: 242
    Warning (13410): Pin "VGA_SYNC_N" is stuck at GND File: /home/aluno/Downloads/PROJETO_NOVO_at-20260831T184838Z-1-001/PROJETO_NOVO_at/DE1_SOC_golden_top.v Line: 243
Info (286030): Timing-Driven Synthesis is running
Info (17049): 16 registers lost all their fanouts during netlist optimizations.
Info (16010): Generating hard_block partition "hard_block:auto_generated_inst"
    Info (16011): Adding 3 node(s), including 0 DDIO, 1 PLL, 0 transceiver and 0 LCELL
Warning: RST port on the PLL is not properly connected on instance CLOCK_100MGH:comb_4|CLOCK_100MGH_0002:clock_100mgh_inst|altera_pll:altera_pll_i|general[0].gpll. The reset port on the PLL should be connected. If the PLL loses lock for any reason, you might need to manually reset the PLL in order to re-establish lock to the reference clock. File: /opt/intelFPGA_lite/25.1/quartus/libraries/megafunctions/altera_pll.v Line: 749
    Info: Must be connected
Warning (21074): Design contains 22 input pin(s) that do not drive logic
    Warning (15610): No output dependent on input pin "ADC_DOUT" File: /home/aluno/Downloads/PROJETO_NOVO_at-20260831T184838Z-1-001/PROJETO_NOVO_at/DE1_SOC_golden_top.v Line: 61
    Warning (15610): No output dependent on input pin "AUD_ADCDAT" File: /home/aluno/Downloads/PROJETO_NOVO_at-20260831T184838Z-1-001/PROJETO_NOVO_at/DE1_SOC_golden_top.v Line: 69
    Warning (15610): No output dependent on input pin "CLOCK2_50" File: /home/aluno/Downloads/PROJETO_NOVO_at-20260831T184838Z-1-001/PROJETO_NOVO_at/DE1_SOC_golden_top.v Line: 80
    Warning (15610): No output dependent on input pin "CLOCK3_50" File: /home/aluno/Downloads/PROJETO_NOVO_at-20260831T184838Z-1-001/PROJETO_NOVO_at/DE1_SOC_golden_top.v Line: 85
    Warning (15610): No output dependent on input pin "CLOCK4_50" File: /home/aluno/Downloads/PROJETO_NOVO_at-20260831T184838Z-1-001/PROJETO_NOVO_at/DE1_SOC_golden_top.v Line: 90
    Warning (15610): No output dependent on input pin "IRDA_RXD" File: /home/aluno/Downloads/PROJETO_NOVO_at-20260831T184838Z-1-001/PROJETO_NOVO_at/DE1_SOC_golden_top.v Line: 199
    Warning (15610): No output dependent on input pin "KEY[0]" File: /home/aluno/Downloads/PROJETO_NOVO_at-20260831T184838Z-1-001/PROJETO_NOVO_at/DE1_SOC_golden_top.v Line: 205
    Warning (15610): No output dependent on input pin "KEY[1]" File: /home/aluno/Downloads/PROJETO_NOVO_at-20260831T184838Z-1-001/PROJETO_NOVO_at/DE1_SOC_golden_top.v Line: 205
    Warning (15610): No output dependent on input pin "KEY[2]" File: /home/aluno/Downloads/PROJETO_NOVO_at-20260831T184838Z-1-001/PROJETO_NOVO_at/DE1_SOC_golden_top.v Line: 205
    Warning (15610): No output dependent on input pin "KEY[3]" File: /home/aluno/Downloads/PROJETO_NOVO_at-20260831T184838Z-1-001/PROJETO_NOVO_at/DE1_SOC_golden_top.v Line: 205
    Warning (15610): No output dependent on input pin "SW[7]" File: /home/aluno/Downloads/PROJETO_NOVO_at-20260831T184838Z-1-001/PROJETO_NOVO_at/DE1_SOC_golden_top.v Line: 223
    Warning (15610): No output dependent on input pin "TD_CLK27" File: /home/aluno/Downloads/PROJETO_NOVO_at-20260831T184838Z-1-001/PROJETO_NOVO_at/DE1_SOC_golden_top.v Line: 228
    Warning (15610): No output dependent on input pin "TD_DATA[0]" File: /home/aluno/Downloads/PROJETO_NOVO_at-20260831T184838Z-1-001/PROJETO_NOVO_at/DE1_SOC_golden_top.v Line: 229
    Warning (15610): No output dependent on input pin "TD_DATA[1]" File: /home/aluno/Downloads/PROJETO_NOVO_at-20260831T184838Z-1-001/PROJETO_NOVO_at/DE1_SOC_golden_top.v Line: 229
    Warning (15610): No output dependent on input pin "TD_DATA[2]" File: /home/aluno/Downloads/PROJETO_NOVO_at-20260831T184838Z-1-001/PROJETO_NOVO_at/DE1_SOC_golden_top.v Line: 229
    Warning (15610): No output dependent on input pin "TD_DATA[3]" File: /home/aluno/Downloads/PROJETO_NOVO_at-20260831T184838Z-1-001/PROJETO_NOVO_at/DE1_SOC_golden_top.v Line: 229
    Warning (15610): No output dependent on input pin "TD_DATA[4]" File: /home/aluno/Downloads/PROJETO_NOVO_at-20260831T184838Z-1-001/PROJETO_NOVO_at/DE1_SOC_golden_top.v Line: 229
    Warning (15610): No output dependent on input pin "TD_DATA[5]" File: /home/aluno/Downloads/PROJETO_NOVO_at-20260831T184838Z-1-001/PROJETO_NOVO_at/DE1_SOC_golden_top.v Line: 229
    Warning (15610): No output dependent on input pin "TD_DATA[6]" File: /home/aluno/Downloads/PROJETO_NOVO_at-20260831T184838Z-1-001/PROJETO_NOVO_at/DE1_SOC_golden_top.v Line: 229
    Warning (15610): No output dependent on input pin "TD_DATA[7]" File: /home/aluno/Downloads/PROJETO_NOVO_at-20260831T184838Z-1-001/PROJETO_NOVO_at/DE1_SOC_golden_top.v Line: 229
    Warning (15610): No output dependent on input pin "TD_HS" File: /home/aluno/Downloads/PROJETO_NOVO_at-20260831T184838Z-1-001/PROJETO_NOVO_at/DE1_SOC_golden_top.v Line: 230
    Warning (15610): No output dependent on input pin "TD_VS" File: /home/aluno/Downloads/PROJETO_NOVO_at-20260831T184838Z-1-001/PROJETO_NOVO_at/DE1_SOC_golden_top.v Line: 232
Info (21057): Implemented 936 device resources after synthesis - the final resource count might be different
    Info (21058): Implemented 32 input pins
    Info (21059): Implemented 113 output pins
    Info (21060): Implemented 96 bidirectional pins
    Info (21061): Implemented 614 logic cells
    Info (21064): Implemented 80 RAM segments
    Info (21065): Implemented 1 PLLs
Info: Quartus Prime Analysis & Synthesis was successful. 0 errors, 272 warnings
    Info: Peak virtual memory: 592 megabytes
    Info: Processing ended: Mon Aug 31 17:11:41 2026
    Info: Elapsed time: 00:00:06
    Info: Total CPU time (on all processors): 00:00:15


